,ftype,K,d,c1,c2,c3,c4,e11,e12,e21,e22,e31,e32,e41,e42,a1,lb1,ub1,lb2,ub2,rms_err,max_err
0,MA,4,2,0.0525878296922,1.29963102144,2.61373442199,1.89699268728,-0.355195609807,1.4157792428,0.557023575006,12.7960587533,1.20626975257,1.65169920631,0.857616558353,4.42210971549,1,0.0647735774818,0.261073157391,0.75,0.99,0.0482744291175,0.151726850106
