,ftype,K,d,c1,c2,c3,c4,c5,e11,e12,e21,e22,e31,e32,e41,e42,e51,e52,a1,lb1,ub1,lb2,ub2,rms_err,max_err
0,SMA,5,2,1.3288175881,0.00014533419696,3.4578246586e-07,3.09016242075,11.2196261897,2.6488252233,11.0926109317,-1.57015452362,1.90600450859,-3.69245729207,33.3247999094,3.14608287806,57.366814659,4.5426979681,2.6147403916,2.94563778628,0.0647735774818,0.261073157391,0.75,0.99,0.0211427918614,0.0578415007215
