,ftype,K,d,c1,c2,c3,c4,c5,e11,e12,e21,e22,e31,e32,e41,e42,e51,e52,a1,lb1,ub1,lb2,ub2,rms_err,max_err
0,SMA,5,2,1.15360319743e+24,1.36428029238e+21,1.19674958068e-62,3.12883805263e+17,6.35824589519e-21,57.5674707167,48.3219924565,48.5491650353,138.506123417,-25.7067519221,51.4802229918,35.0400097708,1359.56924346,5.02319990809,298.015891272,37.2335514258,0.0647735774818,0.261073157391,0.75,0.99,0.0487214598535,0.142760921511
