,ftype,K,d,c1,c2,c3,c4,c5,e11,e12,e21,e22,e31,e32,e41,e42,e51,e52,a1,lb1,ub1,lb2,ub2,rms_err,max_err
0,MA,5,2,0.884451572526,0.169340603206,1.32290336789,1.40449777535,1.50980027111,0.332946385194,8.32485171457,0.0674273116163,1.38317720029,0.63714398692,4.10013066136,0.724041123197,3.08906210852,0.892675325827,1.94564861534,1,0.0647735774818,0.231513137534,0.75,0.99,0.0491223141341,0.129966914188
