,ftype,K,d,c1,c2,c3,c4,c5,e11,e12,e21,e22,e31,e32,e41,e42,e51,e52,a1,lb1,ub1,lb2,ub2,rms_err,max_err
0,SMA,5,2,1.53394445749e-12,274.29506963,0.610701090433,6.29258520776e-07,0.0922002078695,-7.81592331817,6.51604634389,2.58612334647,795.240710786,3.41678022519,28.2490236209,-3.06908551476,20.9876599081,3.20422792617,9.11768096868,5.5538874658,0.0647735774818,0.261073157391,0.75,0.99,0.0279785282537,0.0801121360466
