,ftype,K,d,c1,c2,c3,c4,c5,e11,e12,e21,e22,e31,e32,e41,e42,e51,e52,a1,lb1,ub1,lb2,ub2,rms_err,max_err
0,SMA,5,2,0.00118535453743,7.13505953744e-05,0.016240700848,2.15481796468e-19,0.210680187189,3.3267249975,24.6158388795,4.62805605758,7.36936652238,3.88937017367,51.6581145962,-12.0783382121,15.2023461716,4.30377855495,231.685131898,10.2106723039,0.0647735774818,0.261073157391,0.75,0.99,0.0265619732432,0.0754364772403
