,ftype,K,d,c1,c2,c3,c4,c5,e11,e12,e21,e22,e31,e32,e41,e42,e51,e52,a1,lb1,ub1,lb2,ub2,rms_err,max_err
0,SMA,5,2,0.000400391597293,9.78359935365e-09,1.33552689044e-41,2.4353371679e-61,6.13840917892e-09,177.04649758,11.8897503719,78.7448344003,9.08920821976,74.2403259429,-24.247668315,35.404657943,-40.1899878752,48.268061759,12.5679539564,29.2530857492,0.0647735774818,0.261073157391,0.75,0.99,0.0238918498972,0.0793198266458
