,ftype,K,d,c1,c2,c3,c4,c5,e11,e12,e21,e22,e31,e32,e41,e42,e51,e52,a1,lb1,ub1,lb2,ub2,rms_err,max_err
0,MA,5,2,1.29752916372,3.47816425472,3.90189735334,0.0354183486483,0.90282275344,4.3139396715,0.845146414688,1.4469265748,1.50251548162,4.67117920436,1.43399983705,1.3252920207,-0.640258922171,1.36516315093,0.768655803939,1,0.0647735774818,0.261073157391,0.75,0.99,0.0235802132702,0.0818815602148
