,ftype,K,d,c1,c2,c3,c4,e11,e12,e21,e22,e31,e32,e41,e42,a1,lb1,ub1,lb2,ub2,rms_err,max_err
0,SMA,4,2,21167.1859643,46593874241.4,1.25944203679e-30,156322285.109,14.3367595607,209.382046999,27.6072006977,27.0029588193,-11.2546800199,29.3532656513,21.2349944553,76.4104722924,19.6212148529,0.0647735774818,0.261073157391,0.75,0.99,0.0479626533291,0.150959080626
