,ftype,K,d,c1,c2,c3,c4,e11,e12,e21,e22,e31,e32,e41,e42,a1,lb1,ub1,lb2,ub2,rms_err,max_err
0,MA,4,2,0.375911557902,0.468106369286,0.452994757685,0.442057674465,1.99563500206,0.289295955627,30.8415016002,-0.0474435172395,3.38491281108,0.203243093146,4.89252148171,0.101387823399,1,0.0647735774818,0.226015552419,0.75,0.99,0.0484167061241,0.140152043696
