,ftype,K,d,c1,c2,c3,c4,c5,e11,e12,e21,e22,e31,e32,e41,e42,e51,e52,a1,lb1,ub1,lb2,ub2,rms_err,max_err
0,MA,5,2,1.19093562401,2.14534285275,1.74504980182,0.0561898843145,1.55304541363,0.451288514096,18.8675838835,1.1110946378,1.57750238309,0.854446448135,3.21931528399,-0.314418108579,1.21301544045,0.715960693804,5.29799984093,1,0.0647735774818,0.254873630576,0.75,0.99,0.0480834536263,0.132314707092
