,ftype,K,d,c1,c2,c3,c4,c5,e11,e12,e21,e22,e31,e32,e41,e42,e51,e52,a1,lb1,ub1,lb2,ub2,rms_err,max_err
0,MA,5,2,0.709425738731,0.439533348822,0.684592908701,0.611845690621,0.535235510761,0.418373165033,3.0509301123,0.206743960727,3.60986821499,0.333320500717,3.90935195982,0.155670834,7.55507606514,0.294163247563,3.32018934265,1,0.0647735774818,0.226015552419,0.75,0.99,0.0491659580778,0.126010430678
