,ftype,K,d,c1,c2,c3,c4,e11,e12,e21,e22,e31,e32,e41,e42,a1,lb1,ub1,lb2,ub2,rms_err,max_err
0,MA,4,2,0.016046979938,0.0360300175987,4.02039322423,4.58200414946,-0.826755257737,1.10870863305,-0.586438009222,3.98835061862,1.51403722504,1.29279381387,1.46277519142,4.57711895038,1,0.0647735774818,0.261073157391,0.75,0.99,0.0298177762643,0.0901666142434
