,ftype,K,d,c1,c2,c3,c4,e11,e12,e21,e22,e31,e32,e41,e42,a1,lb1,ub1,lb2,ub2,rms_err,max_err
0,SMA,4,2,222172.489158,1.14740275172e-34,4.73586496063e+12,12906411305.9,16.9240309673,233.120883009,-13.05848003,34.0734454559,31.9214830887,30.1062276211,25.1168247139,85.7240779458,22.0502365293,0.0647735774818,0.261073157391,0.75,0.99,0.0483549805195,0.149268665626
