,ftype,K,d,c1,c2,c3,c4,c5,e11,e12,e21,e22,e31,e32,e41,e42,e51,e52,a1,lb1,ub1,lb2,ub2,rms_err,max_err
0,SMA,5,2,1.32884459335,11.2192017748,3.09002703363,3.45742156196e-07,0.0001453495872,11.0927938649,2.64880104543,2.61470657644,4.54263069075,57.369234789,3.14604057954,33.3250176548,-3.69251537777,1.90598086058,-1.57013835139,2.94559821343,0.0647735774818,0.261073157391,0.75,0.99,0.0211427918147,0.0578419271813
