,ftype,K,d,c1,c2,c3,c4,c5,e11,e12,e21,e22,e31,e32,e41,e42,e51,e52,a1,lb1,ub1,lb2,ub2,rms_err,max_err
0,MA,5,2,1.52867502397,0.0259786079132,0.167022162989,3.06099195643,2.10557489602,11.2426888189,0.661927413459,1.13470388956,-0.59223622241,2.09657745091,0.0450506771484,1.64553122265,1.29490732029,4.49090407424,0.927686752574,1,0.0647735774818,0.261073157391,0.75,0.99,0.047685899473,0.155329292696
