,ftype,K,d,c1,c2,c3,c4,c5,e11,e12,e21,e22,e31,e32,e41,e42,e51,e52,a1,lb1,ub1,lb2,ub2,rms_err,max_err
0,MA,5,2,1.90570257923,2.78233149757,1.4164793761,0.0476153190908,2.31268636308,0.85214246743,5.18595912683,1.26719213302,1.4729089763,0.610981046235,11.9248025327,-0.388692503862,1.37964904756,1.0338507005,3.0465407389,1,0.0647735774818,0.261073157391,0.75,0.99,0.0467400658194,0.150633515341
