,ftype,K,d,c1,c2,c3,c4,c5,e11,e12,e21,e22,e31,e32,e41,e42,e51,e52,a1,lb1,ub1,lb2,ub2,rms_err,max_err
0,SMA,5,2,3.42498400552e-05,2.23476968758e-21,7.07260483682e-26,0.200875700161,0.134814616289,7.75621505762,47.5227179572,-7.44759476143,13.4442799595,-12.7348652144,67.038256208,10.7459191074,136.000768409,16.6539305493,19.9636982032,18.7732293358,0.0647735774818,0.261073157391,0.75,0.99,0.0202693990693,0.0537603824471
