,ftype,K,d,c1,c2,c3,c4,c5,e11,e12,e21,e22,e31,e32,e41,e42,e51,e52,a1,lb1,ub1,lb2,ub2,rms_err,max_err
0,MA,5,2,3.91052680569,3.48004083744,0.641882585843,0.0389781505016,1.04429840544,1.45013313594,4.72829914188,1.51821024758,1.49512093662,0.598490818702,1.36642700087,-0.618681695337,1.29110441176,0.733782122263,4.3644068587,1,0.0647735774818,0.261073157391,0.75,0.99,0.0238033308102,0.0803113693144
