,ftype,K,d,c1,c2,c3,e11,e12,e21,e22,e31,e32,a1,lb1,ub1,lb2,ub2,rms_err,max_err
0,SMA,3,2,7.61770657698e-09,6.0629949821e-08,2.17906082105e-06,-0.167974058768,12.1469976406,-2.01550358439,36.1191447317,-1.53232881862,110.596667908,9.33195022825,0.0647735774818,0.215408924417,0.75,0.99,0.0499226693895,0.13804007632
