,ftype,K,d,c1,c2,c3,c4,c5,e11,e12,e21,e22,e31,e32,e41,e42,e51,e52,a1,lb1,ub1,lb2,ub2,rms_err,max_err
0,MA,5,2,0.0189483738996,4.57141506429,3.90963565402,0.0404412692937,3.46844545326,-0.762395894373,1.11723537954,1.50519742723,2.68774014535,1.51482829627,1.17312231139,-0.540828223164,3.97168681855,1.31198752039,5.95570843056,1,0.0647735774818,0.261073157391,0.75,0.99,0.0333253004751,0.108728120638
