,ftype,K,d,c1,c2,c3,c4,c5,e11,e12,e21,e22,e31,e32,e41,e42,e51,e52,a1,lb1,ub1,lb2,ub2,rms_err,max_err
0,SMA,5,2,8.25632308858e-56,5.886617494e-18,4.41607149543e-87,1.7475285442e-06,0.000138223982049,-33.0752274597,120.182222659,5.97029536529,108.14469387,-58.5310405458,56.6038000262,22.253570279,84.5535757774,17.3673413928,246.770314859,40.0608596342,0.0647735774818,0.261073157391,0.75,0.99,0.0267709833044,0.0896554730855
