,ftype,K,d,c1,c2,c3,c4,c5,e11,e12,e21,e22,e31,e32,e41,e42,e51,e52,a1,lb1,ub1,lb2,ub2,rms_err,max_err
0,MA,5,2,0.624658181005,0.4248257711,0.482418082448,0.406054028897,0.51383495566,0.422157938238,3.30789244353,-0.00454892519025,9.90999295984,0.101595252239,6.23858401045,0.339858879335,1.85799724705,0.227433378542,3.64712332733,1,0.0647735774818,0.226015552419,0.75,0.99,0.048386781677,0.130162865461
