,ftype,K,d,c1,c2,c3,c4,c5,e11,e12,e21,e22,e31,e32,e41,e42,e51,e52,a1,lb1,ub1,lb2,ub2,rms_err,max_err
0,MA,5,2,1.69507292789,1.43186777837,0.933578476714,0.0762122356435,2.47099837741,2.08582119976,0.924919820863,3.49129170362,0.708377335139,8.46433018536,0.36036831166,1.04951111142,-0.196898535474,2.35171422529,1.22626139973,1,0.0647735774818,0.231513137534,0.75,0.99,0.049768625584,0.126172725106
