,ftype,K,d,c1,c2,c3,c4,e11,e12,e21,e22,e31,e32,e41,e42,a1,lb1,ub1,lb2,ub2,rms_err,max_err
0,SMA,4,2,1.19012476674,0.00117638048,3.3493468184,0.366793336734,4.65888365798,-6.38999496434,-1.37066638504,1.38081417338,2.43290432537,4.78011545464,1.30068786478,38.7369939591,1.99036089006,0.0647735774818,0.261073157391,0.75,0.99,0.0228229204081,0.065926379559
