,ftype,K,d,c1,c2,c3,c4,c5,e11,e12,e21,e22,e31,e32,e41,e42,e51,e52,a1,lb1,ub1,lb2,ub2,rms_err,max_err
0,MA,5,2,0.0369595006596,1.75778507054,1.43742888073,1.04148598664,2.03362463151,-0.469699814767,1.121168415,0.874404537711,2.78581014029,0.661849885913,5.10978137702,0.396456032068,14.1134910878,1.0879106272,1.56512081206,1,0.0647735774818,0.237144445492,0.75,0.99,0.0477665675826,0.129390499427
