,ftype,K,d,c1,c2,c3,c4,c5,e11,e12,e21,e22,e31,e32,e41,e42,e51,e52,a1,lb1,ub1,lb2,ub2,rms_err,max_err
0,MA,5,2,0.059517757159,1.14975466209,1.36439913389,0.0771685123667,0.240151713049,-0.489505438002,0.767482273191,0.740760300056,5.31165719172,1.01679646414,1.61410599638,-0.452337837874,3.19177174428,0.0697469132725,1.39683967358,1,0.0647735774818,0.261073157391,0.75,0.99,0.0181828417407,0.0478461330938
