,ftype,K,d,c1,c2,c3,c4,e11,e12,e21,e22,e31,e32,e41,e42,a1,lb1,ub1,lb2,ub2,rms_err,max_err
0,SMA,4,2,20709.7974763,1.07153852643e-13,263367.521615,1.2961054184e-17,13.0222928198,13.2524378849,44.2151628858,-4.87338186808,56.8674574714,13.4308555189,9.94122212786,-7.81202297674,10.0323146459,0.0647735774818,0.261073157391,0.75,0.99,0.021180180162,0.0515732432561
