,ftype,K,d,c1,c2,c3,c4,c5,e11,e12,e21,e22,e31,e32,e41,e42,e51,e52,a1,lb1,ub1,lb2,ub2,rms_err,max_err
0,MA,5,2,2.33457291856,3.29811259288,1.65561526226,0.0307475271112,0.175864213876,0.992037970671,4.4040290822,1.34213978606,1.60479221536,0.713304527299,10.8622334389,-0.528939884392,1.12683686942,0.0342444311375,2.66203181594,1,0.0647735774818,0.261073157391,0.75,0.99,0.0477268372048,0.154427992692
