,ftype,K,d,c1,c2,c3,c4,c5,e11,e12,e21,e22,e31,e32,e41,e42,e51,e52,a1,lb1,ub1,lb2,ub2,rms_err,max_err
0,SMA,5,2,2.89030364876e-28,0.000212663309167,1.25785363773,1.01071891984e-25,1.67183788748e-07,-15.7547422773,62.3346461699,7.26964173958,62.6990872006,9.341311232,428.25884059,-12.3572682169,15.1320660486,5.60951742469,32.7363972321,18.6284253994,0.0647735774818,0.261073157391,0.75,0.99,0.032377345142,0.0924474815664
