,ftype,K,d,c1,c2,c3,c4,e11,e12,e21,e22,e31,e32,e41,e42,a1,lb1,ub1,lb2,ub2,rms_err,max_err
0,MA,4,2,3.71176787889,3.33660981353,4.29568045622,0.0203544453989,1.46752843616,1.4000630784,1.4800566621,0.875705568314,1.43444372046,4.57592163964,-0.778274132021,1.48648080375,1,0.0647735774818,0.261073157391,0.75,0.99,0.0295560970617,0.101006835423
