,ftype,K,d,c1,c2,c3,c4,c5,e11,e12,e21,e22,e31,e32,e41,e42,e51,e52,a1,lb1,ub1,lb2,ub2,rms_err,max_err
0,MA,5,2,0.504799569006,0.405257779411,0.560753325692,0.556077130928,0.800061377073,7.53049363434,0.0794771997098,1.56605570331,0.369869966022,3.20452120348,0.307258836153,3.93070718748,0.243458329471,3.96676925373,0.523111154503,1,0.0647735774818,0.226015552419,0.75,0.99,0.0492736233775,0.131394810884
