,ftype,K,d,c1,c2,c3,c4,e11,e12,e21,e22,e31,e32,e41,e42,a1,lb1,ub1,lb2,ub2,rms_err,max_err
0,MA,4,2,3.49663550886,0.0211203508006,2.8392702465,0.0419443964254,1.35299423007,3.09659802357,-0.764797534835,1.10992296065,1.3536096271,1.19686144099,-0.556559039307,3.43640421831,1,0.0647735774818,0.261073157391,0.75,0.99,0.0209741494218,0.0683052140226
