,ftype,K,d,c1,c2,c3,c4,c5,e11,e12,e21,e22,e31,e32,e41,e42,e51,e52,a1,lb1,ub1,lb2,ub2,rms_err,max_err
0,SMA,5,2,0.000977437651254,5.92933454084e-06,1.55142426904,12.9362420764,2.66278857019,-1.33703553337,1.47617666037,-2.85648513597,32.6377739107,2.28278333762,11.9375981908,3.56448438871,2.28833857046,2.69599651067,53.694006743,2.06743271038,0.0647735774818,0.261073157391,0.75,0.99,0.0248600846106,0.0609702581529
