,ftype,K,d,c1,c2,c3,c4,e11,e12,e21,e22,e31,e32,e41,e42,a1,lb1,ub1,lb2,ub2,rms_err,max_err
0,MA,4,2,0.203462394697,0.201383608502,0.259387351458,0.191917057692,-0.174260179222,4.48528209616,-0.113466262068,3.39834741836,-0.161861298554,11.9007370839,0.00997233502166,2.09301902237,1,0.0647735774818,0.226015552419,0.75,0.99,0.0493698408064,0.12425469346
