,ftype,K,d,c1,c2,c3,c4,c5,e11,e12,e21,e22,e31,e32,e41,e42,e51,e52,a1,lb1,ub1,lb2,ub2,rms_err,max_err
0,MA,5,2,0.00678425653329,0.668618875653,0.784039389787,0.0411420960716,0.396673878816,-1.47663163212,1.44760618532,0.503281703852,2.14088308329,0.420432340956,6.01382382234,-0.831835598051,2.85297443362,0.166304116298,2.8040064223,1,0.0647735774818,0.261073157391,0.75,0.99,0.0267448621152,0.0979309694954
