,ftype,K,d,c1,c2,c3,c4,c5,e11,e12,e21,e22,e31,e32,e41,e42,e51,e52,a1,lb1,ub1,lb2,ub2,rms_err,max_err
0,MA,5,2,0.149072482478,0.260061999751,0.11743055944,0.159050031108,0.169448172258,2.55949579084,-0.155758602831,18.7327991682,-0.172740239496,3.32216674373,-0.289387720297,3.77089333362,-0.232612647007,4.64552092175,-0.239732565605,1,0.0647735774818,0.215408924417,0.75,0.99,0.0496401875972,0.128763152145
