,ftype,K,d,c1,c2,c3,c4,c5,e11,e12,e21,e22,e31,e32,e41,e42,e51,e52,a1,lb1,ub1,lb2,ub2,rms_err,max_err
0,SMA,5,2,5.88767404152e-30,4.34871216527e-06,1.02236974884e-24,0.000281232147983,0.0745372990751,61.9062725678,-15.777718589,53.2470217066,7.45035700283,14.3629150749,-9.69440215358,18.784287388,15.3585261255,146.680639341,10.8534107326,20.6437420615,0.0647735774818,0.261073157391,0.75,0.99,0.0281918702759,0.0779490650065
