,ftype,K,d,c1,c2,c3,c4,c5,e11,e12,e21,e22,e31,e32,e41,e42,e51,e52,a1,lb1,ub1,lb2,ub2,rms_err,max_err
0,MA,5,2,0.0981172708693,0.126974764046,0.138259718539,0.252260476209,0.194568234645,-0.38609105768,3.62623119338,-0.222661791783,2.56843329067,-0.286808965441,3.73677048063,0.0906895124654,4.54767173683,-0.236715169872,7.5562332948,1,0.0647735774818,0.210293755105,0.75,0.99,0.0496212767701,0.148060034588
