,ftype,K,d,c1,c2,c3,c4,c5,e11,e12,e21,e22,e31,e32,e41,e42,e51,e52,a1,lb1,ub1,lb2,ub2,rms_err,max_err
0,MA,5,2,0.120716176935,2.44745030646,0.0656480215493,1.74838058856,1.22522893717,4.07110758626,-0.165199387272,1.75087167704,1.15715860182,1.34461906249,-0.26587340075,4.45123060809,0.81147203895,13.0396083164,0.514825083075,1,0.0647735774818,0.261073157391,0.75,0.99,0.0485945386279,0.146813449745
