,ftype,K,d,c1,c2,c3,c4,e11,e12,e21,e22,e31,e32,e41,e42,a1,lb1,ub1,lb2,ub2,rms_err,max_err
0,SMA,4,2,0.00118013437796,0.0302200133528,3.91302021155e-19,9.31457370137e-34,32.8307365236,6.60211979865,91.8838107174,6.19979750328,45.3771517176,-10.4653435392,18.3098879817,-22.4889959712,14.6024740543,0.0647735774818,0.261073157391,0.75,0.99,0.0294265346945,0.105359670555
