,ftype,K,d,c1,c2,c3,c4,c5,e11,e12,e21,e22,e31,e32,e41,e42,e51,e52,a1,lb1,ub1,lb2,ub2,rms_err,max_err
0,SMA,5,2,7.58814278653e-09,3.10501276106e-38,2.02280395435e-44,0.234135623336,7.88159740341e-05,13.3127504546,91.305030756,-13.914689068,25.8967894481,-21.7406808895,111.179224387,18.7777600848,437.739588158,25.7714048737,41.335868288,34.1823497585,0.0647735774818,0.261073157391,0.75,0.99,0.0241986896665,0.0713128652203
