,ftype,K,d,c1,c2,c3,c4,c5,e11,e12,e21,e22,e31,e32,e41,e42,e51,e52,a1,lb1,ub1,lb2,ub2,rms_err,max_err
0,MA,5,2,1.18249128941,2.24061759492,1.87549482903,0.0478014664396,1.62018237501,0.481057679337,14.0125451089,1.14383041306,1.51149860889,0.907928027879,3.06478550034,-0.370330711641,1.18190153608,0.751852134665,5.02161487511,1,0.0647735774818,0.261073157391,0.75,0.99,0.0481044262607,0.135688673536
