,ftype,K,d,c1,c2,c3,c4,c5,e11,e12,e21,e22,e31,e32,e41,e42,e51,e52,a1,lb1,ub1,lb2,ub2,rms_err,max_err
0,MA,5,2,0.742756568836,0.115241983977,0.459043485475,0.531088060631,0.588755507001,0.525139930626,3.72944267292,-0.142367365919,1.92272226755,0.0213196851809,10.3035954808,0.161205876454,5.21042198788,0.32426682513,3.21562892634,1,0.0647735774818,0.226015552419,0.75,0.99,0.0494318579981,0.129820242708
