,ftype,K,d,c1,c2,c3,c4,c5,e11,e12,e21,e22,e31,e32,e41,e42,e51,e52,a1,lb1,ub1,lb2,ub2,rms_err,max_err
0,MA,5,2,4.50951419346,4.60476292006,0.0153617065546,0.151074591825,1.17537200791,1.39840043938,5.63523206519,1.57346136771,1.29736024784,-0.826673521837,1.21824077496,-0.0618538482037,6.89643237287,1.02029250406,1.13637106161,1,0.0647735774818,0.261073157391,0.75,0.99,0.0463687736739,0.132033688414
