,ftype,K,d,c1,c2,c3,c4,c5,e11,e12,e21,e22,e31,e32,e41,e42,e51,e52,a1,lb1,ub1,lb2,ub2,rms_err,max_err
0,SMA,5,2,1.01891577326e-24,5.85632108374e-30,0.000280990775604,0.0744503507764,4.34356611726e-06,-9.69506056288,14.3636329001,-15.7791756231,61.9057470655,15.3598252427,18.781594438,10.8535005692,146.669753622,7.45067596052,53.2473184268,20.644881304,0.0647735774818,0.261073157391,0.75,0.99,0.0281918775819,0.0779543060932
