,ftype,K,d,c1,c2,c3,c4,c5,e11,e12,e21,e22,e31,e32,e41,e42,e51,e52,a1,lb1,ub1,lb2,ub2,rms_err,max_err
0,MA,5,2,0.311918252198,0.218095491364,0.350692645722,0.296976544413,0.251722776244,0.101321646083,2.96765488882,-0.0835538654753,3.84648085928,-0.119975663894,24.6059036905,-0.0379160266798,4.45542203908,0.161463122079,1.69217627348,1,0.0647735774818,0.237144445492,0.75,0.99,0.0497864452984,0.138756935495
