,ftype,K,d,c1,c2,c3,c4,c5,e11,e12,e21,e22,e31,e32,e41,e42,e51,e52,a1,lb1,ub1,lb2,ub2,rms_err,max_err
0,MA,5,2,0.0880274110272,0.861029083691,0.939368511768,0.69179813217,0.818452543417,-0.207507130772,1.61579987874,0.520470334461,2.87657882425,0.489494383613,6.54054686882,0.210783051639,7.4913075422,0.40701262046,3.9897005074,1,0.0647735774818,0.231513137534,0.75,0.99,0.0491980258379,0.124404908529
