,ftype,K,d,c1,c2,c3,c4,e11,e12,e21,e22,e31,e32,e41,e42,a1,lb1,ub1,lb2,ub2,rms_err,max_err
0,MA,4,2,0.438662087353,0.294476294839,0.31304172537,0.301503695127,0.375993607655,2.81756556784,0.164416264978,2.22356438882,-0.0923717853689,7.57016346659,0.0153178986181,3.68892593134,1,0.0647735774818,0.237144445492,0.75,0.99,0.0498136549567,0.136451216972
