,ftype,K,d,c1,c2,c3,c4,c5,e11,e12,e21,e22,e31,e32,e41,e42,e51,e52,a1,lb1,ub1,lb2,ub2,rms_err,max_err
0,MA,5,2,0.122403818351,0.0894438643611,0.186830249519,0.0991885080657,0.176681194498,-0.316512485754,3.36319296239,-0.472031512478,6.87223365052,-0.245744071685,7.31006136275,-0.210882075468,1.62725526062,-0.0119305126724,2.93053451953,1,0.0647735774818,0.20530005224,0.75,0.99,0.0499045695602,0.147639143745
