,ftype,K,d,c1,c2,c3,c4,c5,e11,e12,e21,e22,e31,e32,e41,e42,e51,e52,a1,lb1,ub1,lb2,ub2,rms_err,max_err
0,MA,5,2,3.29789423277,0.366599979848,4.33961844607,0.0215901965027,4.45107612721,1.05206608596,29.1103143128,0.231270092482,8.72436531295,1.42142800275,3.02864870828,-0.696980914241,1.39288806853,1.5611914809,1.20963385458,1,0.0647735774818,0.261073157391,0.75,0.99,0.0486241063801,0.144471065666
