,ftype,K,d,c1,c2,c3,c4,c5,e11,e12,e21,e22,e31,e32,e41,e42,e51,e52,a1,lb1,ub1,lb2,ub2,rms_err,max_err
0,SMA,5,2,0.610925887625,1.56769699484e-12,278.58715089,6.37254364413e-07,0.0924453401022,28.2314260217,3.41368456977,6.50846066101,-7.80995166384,796.615865928,2.58435238393,20.9727464306,-3.06623541517,9.10783107273,3.20151352518,5.54845207967,0.0647735774818,0.261073157391,0.75,0.99,0.0279785281331,0.0801132016005
