,ftype,K,d,c1,c2,c3,c4,c5,e11,e12,e21,e22,e31,e32,e41,e42,e51,e52,a1,lb1,ub1,lb2,ub2,rms_err,max_err
0,SMA,5,2,7.99850633997e-29,3.07771844141e+32,9.97804565542e+29,8.01262827078e+23,1.9678289378e-84,400.384087267,5.75897698186,61.8968188824,77.1832071703,165.439633818,67.7680389492,1268.12952137,50.6997501311,66.9624086707,-35.7119772983,49.1594472463,0.0647735774818,0.261073157391,0.75,0.99,0.0486036550254,0.138450262417
