,ftype,K,d,c1,c2,c3,c4,c5,e11,e12,e21,e22,e31,e32,e41,e42,e51,e52,a1,lb1,ub1,lb2,ub2,rms_err,max_err
0,MA,5,2,1.88801545765,1.41461909846,0.0589712966769,2.4402992631,2.78675328195,0.847266089069,5.22234788231,0.610723938259,11.8774624134,-0.315730447216,1.46545165079,1.07948397146,2.78419948985,1.27467467951,1.42035763832,1,0.0647735774818,0.261073157391,0.75,0.99,0.0468273083978,0.150154571451
