,ftype,K,d,c1,c2,c3,c4,e11,e12,e21,e22,e31,e32,e41,e42,a1,lb1,ub1,lb2,ub2,rms_err,max_err
0,MA,4,2,0.191632616169,0.105496041253,0.126356971428,0.118261409583,-0.23504624855,7.29471361511,-0.328913653589,3.05867737688,-0.31887388029,3.64813300905,-0.255535532241,2.58268502659,1,0.0647735774818,0.200424931444,0.75,0.99,0.0493549734735,0.143894609701
