,ftype,K,d,c1,c2,c3,c4,c5,e11,e12,e21,e22,e31,e32,e41,e42,e51,e52,a1,lb1,ub1,lb2,ub2,rms_err,max_err
0,SMA,5,2,0.840054209417,3.63635653506e-15,7.21809764221e-19,3.23115110034,0.00108364718068,96.1056160815,8.18406720007,9.014383825,-5.14124529368,52.768965366,-9.29516604802,14.3087230622,13.0438189899,31.8449373801,5.84219023207,13.0094810106,0.0647735774818,0.261073157391,0.75,0.99,0.017798202661,0.0394560969207
