,ftype,K,d,c1,c2,c3,c4,e11,e12,e21,e22,e31,e32,e41,e42,a1,lb1,ub1,lb2,ub2,rms_err,max_err
0,MA,4,2,3.07667267457,4.070185946,0.0318535040921,1.88331643028,4.02949789839,1.17454633905,1.46478283252,1.47787762236,1.58909088206,-0.560327244199,10.5343682523,0.813272571374,1,0.0647735774818,0.261073157391,0.75,0.99,0.0487821400519,0.146824968236
