,ftype,K,d,c1,c2,c3,c4,e11,e12,e21,e22,e31,e32,e41,e42,a1,lb1,ub1,lb2,ub2,rms_err,max_err
0,SMA,4,2,48732053966.0,1.62941522555e-28,110765633.044,0.150649864794,24.4833538614,21.4853618444,-12.7273745286,21.7044975283,18.3436240866,113.68402666,3.19314843584,1641.00880535,15.332587265,0.0647735774818,0.254873630576,0.75,0.99,0.0499835769329,0.13893643144
