,ftype,K,d,c1,c2,c3,c4,e11,e12,e21,e22,e31,e32,e41,e42,a1,lb1,ub1,lb2,ub2,rms_err,max_err
0,SMA,4,2,0.0319126414623,1.67132704764e-21,2.44831634965e-05,3.47955383786e-23,78.4108919405,6.4145959957,12.1824322005,-11.07948198,29.4542455198,4.39873123265,51.7057450309,-13.3697456294,14.3249041587,0.0647735774818,0.261073157391,0.75,0.99,0.0321796943972,0.103068500384
