,ftype,K,d,c1,c2,c3,c4,c5,e11,e12,e21,e22,e31,e32,e41,e42,e51,e52,a1,lb1,ub1,lb2,ub2,rms_err,max_err
0,MA,5,2,1.29904156077,1.88553187859,1.52804260288,0.995242863362,0.079618252719,0.582080915587,6.17705015275,1.01294345673,1.80878936838,0.757310793292,3.39346550038,0.375566023805,12.2852273249,-0.2056739977,1.34652974254,1,0.0647735774818,0.237144445492,0.75,0.99,0.0481432686065,0.125654743383
