,ftype,K,d,c1,c2,c3,c4,c5,e11,e12,e21,e22,e31,e32,e41,e42,e51,e52,a1,lb1,ub1,lb2,ub2,rms_err,max_err
0,SMA,5,2,1.76699710062e-05,5.57129951756e-92,2.41183928222e-60,8.30999876631e-17,7.02231792288e-09,17.2568684869,248.435988835,-61.6769310121,54.5148888604,-36.022279715,113.280323189,7.86224236427,116.132595628,20.0250341252,89.152316117,42.0036359955,0.0647735774818,0.261073157391,0.75,0.99,0.0255354978685,0.0924775667422
