,ftype,K,d,c1,c2,c3,e11,e12,e21,e22,e31,e32,a1,lb1,ub1,lb2,ub2,rms_err,max_err
0,SMA,3,2,0.00021139579283,0.486626647094,0.10615988383,1.07421316332,-21.69509141,-0.100924144452,1.22052298042,0.16426779243,31.6474631636,0.355962600672,0.0647735774818,0.210293755105,0.75,0.99,0.0497254557192,0.141642323885
