,ftype,K,d,c1,c2,c3,c4,c5,e11,e12,e21,e22,e31,e32,e41,e42,e51,e52,a1,lb1,ub1,lb2,ub2,rms_err,max_err
0,MA,5,2,0.725145652083,0.0465320299797,0.273211127754,0.0279438513805,0.543271123801,4.26584235859,0.407817385241,3.08121177192,-0.744625902122,1.71572855812,0.0515173449325,1.05639016515,-0.89241770439,1.95438236839,0.407125247444,1,0.0647735774818,0.261073157391,0.75,0.99,0.0289094820258,0.117960181572
