,ftype,K,d,c1,c2,c3,c4,c5,e11,e12,e21,e22,e31,e32,e41,e42,e51,e52,a1,lb1,ub1,lb2,ub2,rms_err,max_err
0,SMA,5,2,2.33095425491e-06,1.72013740295,41.5743412578,0.00119380784363,12.0899760952,34.7502018295,-3.2092948105,14.4900627847,2.12725102217,361.06497099,2.64424667028,1.37579809182,-1.36844738891,2.12503371657,3.24628109201,1.85294092696,0.0647735774818,0.261073157391,0.75,0.99,0.0258706476881,0.063146785371
