,ftype,K,d,c1,c2,c3,c4,c5,e11,e12,e21,e22,e31,e32,e41,e42,e51,e52,a1,lb1,ub1,lb2,ub2,rms_err,max_err
0,MA,5,2,0.190061526767,0.145569673403,0.17596501119,0.235350835132,0.18692021705,-0.187514444234,4.23923071536,-0.312609802377,6.76775656541,-0.0263119852289,2.11162804239,-0.181025357895,7.989842011,-0.144729987544,3.41498022559,1,0.0647735774818,0.22064851472,0.75,0.99,0.049909233283,0.138264043941
