,ftype,K,d,c1,c2,c3,c4,c5,e11,e12,e21,e22,e31,e32,e41,e42,e51,e52,a1,lb1,ub1,lb2,ub2,rms_err,max_err
0,MA,5,2,1.37478361706,1.04162494705,1.97859205645,1.59499891195,0.0918763826174,5.8913577356,0.625135569679,12.9320378405,0.401047456604,1.71250033579,1.05052238999,3.30499995189,0.790654984729,1.38419824272,-0.152141863402,1,0.0647735774818,0.242912728957,0.75,0.99,0.0487186236119,0.121730990266
