,ftype,K,d,c1,c2,c3,c4,c5,e11,e12,e21,e22,e31,e32,e41,e42,e51,e52,a1,lb1,ub1,lb2,ub2,rms_err,max_err
0,MA,5,2,1.33771428865,0.035418348657,0.902822753442,3.98048646134,3.47816425472,0.858123674499,4.38319183771,-0.640258922075,1.32529202073,0.768655803939,1.36516315093,1.44844402188,4.61979233719,1.50251548162,1.4469265748,1,0.0647735774818,0.261073157391,0.75,0.99,0.0235694992163,0.0818815602022
