,ftype,K,d,c1,c2,c3,c4,c5,e11,e12,e21,e22,e31,e32,e41,e42,e51,e52,a1,lb1,ub1,lb2,ub2,rms_err,max_err
0,MA,5,2,2.05139925213,4.62894382365,4.5198666275,0.0826243251911,0.0146069120564,1.20994434941,1.81974621532,1.43255723245,5.26373048378,1.56587379199,1.31126147832,-0.28095429477,5.95217123338,-0.850648020265,1.1825535443,1,0.0647735774818,0.261073157391,0.75,0.99,0.0416574393694,0.123748519277
