,ftype,K,d,c1,c2,c3,c4,c5,e11,e12,e21,e22,e31,e32,e41,e42,e51,e52,a1,lb1,ub1,lb2,ub2,rms_err,max_err
0,MA,5,2,0.0597980724914,3.3710846305,1.28763467878,0.0271945521652,3.17667494479,-0.451380197326,3.35055151334,1.46956260237,1.39444632253,0.937256323012,1.43641986816,-0.701120287475,1.05797185331,1.28794521309,4.68463123054,1,0.0647735774818,0.261073157391,0.75,0.99,0.0201764473767,0.0566566583774
