,ftype,K,d,c1,c2,c3,c4,c5,e11,e12,e21,e22,e31,e32,e41,e42,e51,e52,a1,lb1,ub1,lb2,ub2,rms_err,max_err
0,MA,5,2,0.357986732797,0.81004100011,0.0543922413837,0.78371383245,0.00953337451701,0.149369894194,2.43712673727,0.442979633851,6.1241640691,-0.72982086807,3.36128818561,0.611970551496,2.12329883301,-1.3536963429,1.54368346818,1,0.0647735774818,0.261073157391,0.75,0.99,0.0267361741205,0.0771273793482
