,ftype,K,d,c1,c2,c3,c4,e11,e12,e21,e22,e31,e32,e41,e42,a1,lb1,ub1,lb2,ub2,rms_err,max_err
0,MA,4,2,1.56165712288,0.94976493754,0.138859300214,1.87865987319,0.743301351652,3.64455549246,0.36648263256,9.33739653086,-0.013773950042,1.49440690395,0.982120296797,2.02772916399,1,0.0647735774818,0.226015552419,0.75,0.99,0.0486569522054,0.133131012093
