,ftype,K,d,c1,c2,c3,c4,e11,e12,e21,e22,e31,e32,e41,e42,a1,lb1,ub1,lb2,ub2,rms_err,max_err
0,MA,4,2,0.241624859151,0.116752084853,0.138906336008,0.133325540069,13.951693409,-0.157749901658,2.60435690917,-0.262975505026,3.04697992875,-0.1791664058,3.97246055193,-0.316328409642,1,0.0647735774818,0.18648323533,0.75,0.99,0.0494102575065,0.121377415613
