,ftype,K,d,c1,c2,c3,c4,e11,e12,e21,e22,e31,e32,e41,e42,a1,lb1,ub1,lb2,ub2,rms_err,max_err
0,SMA,4,2,0.0507821003998,2.26610833615e-20,4.84374271319e-05,0.00265250056921,4.69405973179,90.049749019,-12.3614121798,15.7303205943,3.4558917836,17.3882051508,3.97563488745,37.1107483782,11.3075653141,0.0647735774818,0.261073157391,0.75,0.99,0.0269159887832,0.0692909225061
