,ftype,K,d,c1,c2,c3,c4,c5,e11,e12,e21,e22,e31,e32,e41,e42,e51,e52,a1,lb1,ub1,lb2,ub2,rms_err,max_err
0,MA,5,2,0.295531824898,0.553565035869,0.337868398568,0.348618907438,0.343113613554,0.0155233965485,3.85547597332,0.609385579358,2.05766945186,0.198772915749,2.39102075149,-0.0535991204619,7.54434139273,0.0647891181422,3.70164939849,1,0.0647735774818,0.231513137534,0.75,0.99,0.0490153525426,0.133580382158
