,ftype,K,d,c1,c2,c3,c4,c5,e11,e12,e21,e22,e31,e32,e41,e42,e51,e52,a1,lb1,ub1,lb2,ub2,rms_err,max_err
0,MA,5,2,0.201470703285,0.227391702137,0.146269307365,0.171834470087,0.417866071966,-0.0984195261413,4.15346150084,-0.194152421258,8.22623881836,-0.0664809507223,1.80102465743,-0.187073153417,3.48169553992,0.503891653396,2.56149837297,1,0.0647735774818,0.215408924417,0.75,0.99,0.0499341964704,0.150959513506
