,ftype,K,d,c1,c2,c3,c4,c5,e11,e12,e21,e22,e31,e32,e41,e42,e51,e52,a1,lb1,ub1,lb2,ub2,rms_err,max_err
0,MA,5,2,0.824478220067,0.205791420233,0.797124502213,0.690600384727,0.620820155918,5.31646731565,0.466564274345,2.36131728161,0.0271887791701,3.12759900803,0.45884372606,5.48415303853,0.261663480527,13.884731106,0.129822769214,1,0.0647735774818,0.231513137534,0.75,0.99,0.0492198493019,0.123077559535
