,ftype,K,d,c1,c2,c3,c4,c5,e11,e12,e21,e22,e31,e32,e41,e42,e51,e52,a1,lb1,ub1,lb2,ub2,rms_err,max_err
0,MA,5,2,3.17416071582,0.0222669185523,3.93855639348,3.36104705548,0.30155606238,1.10637818538,1.42220886195,1.46246755933,-0.756265960697,4.52274954915,1.39334879982,1.54655073959,1.40874368021,1.71868290327,0.358625706773,1,0.0647735774818,0.261073157391,0.75,0.99,0.0244476418606,0.0929893769236
