,ftype,K,d,c1,c2,c3,c4,c5,e11,e12,e21,e22,e31,e32,e41,e42,e51,e52,a1,lb1,ub1,lb2,ub2,rms_err,max_err
0,MA,5,2,0.261406233814,0.544382527074,2.53327915491,2.10142087853,0.0554274980011,1.28071175938,0.138918188062,4.12475404728,0.401416794268,4.88107636067,1.2380124906,1.5692596941,1.26766146672,1.16623142175,-0.530680000062,1,0.0647735774818,0.261073157391,0.75,0.99,0.0228998312034,0.0720731800827
