,ftype,K,d,c1,c2,c3,c4,c5,e11,e12,e21,e22,e31,e32,e41,e42,e51,e52,a1,lb1,ub1,lb2,ub2,rms_err,max_err
0,SMA,5,2,8.65915641856e-62,1.04714238198e+19,5.36786976052e+23,1.39757394117e-20,6.71544541973e+20,-25.3532380585,50.7477980239,34.5588397548,1744.0756701,56.7703543956,47.6263460613,5.00379650148,294.080607522,47.8588245832,136.52663702,36.7118218338,0.0647735774818,0.261073157391,0.75,0.99,0.0487215255851,0.142619267239
