,ftype,K,d,c1,c2,c3,c4,e11,e12,e21,e22,e31,e32,e41,e42,a1,lb1,ub1,lb2,ub2,rms_err,max_err
0,MA,4,2,4.31478023696,0.0153471124198,4.65485803122,0.038542510537,1.30526435867,1.54585254626,1.12344512084,-0.834988423523,4.85209465642,1.45538750476,4.39185021305,-0.560329333871,1,0.0647735774818,0.261073157391,0.75,0.99,0.0362356907145,0.103428080854
