,ftype,K,d,c1,c2,c3,c4,c5,e11,e12,e21,e22,e31,e32,e41,e42,e51,e52,a1,lb1,ub1,lb2,ub2,rms_err,max_err
0,SMA,5,2,1.29061014222,0.000222608677083,0.000471013758241,9.06815085828,125.483413043,16.5139722017,1.90535757016,632.893125657,-3.61450699891,1.39408877185,-1.7680754049,2.03737859763,2.75387751965,451.762046385,2.73317184019,1.67891839888,0.0647735774818,0.261073157391,0.75,0.99,0.0258820696875,0.0580609871201
