,ftype,K,d,c1,c2,c3,c4,c5,e11,e12,e21,e22,e31,e32,e41,e42,e51,e52,a1,lb1,ub1,lb2,ub2,rms_err,max_err
0,MA,5,2,0.305741320541,0.35508578671,0.385037492039,0.411579037891,0.607874177521,0.0780524095108,3.3422953477,-0.0717816957536,10.6280430905,0.0606840906299,4.4811258317,0.218278974792,2.88940480972,0.360119785056,6.34064463717,1,0.0647735774818,0.226015552419,0.75,0.99,0.0485110398757,0.13085609818
