,ftype,K,d,c1,c2,c3,c4,c5,e11,e12,e21,e22,e31,e32,e41,e42,e51,e52,a1,lb1,ub1,lb2,ub2,rms_err,max_err
0,MA,5,2,0.688872598839,0.794710513127,0.0388606515754,0.896646795651,0.625601162406,0.260903604886,5.47100166997,0.456635357338,3.13502870732,-0.515361160949,1.6652088277,0.561937487185,4.23331853361,0.128893976548,14.8298957582,1,0.0647735774818,0.231513137534,0.75,0.99,0.0491654448803,0.12249290182
