,ftype,K,d,c1,c2,c3,c4,c5,e11,e12,e21,e22,e31,e32,e41,e42,e51,e52,a1,lb1,ub1,lb2,ub2,rms_err,max_err
0,MA,5,2,1.41044303602,16.6707550939,1.24754575538,0.842720288948,0.0951300645485,0.802509186419,2.36496268442,2.54674656703,2.41307309952,0.618459778843,3.75600142904,0.307704853872,8.08245642976,-0.131193203385,1.17842682329,1,0.0647735774818,0.231513137534,0.75,0.99,0.0494134358667,0.128698126512
