,ftype,K,d,c1,c2,c3,c4,c5,e11,e12,e21,e22,e31,e32,e41,e42,e51,e52,a1,lb1,ub1,lb2,ub2,rms_err,max_err
0,SMA,5,2,3.07512659165e-06,0.00117586181075,1.61041341805,12.0200477538,2.36995338614,-3.11081710026,33.2112666241,-1.37148244532,1.35508292294,2.1342780269,12.8211736644,3.2658342649,2.04397020395,2.56695679423,60.4342146877,1.8537679606,0.0647735774818,0.261073157391,0.75,0.99,0.0258664866166,0.0624776703697
