,ftype,K,d,c1,c2,c3,c4,e11,e12,e21,e22,e31,e32,e41,e42,a1,lb1,ub1,lb2,ub2,rms_err,max_err
0,MA,4,2,0.870587146515,0.699842175192,0.952190133362,0.900360081828,4.58515146078,0.40903859545,7.6315154715,0.216519756358,3.46532450965,0.510768796319,2.70100699658,0.555511269991,1,0.0647735774818,0.231513137534,0.75,0.99,0.049614567717,0.127890402094
