,ftype,K,d,c1,c2,c3,c4,c5,e11,e12,e21,e22,e31,e32,e41,e42,e51,e52,a1,lb1,ub1,lb2,ub2,rms_err,max_err
0,MA,5,2,0.0223534010723,0.514663830502,0.741266500759,0.230918518198,0.0462546548635,-0.993041733049,1.15630724259,0.322998285417,2.25206164266,0.401797086621,5.24551847383,-0.00498208324869,1.51690250617,-0.756769399914,3.03582429659,1,0.0647735774818,0.261073157391,0.75,0.99,0.0249160649989,0.0889764983282
