,ftype,K,d,c1,c2,c3,c4,c5,e11,e12,e21,e22,e31,e32,e41,e42,e51,e52,a1,lb1,ub1,lb2,ub2,rms_err,max_err
0,SMA,5,2,4.05441004547e-59,659.993271993,1.09531278171e-60,3.82442435456e-30,0.678319367128,168.649966273,-25.0909207091,82.9695877819,46.2717089035,37.0767590478,-23.0577003743,77.8029303194,5.02914107642,279.086075246,32.8810476722,50.8515923388,0.0647735774818,0.261073157391,0.75,0.99,0.015688964926,0.0466553004788
