,ftype,K,d,c1,c2,c3,c4,c5,e11,e12,e21,e22,e31,e32,e41,e42,e51,e52,a1,lb1,ub1,lb2,ub2,rms_err,max_err
0,MA,5,2,0.486226002308,0.414378260947,0.51722857006,0.683673554007,0.38872978249,0.146515229502,4.58377489139,-0.0162733961406,10.2235401227,0.299285763336,2.98704279352,0.440147584948,4.53048322646,0.179443106008,3.21237217793,1,0.0647735774818,0.226015552419,0.75,0.99,0.0495102934197,0.139792584602
