,ftype,K,d,c1,c2,c3,c4,c5,e11,e12,e21,e22,e31,e32,e41,e42,e51,e52,a1,lb1,ub1,lb2,ub2,rms_err,max_err
0,MA,5,2,0.582730309712,0.380658063932,0.648877501414,0.551652972582,0.513818220213,0.197385562848,5.22485257636,0.137884415185,3.86750961063,0.35035660522,3.37224034451,0.0611567516009,18.2909865215,0.425815457033,1.94665670273,1,0.0647735774818,0.226015552419,0.75,0.99,0.0487591095932,0.122696236437
