,ftype,K,d,c1,c2,c3,c4,c5,e11,e12,e21,e22,e31,e32,e41,e42,e51,e52,a1,lb1,ub1,lb2,ub2,rms_err,max_err
0,MA,5,2,0.986669729894,1.20430085938,0.018255483555,0.77428018518,1.20297228639,0.438682680026,5.28950165031,0.647280265171,3.12364009158,-0.739067127729,1.15736557541,0.245350286345,11.4970657237,0.729471018148,2.35451686706,1,0.0647735774818,0.237144445492,0.75,0.99,0.0482300793738,0.112489582809
