,ftype,K,d,c1,c2,c3,c4,e11,e12,e21,e22,e31,e32,e41,e42,a1,lb1,ub1,lb2,ub2,rms_err,max_err
0,MA,4,2,1.02221783396,0.825992496157,0.0917858840662,0.700819428238,0.590461479728,2.88279314054,0.344823915395,5.50392835883,-0.186863287347,1.57149918346,0.199174056631,11.1890748888,1,0.0647735774818,0.242912728957,0.75,0.99,0.0499987424614,0.121852513789
