,ftype,K,d,c1,c2,c3,e11,e12,e21,e22,e31,e32,a1,lb1,ub1,lb2,ub2,rms_err,max_err
0,MA,3,2,0.269851322433,0.247605033458,0.24042858228,-0.142281677149,7.72356647605,-0.0606112513103,3.71669865302,0.0895224990097,2.18617068502,1,0.0647735774818,0.231513137534,0.75,0.99,0.0491034830008,0.125055025748
