,ftype,K,d,c1,c2,c3,c4,c5,e11,e12,e21,e22,e31,e32,e41,e42,e51,e52,a1,lb1,ub1,lb2,ub2,rms_err,max_err
0,MA,5,2,0.182677599685,0.28800865058,0.267980776487,0.249444748487,0.271801642686,3.50016268152,-0.134860333596,11.2497767433,-0.13858874329,3.31796640075,0.00363690806766,2.00100993497,0.121774394218,4.74080150792,-0.0781094627055,1,0.0647735774818,0.237144445492,0.75,0.99,0.0498375772342,0.145878014122
