,ftype,K,d,c1,c2,c3,e11,e12,e21,e22,e31,e32,a1,lb1,ub1,lb2,ub2,rms_err,max_err
0,MA,3,2,0.206284429909,0.208461500614,0.246014108724,0.0115783579656,2.35184667805,-0.12091545434,3.64881700518,-0.169197306323,7.93612300241,1,0.0647735774818,0.22064851472,0.75,0.99,0.0486858187794,0.131244381384
