lb1,lb0,e20,d,ub0,e11,e10,K,e00,e01,a1,ftype,max_err,ub1,c2,c1,c0,rms_err,e21
-1.5529254685723186,-1.4871514660658769,0.0088975182454821607,2,-0.2876820724517809,2.6406385156353696,0.27986948979998022,3,0.16696689285490296,3.7156731798583755,1,MA,0.13048776629107994,-0.2876820724517809,0.41718025958038257,0.44300505091414538,0.44603262999584842,0.04938367829213984,7.5371045874348095
