,ftype,K,d,c1,c2,c3,c4,c5,e11,e12,e21,e22,e31,e32,e41,e42,e51,e52,a1,lb1,ub1,lb2,ub2,rms_err,max_err
0,MA,5,2,0.350738252043,0.289970795292,0.339965563665,0.313205115849,0.351605322278,-0.050789671055,7.5433077071,-0.102488814278,6.83806207826,0.043526866238,4.01036042209,0.194451913626,2.15581041818,0.131130009607,3.11335436127,1,0.0647735774818,0.231513137534,0.75,0.99,0.0485362815953,0.132005195367
