,ftype,K,d,c1,c2,c3,c4,e11,e12,e21,e22,e31,e32,e41,e42,a1,lb1,ub1,lb2,ub2,rms_err,max_err
0,MA,4,2,0.123124594217,0.204549082924,0.142543251705,0.164279530369,1.88127093951,-0.147676700852,7.89767558007,-0.224297440371,3.41139417905,-0.257542372486,4.0325741236,-0.17541533699,1,0.0647735774818,0.215408924417,0.75,0.99,0.049793495066,0.147604258898
