,ftype,K,d,c1,c2,c3,c4,c5,e11,e12,e21,e22,e31,e32,e41,e42,e51,e52,a1,lb1,ub1,lb2,ub2,rms_err,max_err
0,MA,5,2,0.904705889204,1.55579918195,1.26968273676,1.20741392743,0.0958376086441,0.326808193839,11.6224191589,0.799649206743,2.79905535875,0.95529087795,0.867808612426,0.551736611881,5.21506585403,-0.120766166387,1.14968423703,1,0.0647735774818,0.231513137534,0.75,0.99,0.0476363668159,0.135470010937
