,ftype,K,d,c1,c2,c3,c4,c5,e11,e12,e21,e22,e31,e32,e41,e42,e51,e52,a1,lb1,ub1,lb2,ub2,rms_err,max_err
0,MA,5,2,0.73002818356,0.0285464660524,0.200334264028,0.539981845476,0.53019290894,0.397327704214,5.18729365803,-0.904543297,1.30355504721,-0.0615443037848,1.38585891507,0.439942481038,1.74023821001,0.314825378949,2.63484752758,1,0.0647735774818,0.261073157391,0.75,0.99,0.0286671268558,0.0914936812554
