,ftype,K,d,c1,c2,c3,e11,e12,e21,e22,e31,e32,a1,lb1,ub1,lb2,ub2,rms_err,max_err
0,MA,3,2,0.224592243868,0.248151088448,0.210634548328,-0.0941109310364,3.659457819,-0.172104452221,7.822439104,0.0625298945629,1.98273398832,1,0.0647735774818,0.231513137534,0.75,0.99,0.0498778671166,0.130137071596
