,ftype,K,d,c1,c2,c3,c4,c5,e11,e12,e21,e22,e31,e32,e41,e42,e51,e52,a1,lb1,ub1,lb2,ub2,rms_err,max_err
0,SMA,5,2,2.90894013649e-05,2.16971292037e-21,0.071210583316,7.9195067511e-05,3.54106533078e-26,5.79808516448,41.8373146013,-9.01521872782,10.7448597365,8.41584108638,111.291375676,12.0557327379,8.95744240495,-14.4507319533,44.6518828603,16.7593447355,0.0647735774818,0.261073157391,0.75,0.99,0.0308215702069,0.0905512799765
