,ftype,K,d,c1,c2,c3,c4,e11,e12,e21,e22,e31,e32,e41,e42,a1,lb1,ub1,lb2,ub2,rms_err,max_err
0,MA,4,2,0.204448305019,0.142130926267,0.123313276331,0.136437224195,-0.22451741768,7.89715352605,-0.258810681167,3.41023953716,-0.149616545893,1.90175423056,-0.300242359176,4.73361871949,1,0.0647735774818,0.215408924417,0.75,0.99,0.049796083964,0.147718747618
