,ftype,K,d,c1,c2,c3,c4,e11,e12,e21,e22,e31,e32,e41,e42,a1,lb1,ub1,lb2,ub2,rms_err,max_err
0,SMA,4,2,314836.267496,4.54926458299e+13,1.70540083871e-36,4.04571663199e+11,17.5847988227,236.687248636,33.1780034735,28.5110818515,-14.8072176161,33.1333052475,27.2008732349,85.5746485676,21.8355196643,0.0647735774818,0.261073157391,0.75,0.99,0.0497608978438,0.146188664564
