,ftype,K,d,c1,c2,c3,c4,c5,e11,e12,e21,e22,e31,e32,e41,e42,e51,e52,a1,lb1,ub1,lb2,ub2,rms_err,max_err
0,MA,5,2,0.0768552550182,1.08769297864,1.20799321006,13.1310717383,0.788399644627,-0.234021896088,1.38371772669,0.53897368524,3.95547023412,0.690400136189,2.69614430855,2.36150096456,2.5082156773,0.272533932532,7.7710997044,1,0.0647735774818,0.226015552419,0.75,0.99,0.0480103986853,0.125722580929
