,ftype,K,d,c1,c2,c3,c4,c5,e11,e12,e21,e22,e31,e32,e41,e42,e51,e52,a1,lb1,ub1,lb2,ub2,rms_err,max_err
0,MA,5,2,0.0508712009425,0.562885698526,0.369421044407,0.721430232537,0.0150096175549,-0.737247917019,3.35378930851,0.42061651999,1.95688466664,0.164274047972,2.15259204263,0.391687664819,4.47713668372,-1.17142935783,1.38767430686,1,0.0647735774818,0.261073157391,0.75,0.99,0.0252318239038,0.096534261638
