,ftype,K,d,c1,c2,c3,c4,c5,e11,e12,e21,e22,e31,e32,e41,e42,e51,e52,a1,lb1,ub1,lb2,ub2,rms_err,max_err
0,MA,5,2,4.72122629152,4.13483367415,0.0162817297425,2.28551392777,0.24459971156,1.58150531091,1.31934035441,1.33290307023,6.03509090157,-0.80235026013,1.26353887944,1.21339102053,2.55436024669,0.109109630776,7.58716287045,1,0.0647735774818,0.261073157391,0.75,0.99,0.0497862769317,0.135574136944
