,ftype,K,d,c1,c2,c3,c4,c5,e11,e12,e21,e22,e31,e32,e41,e42,e51,e52,a1,lb1,ub1,lb2,ub2,rms_err,max_err
0,MA,5,2,1.11279118902,1.62133140814,1.44496735664,2.00156886988,0.0658100201726,0.422525882031,16.7060030661,0.805183269227,3.34845718186,0.666482324282,5.5735194634,1.05977053438,1.68489932275,-0.266742114456,1.30073277178,1,0.0647735774818,0.254873630576,0.75,0.99,0.049248116187,0.131323066093
