,ftype,K,d,c1,c2,c3,c4,c5,e11,e12,e21,e22,e31,e32,e41,e42,e51,e52,a1,lb1,ub1,lb2,ub2,rms_err,max_err
0,MA,5,2,0.164467729791,0.267107091526,0.32001320622,0.248918899,0.230826775666,-0.150651043221,3.28154779225,-0.146701475594,7.67009311407,0.0260008583083,6.51211203723,-0.0540139923231,3.65133736623,0.0951952101068,2.00430652918,1,0.0647735774818,0.231513137534,0.75,0.99,0.0492341731426,0.129672729398
