,ftype,K,d,c1,c2,c3,c4,c5,e11,e12,e21,e22,e31,e32,e41,e42,e51,e52,a1,lb1,ub1,lb2,ub2,rms_err,max_err
0,MA,5,2,0.268742992856,0.0154512971913,0.884943726393,0.0813824539751,0.835246893244,0.0417642794634,2.03880140912,-1.16969037984,1.55762175703,0.699791916707,2.08488469469,-0.575129372232,4.24024294074,0.473258523777,6.11617204912,1,0.0647735774818,0.261073157391,0.75,0.99,0.0257221651336,0.0592583225697
