,ftype,K,d,c1,c2,c3,c4,c5,e11,e12,e21,e22,e31,e32,e41,e42,e51,e52,a1,lb1,ub1,lb2,ub2,rms_err,max_err
0,MA,5,2,1.10805646441,0.0914605002373,1.73030668939,2.29259649141,1.77550717386,0.449805243828,10.7891512057,-0.144365025313,1.31379650281,0.84321156364,6.01262753249,1.1229538,1.72851348669,0.820660308124,3.71212942997,1,0.0647735774818,0.231513137534,0.75,0.99,0.0490038603273,0.127381060899
