,ftype,K,d,c1,c2,c3,c4,c5,e11,e12,e21,e22,e31,e32,e41,e42,e51,e52,a1,lb1,ub1,lb2,ub2,rms_err,max_err
0,MA,5,2,0.392432984074,0.352569141086,0.40898466892,0.221095622744,0.397046966054,0.0617065457246,4.7313508478,-0.0722505627258,10.0199118826,0.126171984188,3.8999381974,-0.0784515482446,4.05631531238,0.212609130524,2.79568462106,1,0.0647735774818,0.226015552419,0.75,0.99,0.0482118781612,0.135525757139
