,ftype,K,d,c1,c2,c3,c4,c5,e11,e12,e21,e22,e31,e32,e41,e42,e51,e52,a1,lb1,ub1,lb2,ub2,rms_err,max_err
0,MA,5,2,2.66752624082,0.0215733922466,0.0419443955967,2.9746872727,3.63632974354,1.29881995823,1.46110461972,-0.756054902624,1.10070731285,-0.556559046991,3.43640420995,1.37177047963,1.26090405129,1.35693103223,4.37808848018,1,0.0647735774818,0.261073157391,0.75,0.99,0.0156567307459,0.0461639413175
