,ftype,K,d,c1,c2,c3,c4,c5,e11,e12,e21,e22,e31,e32,e41,e42,e51,e52,a1,lb1,ub1,lb2,ub2,rms_err,max_err
0,SMA,5,2,105.575609199,1.16306003396,0.00109174701574,10.0512209505,9.33894580907e-05,2.61554318647,457.564812649,1.82555960961,16.2539560427,-1.49567954401,1.32140957598,2.87020471474,2.05745808584,-3.96257018472,626.423640211,1.65998292214,0.0647735774818,0.261073157391,0.75,0.99,0.026173990794,0.0627763194628
