,ftype,K,d,c1,c2,c3,c4,c5,e11,e12,e21,e22,e31,e32,e41,e42,e51,e52,a1,lb1,ub1,lb2,ub2,rms_err,max_err
0,SMA,5,2,0.00108365341716,0.84006069948,7.21822794611e-19,3.63650332762e-15,3.23107954687,5.84217927148,31.8449367086,8.18406114623,96.1056029986,-9.29516753515,52.7689372665,-5.14123931752,9.01436933052,13.0437846173,14.308721336,13.0094643388,0.0647735774818,0.261073157391,0.75,0.99,0.0177982026233,0.0394561633545
