,ftype,K,d,c1,c2,c3,c4,c5,e11,e12,e21,e22,e31,e32,e41,e42,e51,e52,a1,lb1,ub1,lb2,ub2,rms_err,max_err
0,MA,5,2,0.116175556489,1.34348034977,1.03589793841,1.62493068715,1.89726977228,1.45477375248,-0.073744445708,5.31969993382,0.616261064737,19.225031769,0.3625642548,2.94811388926,0.818725747346,1.69817769042,1.0336659921,1,0.0647735774818,0.237144445492,0.75,0.99,0.0487789496206,0.132570154341
