,ftype,K,d,c1,c2,c3,e11,e12,e21,e22,e31,e32,a1,lb1,ub1,lb2,ub2,rms_err,max_err
0,MA,3,2,0.912415338641,0.79194400808,1.14151693156,0.393661830463,5.46396464199,0.225522517532,17.7581748809,0.640495437213,2.84706533676,1,0.0647735774818,0.231513137534,0.75,0.99,0.0490272943393,0.127243813901
