,ftype,K,d,c1,c2,c3,c4,c5,e11,e12,e21,e22,e31,e32,e41,e42,e51,e52,a1,lb1,ub1,lb2,ub2,rms_err,max_err
0,MA,5,2,0.0118760367444,0.493625221069,0.0250523805723,0.173363049017,0.778645385099,-1.23624589103,1.31805674021,0.470711093186,1.96536333444,-0.988882098129,3.16231029984,-0.10930014203,1.89059823694,0.509994273556,7.44401475349,1,0.0647735774818,0.261073157391,0.75,0.99,0.022340592291,0.0556054785242
