,ftype,K,d,c1,c2,c3,c4,c5,e11,e12,e21,e22,e31,e32,e41,e42,e51,e52,a1,lb1,ub1,lb2,ub2,rms_err,max_err
0,MA,5,2,0.0302480106164,1.23286881709,0.0213961965358,0.249535331101,1.34503511688,-0.831351919958,3.27619824539,1.00294690674,1.6923466437,-0.910481624622,1.08443442016,0.127621031511,1.52230535673,0.846927152999,6.54405838446,1,0.0647735774818,0.261073157391,0.75,0.99,0.0219242754102,0.0700362720551
