,ftype,K,d,c1,c2,e11,e12,e21,e22,a1,lb1,ub1,lb2,ub2,rms_err,max_err
0,SMA,2,2,0.760806479198,0.0293318004545,-0.0648799024348,0.441546542228,-0.0934260976208,34.1896348226,0.224183753856,0.0647735774818,0.261073157391,0.75,0.99,0.0491970220708,0.15315559743
