,ftype,K,d,c1,c2,c3,c4,c5,e11,e12,e21,e22,e31,e32,e41,e42,e51,e52,a1,lb1,ub1,lb2,ub2,rms_err,max_err
0,SMA,5,2,0.00233800217316,1.29668617412e-12,1.60475989981e-09,6.60953397103e-09,4.62412838631e-11,6.64323756253,21.3251834338,-6.49623646887,22.9053314779,-5.30662338671,89.6368986247,0.451355039816,5.37875208158,-5.78952195745,38.044538967,8.81466172558,0.0647735774818,0.261073157391,0.75,0.99,0.0245808557437,0.0791018681848
