,ftype,K,d,c1,c2,c3,c4,c5,e11,e12,e21,e22,e31,e32,e41,e42,e51,e52,a1,lb1,ub1,lb2,ub2,rms_err,max_err
0,SMA,5,2,2.02012582459e-12,0.362124481415,7.2189488105e-07,0.00299237451537,0.526257009538,6.47836164585,-7.75700889826,29.8989682308,3.88801112309,21.8461776206,-2.8129412263,8.51126326344,1.70961005044,84.6277878465,3.33860071278,5.44380041872,0.0647735774818,0.261073157391,0.75,0.99,0.0276833784266,0.0808245570919
