,ftype,K,d,c1,c2,c3,c4,c5,e11,e12,e21,e22,e31,e32,e41,e42,e51,e52,a1,lb1,ub1,lb2,ub2,rms_err,max_err
0,MA,5,2,4.92052380152,0.0615936096247,5.3445207187,0.0108513384578,4.87543841682,1.50513069138,6.83670674121,-0.244215654069,1.43521636737,1.64797904829,1.68873920536,-1.0305411627,1.98500986818,1.67977890482,0.860767509747,1,0.0647735774818,0.261073157391,0.75,0.99,0.0494915612049,0.12653640811
