,ftype,K,d,c1,c2,c3,c4,c5,e11,e12,e21,e22,e31,e32,e41,e42,e51,e52,a1,lb1,ub1,lb2,ub2,rms_err,max_err
0,MA,5,2,0.58660592689,0.462936189585,0.126063466589,0.0169509268654,0.0361510622623,0.357235735067,7.31855740503,0.445681640832,1.88645584009,-0.283402680921,1.84276228106,-1.12420841087,1.38004316779,-0.871709919013,3.17146949293,1,0.0647735774818,0.261073157391,0.75,0.99,0.0249831291396,0.0695380264245
