,ftype,K,d,c1,c2,c3,c4,c5,e11,e12,e21,e22,e31,e32,e41,e42,e51,e52,a1,lb1,ub1,lb2,ub2,rms_err,max_err
0,SMA,5,2,0.201808294585,0.045977771463,0.201713930907,0.199535655606,0.198574895051,0.235783664006,-0.062986692782,31.6279070064,0.250755864962,0.25920249034,-0.0642138035096,0.299227151887,-0.063146327812,0.328770977094,-0.0632845832407,0.117967446756,0.0647735774818,0.237144445492,0.75,0.99,0.0499190258838,0.120475109894
