,ftype,K,d,c1,c2,c3,c4,c5,e11,e12,e21,e22,e31,e32,e41,e42,e51,e52,a1,lb1,ub1,lb2,ub2,rms_err,max_err
0,MA,5,2,0.114383249225,0.20734199663,0.176298724473,0.0827079252663,0.0737910356925,-0.662800903211,7.02995450946,-0.234053795872,7.22962573419,-0.0642168396319,1.69341895709,-0.685406698918,2.93139646894,-0.634687518255,2.01216429801,1,0.0647735774818,0.261073157391,0.75,0.99,0.0352571384721,0.107125671739
