,ftype,K,d,c1,c2,c3,c4,c5,e11,e12,e21,e22,e31,e32,e41,e42,e51,e52,a1,lb1,ub1,lb2,ub2,rms_err,max_err
0,MA,5,2,0.137481373345,0.0149202633629,0.0467243446652,0.456576775445,0.635207432784,-0.240724392703,1.90595400126,-1.17557188245,1.42984470093,-0.773422685472,3.71033188438,0.434675675939,1.91777091565,0.399448175992,7.41552325475,1,0.0647735774818,0.261073157391,0.75,0.99,0.0250871800525,0.0616030573789
