,ftype,K,d,c1,c2,e11,e12,e21,e22,a1,lb1,ub1,lb2,ub2,rms_err,max_err
0,SMA,2,2,0.680103365317,0.069074781268,-0.110552496244,0.488679084576,0.206197752117,31.9785647528,0.205668052985,0.0647735774818,0.237144445492,0.75,0.99,0.0499191612506,0.120432648359
