,ftype,K,d,c1,c2,c3,c4,c5,e11,e12,e21,e22,e31,e32,e41,e42,e51,e52,a1,lb1,ub1,lb2,ub2,rms_err,max_err
0,MA,5,2,0.169228815428,0.115080427691,0.199273716413,0.0828011731924,0.0742111517714,-0.0532676183851,1.4777180441,-0.660288406156,7.03993807069,-0.0101581967098,2.02607216562,-0.684430558355,2.92375678812,-0.633879802059,2.02565616309,1,0.0647735774818,0.261073157391,0.75,0.99,0.0352018767405,0.106225596931
