,ftype,K,d,c1,c2,c3,c4,c5,e11,e12,e21,e22,e31,e32,e41,e42,e51,e52,a1,lb1,ub1,lb2,ub2,rms_err,max_err
0,MA,5,2,0.042784627236,2.20997756553,0.377544059187,0.0295804256604,1.80563547909,-0.641590597348,3.465225206,1.32847767364,1.45807068247,0.357743565389,1.36417193156,-0.718018602342,0.955333641699,1.02586589419,5.60216045292,1,0.0647735774818,0.261073157391,0.75,0.99,0.0251772668802,0.085791316274
