,ftype,K,d,c1,c2,c3,c4,c5,e11,e12,e21,e22,e31,e32,e41,e42,e51,e52,a1,lb1,ub1,lb2,ub2,rms_err,max_err
0,MA,5,2,0.164674719389,0.0109648616372,0.0342395795697,0.450360259781,0.650784219475,2.03143975317,-0.15137630595,1.41279059986,-1.28675060573,3.10285336592,-0.885859786941,1.95303256475,0.422913430319,7.53119477698,0.405747019635,1,0.0647735774818,0.261073157391,0.75,0.99,0.0257854652303,0.0602023070524
