,ftype,K,d,c1,c2,e11,e12,e21,e22,a1,lb1,ub1,lb2,ub2,rms_err,max_err
0,SMA,2,2,7.88811152713e-06,5.65137489922e-07,-3.46181008087,68.4258765718,-4.03246612345,20.4092230973,8.90807512862,0.0647735774818,0.231513137534,0.75,0.99,0.0497440446326,0.126858995127
