,ftype,K,d,c1,c2,c3,c4,c5,e11,e12,e21,e22,e31,e32,e41,e42,e51,e52,a1,lb1,ub1,lb2,ub2,rms_err,max_err
0,SMA,5,2,0.00820345420097,0.230149109866,0.239835865059,0.245568941863,0.208127266025,-0.998740273003,229.34924301,0.0328779756134,-0.163091086091,0.0349676013072,-0.190560239797,0.0357382526117,-0.189984620271,-0.127806320706,1.74003392164,0.121563373663,0.0647735774818,0.261073157391,0.75,0.99,0.0453820719033,0.160197195371
