,ftype,K,d,c1,c2,e11,e12,e21,e22,a1,lb1,ub1,lb2,ub2,rms_err,max_err
0,SMA,2,2,1.88039599397e-05,2.07631271759e-06,66.780933568,-3.10840420771,19.5757460771,-3.57116717209,8.78024004914,0.0647735774818,0.231513137534,0.75,0.99,0.049276884314,0.130688704387
