,ftype,K,d,c1,c2,c3,c4,e11,e12,e21,e22,e31,e32,e41,e42,a1,lb1,ub1,lb2,ub2,rms_err,max_err
0,MA,4,2,0.201427830325,0.160257514375,0.144844770854,0.133650914297,-0.505437060526,8.10878657481,-0.249655117839,1.30811101493,-0.590380016495,3.24988425172,-0.57423700609,2.3620070271,1,0.0647735774818,0.261073157391,0.75,0.99,0.0483239804765,0.137144075429
