,ftype,K,d,c1,c2,c3,c4,c5,e11,e12,e21,e22,e31,e32,e41,e42,e51,e52,a1,lb1,ub1,lb2,ub2,rms_err,max_err
0,MA,5,2,0.0125057947271,0.1490245993,0.63145662211,0.447409184865,0.0341563756186,-1.23917301504,1.41071548082,-0.203179275458,1.99736124382,0.389091152182,7.54815629034,0.420298747621,1.93493777438,-0.890141540739,3.08347843983,1,0.0647735774818,0.261073157391,0.75,0.99,0.0257197597761,0.0638900474408
