,ftype,K,d,c1,c2,c3,c4,c5,e11,e12,e21,e22,e31,e32,e41,e42,e51,e52,a1,lb1,ub1,lb2,ub2,rms_err,max_err
0,MA,5,2,2.20216556553,0.0806716454683,0.0300486904206,2.08658096446,0.386838076026,1.32690531585,1.45329521504,-0.40067780854,4.79126415126,-0.721982581993,1.06694180184,1.11839830886,5.51862310705,0.366203317155,1.39538213129,1,0.0647735774818,0.261073157391,0.75,0.99,0.0255474659587,0.0876504447825
