,ftype,K,d,c1,c2,c3,c4,c5,e11,e12,e21,e22,e31,e32,e41,e42,e51,e52,a1,lb1,ub1,lb2,ub2,rms_err,max_err
0,SMA,5,2,0.361993022766,0.526303445007,0.00299133015149,7.21736236821e-07,2.01855489402e-12,3.88816120682,29.8951107087,3.33876518351,84.609036022,1.70959262759,8.51134372334,-2.81295334834,21.8467124417,-7.75723632024,6.478629128,5.44396796815,0.0647735774818,0.261073157391,0.75,0.99,0.0276833784919,0.0808238054582
