,ftype,K,d,c1,c2,c3,e11,e12,e21,e22,e31,e32,a1,lb1,ub1,lb2,ub2,rms_err,max_err
0,MA,3,2,0.453065711585,0.479527505754,0.483493722716,-0.161902226131,4.17143310903,-0.0662276685027,2.09374369281,-0.0322909062773,1.73673587343,1,0.0647735774818,0.261073157391,0.75,0.99,0.0450541827177,0.162251419668
