,ftype,K,d,c1,c2,c3,c4,c5,e11,e12,e21,e22,e31,e32,e41,e42,e51,e52,a1,lb1,ub1,lb2,ub2,rms_err,max_err
0,SMA,5,2,0.00115236608926,9.57161033253e-11,9.25673476122e-10,5.23049256117e-13,3.44807299996e-09,6.70951914674,21.9166468297,-5.71553831949,54.0985731377,-0.18495773486,6.17682786082,-6.8727907215,26.484606674,-5.5201636025,290.616120375,9.29260065835,0.0647735774818,0.261073157391,0.75,0.99,0.0254928657356,0.0805788621841
