,ftype,K,d,c1,c2,c3,c4,c5,e11,e12,e21,e22,e31,e32,e41,e42,e51,e52,a1,lb1,ub1,lb2,ub2,rms_err,max_err
0,SMA,5,2,2.48225804056e-10,0.00761064750375,4.33272456177e-16,1.9605563668e-18,7.15089001e-20,3.89196873058,24.8465106451,13.5098751883,80.4381604161,-10.1144881869,183.865338595,-10.9039006812,71.7678256234,-10.1905829255,34.3371956348,15.2207759049,0.0647735774818,0.261073157391,0.75,0.99,0.0263467739637,0.0930372934429
