,ftype,K,d,c1,c2,c3,c4,e11,e12,e21,e22,e31,e32,e41,e42,a1,lb1,ub1,lb2,ub2,rms_err,max_err
0,MA,4,2,0.105571115892,0.0765497886482,0.180147880884,0.392389864347,-0.683260683251,7.26428122974,-0.68202669718,2.75610652204,-0.024287282877,1.68622793949,0.277186141065,7.06247867209,1,0.0647735774818,0.261073157391,0.75,0.99,0.0352189649277,0.111363273117
