,ftype,K,d,c1,c2,c3,c4,c5,e11,e12,e21,e22,e31,e32,e41,e42,e51,e52,a1,lb1,ub1,lb2,ub2,rms_err,max_err
0,SMA,5,2,2.89416558923e+25,51345317.3875,9.22898450424e-61,3.34476926532e-70,4.23609011885e+21,67.7751078919,51.9382938521,45.4694198718,53.6311154206,-25.0482775857,158.901894873,-30.4941582584,41.1101491978,57.0845881892,185.054683857,43.7631797181,0.0647735774818,0.261073157391,0.75,0.99,0.0209021207637,0.0630465219605
