,ftype,K,d,c1,c2,c3,c4,c5,e11,e12,e21,e22,e31,e32,e41,e42,e51,e52,a1,lb1,ub1,lb2,ub2,rms_err,max_err
0,MA,5,2,6.47577487208,0.00991908103901,0.0126410179694,6.84963816279,0.0266143179968,5.70679619105,1.61875222366,1.42767948772,-0.989613933654,2.77671495308,-0.962069995596,1.20030654374,1.81098695334,8.41809637059,-0.755462501598,1,0.0647735774818,0.237144445492,0.75,0.99,0.0468886379509,0.141417387853
