,ftype,K,d,c1,c2,c3,c4,c5,e11,e12,e21,e22,e31,e32,e41,e42,e51,e52,a1,lb1,ub1,lb2,ub2,rms_err,max_err
0,MA,5,2,0.183977174865,0.0168792803907,0.7011916466,0.0276656586647,0.98649170761,-0.0500091263767,1.62646163828,-1.06708308254,1.24383536312,0.670470192215,1.91481346207,-0.945332275351,11.119073802,0.656871712132,7.10243178294,1,0.0647735774818,0.261073157391,0.75,0.99,0.0200955186381,0.0479473482551
