,ftype,K,d,c1,c2,c3,c4,c5,e11,e12,e21,e22,e31,e32,e41,e42,e51,e52,a1,lb1,ub1,lb2,ub2,rms_err,max_err
0,MA,5,2,0.0112092246639,0.0241994309112,5.11734188235,5.50110818368,7.20237294594,-0.956313561761,1.63704239989,-0.798271483018,7.40859041132,1.45211805183,9.91902389588,1.87363228118,-0.0220947338337,1.78395264737,1.71319869938,1,0.0647735774818,0.231513137534,0.75,0.99,0.0465029392129,0.118807080205
