,ftype,K,d,c1,c2,c3,c4,c5,e11,e12,e21,e22,e31,e32,e41,e42,e51,e52,a1,lb1,ub1,lb2,ub2,rms_err,max_err
0,SMA,5,2,7.5556099242e-11,1.59923466526e-19,9.43301967841e-18,9438659.86801,1.30176069009e-07,20.4655965358,3.39903274219,34.2333887069,-9.98240575203,71.670517222,-10.3499370585,5150.47824827,-9.47021892504,44.9039882701,6.2922646273,14.7692763628,0.0647735774818,0.261073157391,0.75,0.99,0.0255993520346,0.080187759929
