,ftype,K,d,c1,c2,c3,c4,c5,e11,e12,e21,e22,e31,e32,e41,e42,e51,e52,a1,lb1,ub1,lb2,ub2,rms_err,max_err
0,SMA,5,2,8.17577875946e-34,2.4023788015e-19,3.84117733383e-30,2.07640988078e-26,1.46320194753e-32,-17.844066559,55.360864151,3.2757738886,46.9509994288,-19.4623344408,148.610319495,-18.6153509644,570.297003955,-19.7399690615,89.1087850948,27.7916416518,0.0647735774818,0.261073157391,0.75,0.99,0.0326335827279,0.107975588925
