,ftype,K,d,c1,c2,c3,c4,c5,e11,e12,e21,e22,e31,e32,e41,e42,e51,e52,a1,lb1,ub1,lb2,ub2,rms_err,max_err
0,MA,5,2,0.0212313319692,0.00989226093651,6.23808050115,6.30904389024,5.27847586065,-0.837880626132,6.70859058368,-1.00397384164,1.57139884318,1.69576185534,2.28384842554,1.78480858366,1.08674828877,1.49632269311,8.67331359132,1,0.0647735774818,0.248821319711,0.75,0.99,0.0486769742922,0.150363708933
