,ftype,K,d,c1,c2,e11,e12,e21,e22,a1,lb1,ub1,lb2,ub2,rms_err,max_err
0,SMA,2,2,0.0368549699285,0.756688326763,35.0091648942,0.0424766331885,0.436376566046,-0.0706520711597,0.212156320029,0.0647735774818,0.254873630576,0.75,0.99,0.0499495801317,0.147016413587
