,ftype,K,d,c1,c2,c3,c4,c5,e11,e12,e21,e22,e31,e32,e41,e42,e51,e52,a1,lb1,ub1,lb2,ub2,rms_err,max_err
0,MA,5,2,2.38469734547,0.644853781035,0.140210481281,1.26612649072,1.80737642408,1.33027774025,1.17448159952,12.8302350807,0.175823975574,2.36656485022,-0.0828011145725,6.25127872843,0.581903164085,3.09845462729,0.878924016225,1,0.0647735774818,0.261073157391,0.75,0.99,0.03190443168,0.114771158266
