,ftype,K,d,c1,c2,c3,c4,c5,e11,e12,e21,e22,e31,e32,e41,e42,e51,e52,a1,lb1,ub1,lb2,ub2,rms_err,max_err
0,SMA,5,2,4.3706735077e-14,1681273.3071,0.000599392018597,2.97410210226e-10,1.1413902847e-11,27.1856818861,-7.48411248054,3799.21592934,-5.98074744354,24.0310782714,6.78792074601,8.85297599946,-0.508366602551,51.9834891628,-6.29200383874,9.856871893,0.0647735774818,0.261073157391,0.75,0.99,0.0265651558083,0.0822250036691
