,ftype,K,d,c1,c2,c3,c4,c5,e11,e12,e21,e22,e31,e32,e41,e42,e51,e52,a1,lb1,ub1,lb2,ub2,rms_err,max_err
0,MA,5,2,0.0311284538361,3.57359358874,0.0507664173774,2.51166298352,0.916273306922,-0.643478131431,0.897077798181,1.53575180441,1.34196980191,-0.519369287978,3.41067218712,1.19302564525,5.08563015398,0.792206378099,1.30420248713,1,0.0647735774818,0.261073157391,0.75,0.99,0.0230113602303,0.0704196910404
