,ftype,K,d,c1,c2,c3,c4,c5,e11,e12,e21,e22,e31,e32,e41,e42,e51,e52,a1,lb1,ub1,lb2,ub2,rms_err,max_err
0,SMA,5,2,9816946571.87,1.76898984151e-25,4.86901918213e-07,99.2599091825,247916116.918,24.9916662546,20.6403593357,-9.8118637826,37.4176374597,-1.04162756431,1123.43543113,10.5567749419,198.150555455,20.2938814256,66.8559121519,16.7924313964,0.0647735774818,0.261073157391,0.75,0.99,0.0469972538405,0.151904441904
