,ftype,K,d,c1,c2,c3,e11,e12,e21,e22,e31,e32,a1,lb1,ub1,lb2,ub2,rms_err,max_err
0,SMA,3,2,0.0491516234565,0.721504970485,1.95518996058,25.2430638947,0.117047582782,0.361836313298,-0.0922543833256,-28.9012876303,9.86960125357,0.14718484343,0.0647735774818,0.261073157391,0.75,0.99,0.0453723544146,0.115278824557
