,ftype,K,d,c1,c2,c3,c4,c5,e11,e12,e21,e22,e31,e32,e41,e42,e51,e52,a1,lb1,ub1,lb2,ub2,rms_err,max_err
0,MA,5,2,5.47442586725,0.0240304604672,5.2200709207,5.09987472693,0.0109071626469,4.39012753908,1.5788963539,49.884120135,-0.950060249698,1.59866892744,1.6491695323,1.03797790472,1.67870258686,1.56098337966,-0.994245167444,1,0.0647735774818,0.261073157391,0.75,0.99,0.0393416754152,0.106100567011
