,ftype,K,d,c1,c2,c3,c4,e11,e12,e21,e22,e31,e32,e41,e42,a1,lb1,ub1,lb2,ub2,rms_err,max_err
0,MA,4,2,0.889584868683,0.566620300041,0.730751010759,0.933046487989,0.362098401989,2.48343817533,-0.0212137645005,5.74738671019,0.160773233078,3.43442391976,0.432392069617,1.76902000032,1,0.0647735774818,0.261073157391,0.75,0.99,0.04496445277,0.124604318205
