,ftype,K,d,c1,c2,c3,c4,c5,e11,e12,e21,e22,e31,e32,e41,e42,e51,e52,a1,lb1,ub1,lb2,ub2,rms_err,max_err
0,MA,5,2,0.589224923611,1.22219560949,0.909608411474,0.85108855425,1.14754453707,0.0142528738468,6.83631897958,0.747421379313,1.2700981818,0.325598191536,3.44905667654,0.269281420125,3.80755153275,0.59328767756,1.77838038752,1,0.0647735774818,0.261073157391,0.75,0.99,0.0422824738348,0.0993248814226
