,ftype,K,d,c1,c2,c3,e11,e12,e21,e22,e31,e32,a1,lb1,ub1,lb2,ub2,rms_err,max_err
0,MA,3,2,0.755950605816,0.666561180646,0.546700928107,0.280970980159,1.69535397501,0.0991859153719,2.94470484803,-0.0560494151508,5.28486690924,1,0.0647735774818,0.261073157391,0.75,0.99,0.0451210754678,0.1454875164
