,ftype,K,d,c1,c2,c3,c4,c5,e11,e12,e21,e22,e31,e32,e41,e42,e51,e52,a1,lb1,ub1,lb2,ub2,rms_err,max_err
0,MA,5,2,0.72749142835,0.0276284879101,0.463741486847,0.0109551511002,0.17516496452,0.469088448651,7.52148838022,-0.959480083849,3.23755321154,0.436346383099,1.96297811827,-1.27701423245,1.37944875492,-0.112381077769,1.98706087032,1,0.0647735774818,0.261073157391,0.75,0.99,0.0239565811196,0.0643799286473
