,ftype,K,d,c1,c2,e11,e12,e21,e22,a1,lb1,ub1,lb2,ub2,rms_err,max_err
0,MA,2,2,0.368167580364,0.389881453696,1.89241132278,-0.188866501879,4.22774705485,-0.232984769011,1,0.0647735774818,0.261073157391,0.75,0.99,0.0464382844704,0.153657019019
