,ftype,K,d,c1,c2,c3,c4,c5,e11,e12,e21,e22,e31,e32,e41,e42,e51,e52,a1,lb1,ub1,lb2,ub2,rms_err,max_err
0,SMA,5,2,0.0531059797329,0.198897518249,0.199960309664,0.196674913299,0.197842417263,0.386494620573,50.5164013516,-0.0749813841134,0.751648811053,-0.0741431328907,0.684892659271,-0.0530575750603,-0.758698862282,-0.0749810950212,0.766933098576,0.118857363081,0.0647735774818,0.261073157391,0.75,0.99,0.0489659710498,0.124715516983
