,ftype,K,d,c1,c2,c3,c4,c5,e11,e12,e21,e22,e31,e32,e41,e42,e51,e52,a1,lb1,ub1,lb2,ub2,rms_err,max_err
0,MA,5,2,0.631887747263,0.51760912236,0.586127287181,0.869623514119,0.507179184208,0.146770619039,1.68754828191,-0.0938535149474,4.81725440696,0.0289979895898,2.54666442296,0.372990755876,2.36072021761,-0.0131051596409,2.94170413665,1,0.0647735774818,0.261073157391,0.75,0.99,0.0444414389794,0.144415816625
