,ftype,K,d,c1,c2,c3,c4,c5,e11,e12,e21,e22,e31,e32,e41,e42,e51,e52,a1,lb1,ub1,lb2,ub2,rms_err,max_err
0,MA,5,2,0.950545443857,1.68435286203,1.37205024645,1.43541322213,0.615786829318,0.377689328451,5.50952992435,0.938896801621,1.40145952942,0.682497619041,2.86630960768,0.695543813091,4.1624518852,0.0882772624513,10.3543849265,1,0.0647735774818,0.261073157391,0.75,0.99,0.0292515027469,0.0662009009158
