,ftype,K,d,c1,c2,c3,c4,c5,e11,e12,e21,e22,e31,e32,e41,e42,e51,e52,a1,lb1,ub1,lb2,ub2,rms_err,max_err
0,MA,5,2,0.132271325936,0.68794189382,1.36555342552,0.824793671428,1.88275009262,1.90021699872,-0.0795337085425,10.1377934975,0.162890312072,3.5233794298,0.661469243961,5.11843733554,0.388960950803,1.4655936195,1.00395814359,1,0.0647735774818,0.261073157391,0.75,0.99,0.0305676778674,0.0867424250705
