,ftype,K,d,c1,c2,c3,c4,c5,e11,e12,e21,e22,e31,e32,e41,e42,e51,e52,a1,lb1,ub1,lb2,ub2,rms_err,max_err
0,MA,5,2,0.0654542940092,0.554265645449,3.04319588762,0.0322602827282,2.19122418636,-0.446583654937,3.81881526912,0.550432546253,1.31157655216,1.48048693164,1.41278524544,-0.657394906314,0.958468669006,1.13434931865,5.29786743648,1,0.0647735774818,0.261073157391,0.75,0.99,0.0250942744229,0.0698471479245
