,ftype,K,d,c1,c2,c3,c4,c5,e11,e12,e21,e22,e31,e32,e41,e42,e51,e52,a1,lb1,ub1,lb2,ub2,rms_err,max_err
0,SMA,5,2,0.198936124618,1.42281813444,0.0315145472321,1.05277332454e-05,0.00116553358034,1.36459502625,7.56143810547,2.35227246163,52.9489343555,1.56173477583,-0.274982909073,-3.21439415856,3.09548239106,-0.934689173396,24.8257169719,2.5312182681,0.0647735774818,0.261073157391,0.75,0.99,0.0256096685807,0.0647947380706
