,ftype,K,d,c1,c2,c3,c4,c5,e11,e12,e21,e22,e31,e32,e41,e42,e51,e52,a1,lb1,ub1,lb2,ub2,rms_err,max_err
0,MA,5,2,0.0209240239095,1.0130236299,0.423737897709,0.192824233529,1.43077724294,-0.965106141109,1.40777261159,0.888131995048,1.77941106567,0.301748544378,3.47023973396,0.00951246673992,1.39442086483,0.887891499346,6.87587275165,1,0.0647735774818,0.261073157391,0.75,0.99,0.0236583534897,0.0684648646161
