,ftype,K,d,c1,c2,c3,c4,c5,e11,e12,e21,e22,e31,e32,e41,e42,e51,e52,a1,lb1,ub1,lb2,ub2,rms_err,max_err
0,MA,5,2,0.635907510303,0.922186113337,0.836405352434,0.707885393923,0.559741172804,2.73459721639,0.182564182599,3.61065129118,0.351382394945,1.72993690505,0.353812230421,3.16477766176,0.136199988692,5.52451855951,-0.037227910338,1,0.0647735774818,0.261073157391,0.75,0.99,0.0452833194091,0.138195888782
