,ftype,K,d,c1,c2,c3,c4,e11,e12,e21,e22,e31,e32,e41,e42,a1,lb1,ub1,lb2,ub2,rms_err,max_err
0,MA,4,2,0.611464783621,0.893402291053,1.19622677197,1.38827328033,0.0562657374454,8.13487996375,0.322011068813,4.52607941139,0.560692295164,2.90672466036,0.773561066274,1.56161296867,1,0.0647735774818,0.261073157391,0.75,0.99,0.0355272997898,0.0797567873652
