,ftype,K,d,c1,c2,c3,c4,c5,e11,e12,e21,e22,e31,e32,e41,e42,e51,e52,a1,lb1,ub1,lb2,ub2,rms_err,max_err
0,SMA,5,2,1.42332047929e+15,1.41113953645e-07,283371.188388,3.78353302422e-36,3.17184647548e+13,36.0376883374,28.6780262686,0.773220897688,1560.30015108,18.0632020782,264.654879873,-14.7070906218,50.6673242002,30.6408389038,86.2063359638,22.9616565703,0.0647735774818,0.254873630576,0.75,0.99,0.0491300664626,0.157939998563
