,ftype,K,d,c1,c2,c3,c4,e11,e12,e21,e22,e31,e32,e41,e42,a1,lb1,ub1,lb2,ub2,rms_err,max_err
0,MA,4,2,0.0279982963278,7.80648838505,6.6415435087,0.0099287964073,7.43037817147,-0.742932299886,1.25379783811,1.86219125809,6.22301100389,1.6055829694,1.62527447975,-1.00166194441,1,0.0647735774818,0.215408924417,0.75,0.99,0.0414664735067,0.125405520757
