,ftype,K,d,c1,c2,c3,c4,c5,e11,e12,e21,e22,e31,e32,e41,e42,e51,e52,a1,lb1,ub1,lb2,ub2,rms_err,max_err
0,SMA,5,2,0.00051602738832,1.02571955873,0.885011461897,0.0655004606984,4.37066293002e-07,-1.17127180847,17.0659281559,2.23748165179,128.703195459,2.75972426321,24.6472237396,1.43213017176,4.58757698198,-4.1463408641,3.57583843057,3.10030858332,0.0647735774818,0.261073157391,0.75,0.99,0.0263057109051,0.068429851953
