,ftype,K,d,c1,c2,c3,c4,c5,e11,e12,e21,e22,e31,e32,e41,e42,e51,e52,a1,lb1,ub1,lb2,ub2,rms_err,max_err
0,MA,5,2,0.903706630616,0.015500430234,0.031766017427,0.176028841128,0.604528653357,7.19225191172,0.603215177692,1.28620928286,-1.11535501734,24.4878501245,-0.956994793621,1.69184054352,-0.0816379138903,1.95024115382,0.584565079553,1,0.0647735774818,0.261073157391,0.75,0.99,0.0205000382155,0.0480200368567
