,ftype,K,d,c1,c2,c3,c4,c5,e11,e12,e21,e22,e31,e32,e41,e42,e51,e52,a1,lb1,ub1,lb2,ub2,rms_err,max_err
0,SMA,5,2,9.91716886835e-11,1.56540967957e-10,1.75932977271e-14,2.30542739555e-12,0.000382329368963,-0.70744201229,6.79340149245,-5.87997177863,103.004273907,-7.61634489039,25.9760396078,-6.55266318188,42.4139307925,6.71524525294,23.0538864689,9.94773710515,0.0647735774818,0.261073157391,0.75,0.99,0.0254587154083,0.0763882084675
