,ftype,K,d,c1,c2,c3,c4,e11,e12,e21,e22,e31,e32,e41,e42,a1,lb1,ub1,lb2,ub2,rms_err,max_err
0,MA,4,2,0.00932697465051,5.54190440121,5.57264762895,0.0166099230805,-1.02776154204,1.49897262783,1.70576904738,1.17892286011,1.56251367351,5.15663037191,-0.925423403614,6.22639407457,1,0.0647735774818,0.261073157391,0.75,0.99,0.0496920200483,0.142275868087
