,ftype,K,d,c1,c2,c3,c4,c5,e11,e12,e21,e22,e31,e32,e41,e42,e51,e52,a1,lb1,ub1,lb2,ub2,rms_err,max_err
0,MA,5,2,0.921750944121,0.659849931557,0.816985492308,0.867192548953,0.564941777102,0.430553086266,1.73496673096,0.0841480388141,4.05109515013,0.255670496794,2.90464049778,0.34307218524,2.76218342843,-0.0449259373179,10.3099194477,1,0.0647735774818,0.261073157391,0.75,0.99,0.0440570347545,0.12884177202
