,ftype,K,d,c1,c2,c3,c4,e11,e12,e21,e22,e31,e32,e41,e42,a1,lb1,ub1,lb2,ub2,rms_err,max_err
0,MA,4,2,0.998857132825,0.556914353871,0.981635157282,0.701113037381,0.510998791153,1.6546286316,-0.0302232755585,8.28471695604,0.414229013531,2.44075576126,0.126544241401,4.26917227276,1,0.0647735774818,0.261073157391,0.75,0.99,0.0434821393561,0.122710894851
