,ftype,K,d,c1,c2,c3,c4,e11,e12,e21,e22,e31,e32,e41,e42,a1,lb1,ub1,lb2,ub2,rms_err,max_err
0,MA,4,2,0.16287559357,0.169647981942,0.115207526802,0.100644775267,-0.185357874124,1.57435505326,-0.583803848038,18.5134015933,-0.646564117909,3.65642759288,-0.639219401847,2.49004468663,1,0.0647735774818,0.261073157391,0.75,0.99,0.0421356967954,0.126435074476
