,ftype,K,d,c1,c2,c3,c4,c5,e11,e12,e21,e22,e31,e32,e41,e42,e51,e52,a1,lb1,ub1,lb2,ub2,rms_err,max_err
0,MA,5,2,4.11792697799,3.03019076425,4.53319772192,4.27941422615,0.0179602759592,1.56255064213,1.01822124633,1.44349406368,0.918578358683,1.49072465317,3.98348169151,1.54525785779,1.44464217469,-0.848105416714,1.66655179731,1,0.0647735774818,0.261073157391,0.75,0.99,0.0326406277626,0.093672120014
