,ftype,K,d,c1,c2,c3,c4,c5,e11,e12,e21,e22,e31,e32,e41,e42,e51,e52,a1,lb1,ub1,lb2,ub2,rms_err,max_err
0,SMA,5,2,3.64276178904e-08,1.30285714044e-13,1.95741245031e-15,1.03525553735e-08,4.74290526279e-05,-7.12826734759,1030.96928267,-7.68073831634,57.9168959398,-7.85365576545,27.2991232512,2.82458258389,13.9863259583,6.67276622262,33.3765313789,11.3715493394,0.0647735774818,0.261073157391,0.75,0.99,0.0248355336178,0.0718741176959
