,ftype,K,d,c1,c2,c3,c4,e11,e12,e21,e22,e31,e32,e41,e42,a1,lb1,ub1,lb2,ub2,rms_err,max_err
0,MA,4,2,0.44417410042,1.05927516201,0.419442510261,0.439875900692,-0.0993618821924,1.93101043967,0.531154549908,3.42067316853,-0.0769990432771,1.52482346235,-0.176083147323,4.10146528975,1,0.0647735774818,0.261073157391,0.75,0.99,0.0448278201709,0.157537037175
