,ftype,K,d,c1,c2,c3,c4,c5,e11,e12,e21,e22,e31,e32,e41,e42,e51,e52,a1,lb1,ub1,lb2,ub2,rms_err,max_err
0,SMA,5,2,4.3126683719,2.37541087274,2.99585940687e-06,0.000227518533621,3.84233615649,3.32242430724,0.256720022989,2.48300651768,45.7700359648,-3.18155015256,22.5607941888,-1.82893460224,1.31429775725,2.632674152,5.74276273445,1.99847866601,0.0647735774818,0.261073157391,0.75,0.99,0.0264432461546,0.0602250593773
