,ftype,K,d,c1,c2,c3,c4,c5,e11,e12,e21,e22,e31,e32,e41,e42,e51,e52,a1,lb1,ub1,lb2,ub2,rms_err,max_err
0,MA,5,2,2.81654269861,3.90025466758,0.0206324555105,0.0307677404989,3.78483486985,1.35097893874,1.17685438883,1.53419438945,1.12099474721,-0.76737813117,1.03100513333,-0.685238262313,3.80343572323,1.39921939074,3.90515921082,1,0.0647735774818,0.261073157391,0.75,0.99,0.018782719414,0.0568551832853
