,ftype,K,d,c1,c2,c3,c4,c5,e11,e12,e21,e22,e31,e32,e41,e42,e51,e52,a1,lb1,ub1,lb2,ub2,rms_err,max_err
0,SMA,5,2,3.34350826798,5.16475834966e-05,1.61763978328,0.518106140242,2.94676448984e-07,45.3172061558,2.66908085844,1.98059006639,-2.4467054746,6.78011937369,2.31759055293,0.126560945257,2.59266969678,27.1879077975,-4.06874314735,2.24367256701,0.0647735774818,0.261073157391,0.75,0.99,0.0248440021218,0.0513838436525
