,ftype,K,d,c1,c2,c3,c4,e11,e12,e21,e22,e31,e32,e41,e42,a1,lb1,ub1,lb2,ub2,rms_err,max_err
0,MA,4,2,0.159877261632,0.13274992914,0.0951479762478,0.272221662037,-0.135058233638,1.40458828409,-0.62561797016,6.52137660654,-0.658011310644,2.67669552722,0.145391723909,2.19390613714,1,0.0647735774818,0.261073157391,0.75,0.99,0.0403424747525,0.110901871545
