,ftype,K,d,c1,c2,c3,e11,e12,e21,e22,e31,e32,a1,lb1,ub1,lb2,ub2,rms_err,max_err
0,MA,3,2,0.412454883269,0.364401153448,0.332434803029,-0.257972702284,16.0897342089,-0.26403784772,4.27151593554,-0.237896039493,1.9367309523,1,0.0647735774818,0.261073157391,0.75,0.99,0.0478815759316,0.152777980963
