,ftype,K,d,c1,c2,c3,c4,c5,e11,e12,e21,e22,e31,e32,e41,e42,e51,e52,a1,lb1,ub1,lb2,ub2,rms_err,max_err
0,MA,5,2,0.343126352941,0.186946442657,0.101258922861,0.0686434328045,0.0726354938864,3.98003642061,0.319012456537,1.72035954929,0.0181712558514,7.60163356571,-0.686934817577,2.27924684519,-0.652109104981,3.22717632641,-0.708738524196,1,0.0647735774818,0.261073157391,0.75,0.99,0.0324583068463,0.117975668431
