,ftype,K,d,c1,c2,c3,c4,c5,e11,e12,e21,e22,e31,e32,e41,e42,e51,e52,a1,lb1,ub1,lb2,ub2,rms_err,max_err
0,MA,5,2,0.472088615602,0.216191929896,0.808498881278,0.0127607079267,0.16356327142,1.96644547348,0.448060918062,3.3636588201,-0.0718621408661,7.73596874705,0.533220709165,1.61527869858,-1.23678466089,1.75187668741,-0.119386831132,1,0.0647735774818,0.261073157391,0.75,0.99,0.0268837673546,0.0913547980076
