,ftype,K,d,c1,c2,c3,c4,c5,e11,e12,e21,e22,e31,e32,e41,e42,e51,e52,a1,lb1,ub1,lb2,ub2,rms_err,max_err
0,SMA,5,2,6.33297861489e+21,2.38178895354e-70,4.38955082851e+22,4.68828217683e-63,2.98396681969e+23,39.7556050132,60.5736297841,42.5530430309,-31.7034109288,71.5259570718,59.0999598232,160.487122518,-28.2103078877,186.035202407,57.1619408354,41.2961524128,0.0647735774818,0.261073157391,0.75,0.99,0.0200545310351,0.0436866735183
