,ftype,K,d,c1,c2,c3,c4,c5,e11,e12,e21,e22,e31,e32,e41,e42,e51,e52,a1,lb1,ub1,lb2,ub2,rms_err,max_err
0,MA,5,2,0.205655668926,4.47083961148,0.0141177301391,7.1485016498,4.93837234601,98.604382985,-0.335046116132,11.8250871227,1.35025896519,1.95694677515,-0.89132733486,1.76757434042,1.76951390357,-0.327942903636,1.86008912175,1,0.0647735774818,0.231513137534,0.75,0.99,0.0484014455707,0.124507226316
