,ftype,K,d,c1,c2,c3,c4,e11,e12,e21,e22,e31,e32,e41,e42,a1,lb1,ub1,lb2,ub2,rms_err,max_err
0,MA,4,2,3.83426344812,0.0202646693483,3.76333844227,4.16259677249,1.45360321225,1.48531316282,1.57012207775,-0.806226566536,1.01869417025,1.51448014228,3.91458059402,1.44773592298,1,0.0647735774818,0.261073157391,0.75,0.99,0.0298450250914,0.086569487914
