,ftype,K,d,c1,c2,c3,c4,c5,e11,e12,e21,e22,e31,e32,e41,e42,e51,e52,a1,lb1,ub1,lb2,ub2,rms_err,max_err
0,MA,5,2,0.00956109155507,5.38695511844,5.52403780485,0.0148988795196,1.59035745354,-1.02101022185,1.41855387266,1.69347332686,1.15613760325,1.57284921036,4.77997349908,-0.963595049939,5.81590908097,1.1635681787,1.8293431401,1,0.0647735774818,0.261073157391,0.75,0.99,0.0443831407482,0.125172394109
