,ftype,K,d,c1,c2,c3,c4,e11,e12,e21,e22,e31,e32,e41,e42,a1,lb1,ub1,lb2,ub2,rms_err,max_err
0,SMA,4,2,2.45162760833e-14,0.0127370855724,2890.40659693,40.3803483951,-6.03847463537,16.4654920133,1.30476237688,119.419331328,10.3110111694,9.39695028486,6.29389068211,38.4645253232,8.11233050178,0.0647735774818,0.261073157391,0.75,0.99,0.0351989711851,0.128650225271
