,ftype,K,d,c1,c2,c3,c4,c5,e11,e12,e21,e22,e31,e32,e41,e42,e51,e52,a1,lb1,ub1,lb2,ub2,rms_err,max_err
0,MA,5,2,2.07482869889,0.566908347613,0.0497704275989,0.0327593222151,3.04858058624,5.86715212331,1.09677330271,1.34052114989,0.558278190119,3.37774684254,-0.549794415831,0.908719041524,-0.646780012038,1.44905750591,1.47635287288,1,0.0647735774818,0.261073157391,0.75,0.99,0.0244680446744,0.0753513407859
