,ftype,K,d,c1,c2,c3,c4,c5,e11,e12,e21,e22,e31,e32,e41,e42,e51,e52,a1,lb1,ub1,lb2,ub2,rms_err,max_err
0,SMA,5,2,2.87847018978e+25,4.21616526711e+21,3.39606834803e-70,51265018.4518,9.35105714199e-61,67.7687778418,51.9332569892,57.0791643907,185.038036041,-30.4912590969,41.1062527222,45.4651668974,53.6258847153,-25.0459039204,158.888007,43.7590133168,0.0647735774818,0.261073157391,0.75,0.99,0.0209021204317,0.0630463917763
