,ftype,K,d,c1,c2,c3,c4,c5,e11,e12,e21,e22,e31,e32,e41,e42,e51,e52,a1,lb1,ub1,lb2,ub2,rms_err,max_err
0,SMA,5,2,124641016.848,1.85409005943e-09,5.01244910726e-26,57261778290.7,203.637450188,21.1923139844,80.8546506056,0.861641198613,267.73717534,-8.20330987244,42.3629644617,27.8615875313,25.1422465928,11.8851904834,238.298114084,19.6742286987,0.0647735774818,0.261073157391,0.75,0.99,0.0424848864564,0.146095715541
