,ftype,K,d,c1,c2,c3,c4,c5,e11,e12,e21,e22,e31,e32,e41,e42,e51,e52,a1,lb1,ub1,lb2,ub2,rms_err,max_err
0,SMA,5,2,1.07885281332e-15,3.53574236719e-24,5.54101861571e-29,116506307.6,7.44391658181e-28,37.840343678,4.34916556268,203.369962823,-15.9129096725,45.4814230452,-14.7532238658,162.382547918,37.6853530629,80.8383117632,-16.5411573448,22.9587096755,0.0647735774818,0.261073157391,0.75,0.99,0.0298359471679,0.123114695296
