,ftype,K,d,c1,c2,c3,c4,c5,e11,e12,e21,e22,e31,e32,e41,e42,e51,e52,a1,lb1,ub1,lb2,ub2,rms_err,max_err
0,SMA,5,2,1.34941931999e+20,68.7936330549,1.79307263979e-47,1.17327370518e-55,8.85129268066e+15,43.6979261974,54.7332110665,44.5432496756,31.7429350648,128.933859436,-18.945550421,32.0868129062,-23.868093275,162.080155964,44.3634102909,35.3554871789,0.0647735774818,0.261073157391,0.75,0.99,0.0218237829341,0.0661918574524
