,ftype,K,d,c1,c2,e11,e12,e21,e22,a1,lb1,ub1,lb2,ub2,rms_err,max_err
0,SMA,2,2,0.754226222501,0.0371805429726,-0.0714782558315,0.441475620687,0.0417769330661,35.0165049844,0.21463538182,0.0647735774818,0.254873630576,0.75,0.99,0.0499495795498,0.147018407945
