,ftype,K,d,c1,c2,c3,c4,e11,e12,e21,e22,e31,e32,e41,e42,a1,lb1,ub1,lb2,ub2,rms_err,max_err
0,SMA,4,2,109251.36468,1082.31045344,5.70868046493e-16,0.0123104532177,13.9214926856,12.574004382,9.33893996643,49.2705590094,-6.00909396052,22.4459915344,2.46174819459,150.135847688,10.3592125528,0.0647735774818,0.261073157391,0.75,0.99,0.0395550669984,0.140568899208
