,ftype,K,d,c1,c2,c3,c4,c5,e11,e12,e21,e22,e31,e32,e41,e42,e51,e52,a1,lb1,ub1,lb2,ub2,rms_err,max_err
0,MA,5,2,0.0140336517749,2.82641814169,0.0708124839928,4.87606010906,4.56420193644,1.39141758733,-0.908074965863,1.56826483096,1.38614449677,138.716352302,-0.878839322721,4.14935740732,1.52612011528,1.14039894995,1.60224733229,1,0.0647735774818,0.261073157391,0.75,0.99,0.0267847115541,0.0824670066881
