,ftype,K,d,c1,c2,e11,e12,e21,e22,a1,lb1,ub1,lb2,ub2,rms_err,max_err
0,MA,2,2,0.413992912711,0.404551535075,-0.204982611001,4.16064315879,-0.14120759861,1.85871205913,1,0.0647735774818,0.261073157391,0.75,0.99,0.0453926111989,0.15722144241
