,ftype,K,d,c1,c2,c3,c4,c5,e11,e12,e21,e22,e31,e32,e41,e42,e51,e52,a1,lb1,ub1,lb2,ub2,rms_err,max_err
0,MA,5,2,0.815635765934,0.0154157768069,0.63643720644,0.168072076868,0.491223730157,0.538663474827,7.3366318425,-1.14508935756,1.52163241152,0.557302149341,2.85478285235,-0.11465822104,1.7810877069,0.496753628939,1.72728957142,1,0.0647735774818,0.261073157391,0.75,0.99,0.0253017085911,0.0711350803321
