,ftype,K,d,c1,c2,c3,c4,c5,e11,e12,e21,e22,e31,e32,e41,e42,e51,e52,a1,lb1,ub1,lb2,ub2,rms_err,max_err
0,MA,5,2,0.219466250657,0.0596539493172,0.0984317708767,0.0715064271522,0.0574711232498,1.90086425903,0.151420556151,2.53827922561,-0.681158205927,9.68698603564,-0.666439221327,4.56782909409,-0.714875534943,1.39927037769,-0.555169005401,1,0.0647735774818,0.261073157391,0.75,0.99,0.028883041477,0.098716897807
