,ftype,K,d,c1,c2,c3,c4,c5,e11,e12,e21,e22,e31,e32,e41,e42,e51,e52,a1,lb1,ub1,lb2,ub2,rms_err,max_err
0,MA,5,2,0.633201649094,0.501355524678,0.566387170468,1.17281091703,0.541446236319,1.80988518631,0.130671104088,7.73809796903,-0.124048206134,2.91164618099,-0.00727093627172,3.01474566781,0.558912801255,2.18991893276,0.0557663635218,1,0.0647735774818,0.261073157391,0.75,0.99,0.0441769988877,0.15536092999
