,ftype,K,d,c1,c2,c3,c4,c5,e11,e12,e21,e22,e31,e32,e41,e42,e51,e52,a1,lb1,ub1,lb2,ub2,rms_err,max_err
0,MA,5,2,0.34903709796,0.473652121707,0.487314746294,0.492192154812,0.444249762889,1.78835240427,-0.129508776829,3.5204444803,-0.121469696455,1.89760196496,-0.0482270802091,3.19751239683,-0.0657078984804,6.46713262836,-0.184359520091,1,0.0647735774818,0.261073157391,0.75,0.99,0.0448838573822,0.167460045247
