,ftype,K,d,c1,c2,c3,e11,e12,e21,e22,e31,e32,a1,lb1,ub1,lb2,ub2,rms_err,max_err
0,MA,3,2,0.439727185014,0.435568793095,0.412662479746,-0.176429997908,4.13703317936,-0.108606878474,1.91555450411,-0.0951959416483,1.60018282106,1,0.0647735774818,0.261073157391,0.75,0.99,0.0450870251132,0.167722041319
