,ftype,K,d,c1,c2,c3,c4,c5,e11,e12,e21,e22,e31,e32,e41,e42,e51,e52,a1,lb1,ub1,lb2,ub2,rms_err,max_err
0,MA,5,2,0.58200990487,0.534018457079,0.644408310578,0.653818688066,0.89120712985,1.7911389163,0.0744800194414,2.77864615565,-0.038930439809,2.92974717639,0.107248179317,38.4204965338,-0.148939018924,2.021859922,0.384919155019,1,0.0647735774818,0.261073157391,0.75,0.99,0.04409247681,0.156504708639
