,ftype,K,d,c1,c2,c3,c4,e11,e12,e21,e22,e31,e32,e41,e42,a1,lb1,ub1,lb2,ub2,rms_err,max_err
0,SMA,4,2,2395089.69845,2.28826505273e-21,3.44649694237e-13,4935825.38982,18.0550115921,14.165043595,-9.30901011503,14.3182887359,-8.30801225446,1503.13299202,17.0611653124,61.3731448069,12.7201774557,0.0647735774818,0.261073157391,0.75,0.99,0.0252113350704,0.0592359602889
