,ftype,K,d,c1,c2,c3,e11,e12,e21,e22,e31,e32,a1,lb1,ub1,lb2,ub2,rms_err,max_err
0,SMA,3,2,4.24615983681e+25,2.15355175051e-70,1.34495714141e+25,56.0764341866,167.30936863,-35.8991004033,68.4297083082,59.8429487839,41.8487562593,36.5231931901,0.0647735774818,0.261073157391,0.75,0.99,0.0438161940207,0.116726134078
