,ftype,K,d,c1,c2,c3,c4,c5,e11,e12,e21,e22,e31,e32,e41,e42,e51,e52,a1,lb1,ub1,lb2,ub2,rms_err,max_err
0,MA,5,2,0.701296191996,2.25393740358,0.0324357395139,3.3495763579,0.0512446062103,0.664492041051,1.30119076098,1.13846328546,5.40436989962,-0.638288824887,0.896658195508,1.51633621837,1.38536517045,-0.526068886815,3.37972490244,1,0.0647735774818,0.261073157391,0.75,0.99,0.0237851774721,0.0717159318457
