,ftype,K,d,c1,c2,c3,c4,c5,e11,e12,e21,e22,e31,e32,e41,e42,e51,e52,a1,lb1,ub1,lb2,ub2,rms_err,max_err
0,SMA,5,2,3.12465134106,1.34873780031,2.8221586823,0.00018384630373,2.54844483356e-06,2.47527398217,5.37403268373,3.08012377441,-0.735921058265,2.51499561817,45.1280070114,-1.98830018282,1.44905954408,-3.32195148332,22.753886521,2.00215006147,0.0647735774818,0.261073157391,0.75,0.99,0.0253717150502,0.0553731318992
