,ftype,K,d,c1,c2,c3,c4,c5,e11,e12,e21,e22,e31,e32,e41,e42,e51,e52,a1,lb1,ub1,lb2,ub2,rms_err,max_err
0,MA,5,2,1.25890314423,1.05615044135,0.596858631941,0.841328722886,1.26475891423,0.684281246639,1.65927754768,0.45098921908,3.15187067588,0.0324505974615,7.39709868436,0.270409682309,4.34758848749,0.671256221392,2.33866107901,1,0.0647735774818,0.261073157391,0.75,0.99,0.0390002564463,0.09609580623
