,ftype,K,d,c1,c2,c3,c4,c5,e11,e12,e21,e22,e31,e32,e41,e42,e51,e52,a1,lb1,ub1,lb2,ub2,rms_err,max_err
0,SMA,5,2,3.47656584384e-05,3.67510858357e-14,7.08188009088e+183,4.83852892716e-16,5.95431019847e-09,6.97906999944,35.7034057492,-8.00235639464,59.8748322512,-7.44021986601,44972.1067147,-8.17281607161,28.4791667182,2.95413668473,15.2611750137,11.8569901892,0.0647735774818,0.261073157391,0.75,0.99,0.024830958695,0.0716358982384
