,ftype,K,d,c1,c2,c3,c4,c5,e11,e12,e21,e22,e31,e32,e41,e42,e51,e52,a1,lb1,ub1,lb2,ub2,rms_err,max_err
0,MA,5,2,5.32291247924,5.39916174777,3.00377928055,0.474007313573,0.024938183996,1.65738885113,1.21408631132,1.55041751966,2.82828626412,1.10412689192,9.628717397,0.260457446579,11.7818731971,-0.677203871125,2.03373669419,1,0.0647735774818,0.242912728957,0.75,0.99,0.0497382194704,0.17088694796
