,ftype,K,d,c1,c2,c3,c4,e11,e12,e21,e22,e31,e32,e41,e42,a1,lb1,ub1,lb2,ub2,rms_err,max_err
0,SMA,4,2,7.51110425982e-38,2.02597390419e-06,1.90056930349e+12,1.09805086848e+17,-18.104415179,39.8525893538,-2.83933256283,2711.51401521,25.9224222973,183.510044542,35.5516359897,28.7378888425,19.8130604887,0.0647735774818,0.226015552419,0.75,0.99,0.048453057871,0.108679413321
