,ftype,K,d,c1,c2,c3,c4,c5,e11,e12,e21,e22,e31,e32,e41,e42,e51,e52,a1,lb1,ub1,lb2,ub2,rms_err,max_err
0,MA,5,2,3.57359358874,0.91627330693,0.0507664173802,0.031128453836,2.51166298353,1.34196980191,1.53575180441,1.30420248713,0.792206378103,3.41067218713,-0.519369287957,0.89707779818,-0.643478131433,5.08563015398,1.19302564525,1,0.0647735774818,0.261073157391,0.75,0.99,0.0230113602303,0.0704196910404
