,ftype,K,d,c1,c2,e11,e12,e21,e22,a1,lb1,ub1,lb2,ub2,rms_err,max_err
0,MA,2,2,0.404564160262,0.413998261573,-0.141193991828,1.85873530447,-0.204977778815,4.16058191203,1,0.0647735774818,0.261073157391,0.75,0.99,0.0453926202383,0.157208722693
