,ftype,K,d,c1,c2,c3,c4,e11,e12,e21,e22,e31,e32,e41,e42,a1,lb1,ub1,lb2,ub2,rms_err,max_err
0,MA,4,2,0.182447890352,0.120491307247,0.160781091664,0.132687052152,8.1204487518,-0.535269389903,2.40592029034,-0.60084386397,1.59046339977,-0.267763794778,3.37347007249,-0.615651919592,1,0.0647735774818,0.261073157391,0.75,0.99,0.0465546214082,0.132850125359
