,ftype,K,d,c1,c2,e11,e12,e21,e22,a1,lb1,ub1,lb2,ub2,rms_err,max_err
0,SMA,2,2,0.000147838699942,1.75285153394e-05,58.6357904365,-2.57165057897,14.7975024318,-3.11744838746,6.30375269489,0.0647735774818,0.231513137534,0.75,0.99,0.0497425788587,0.12211889215
