,ftype,K,d,c1,c2,c3,e11,e12,e21,e22,e31,e32,a1,lb1,ub1,lb2,ub2,rms_err,max_err
0,SMA,3,2,1.95512371496,0.721494003251,0.0491532473776,9.86955210702,-28.9012883287,-0.0922586849957,0.361853230675,0.117043777507,25.243104469,0.14719169961,0.0647735774818,0.261073157391,0.75,0.99,0.0453723545232,0.11527882918
