,ftype,K,d,c1,c2,c3,c4,c5,e11,e12,e21,e22,e31,e32,e41,e42,e51,e52,a1,lb1,ub1,lb2,ub2,rms_err,max_err
0,SMA,5,2,1.18832197203e-32,4.32017703446e-24,7.13582056558e-16,5.86747365815e-31,5.10543131862e-19,-17.5282141658,61.6003896516,-17.71096217,934.403611368,5.53596085263,82.3415421847,-19.2222150298,119.114604929,4.07006270731,39.064041262,26.4123936239,0.0647735774818,0.261073157391,0.75,0.99,0.0299895174022,0.110963159157
