,ftype,K,d,c1,c2,c3,c4,c5,e11,e12,e21,e22,e31,e32,e41,e42,e51,e52,a1,lb1,ub1,lb2,ub2,rms_err,max_err
0,SMA,5,2,4.90761700705e-56,68.2978552725,1.138760073e+16,1.8118418875e+20,8.57709480396e-48,-24.0322902224,32.3082681567,31.9439701115,44.8565833471,44.6692933269,163.097389811,55.0926557362,44.0051364032,-19.0738914092,129.717898296,35.5996373836,0.0647735774818,0.261073157391,0.75,0.99,0.0218237768326,0.0661517153003
