,ftype,K,d,c1,c2,c3,c4,c5,e11,e12,e21,e22,e31,e32,e41,e42,e51,e52,a1,lb1,ub1,lb2,ub2,rms_err,max_err
0,SMA,5,2,7.2410150789e-12,0.00424501290106,3.72962535174e-09,3.57640819147e-10,6.45760658571e-08,22.1292837641,-6.08016146709,21.5479572325,6.68603750511,131.44154444,-5.19634455465,47.2588133565,-5.508216613,6.14136904152,1.25909585943,8.50430685624,0.0647735774818,0.261073157391,0.75,0.99,0.0241634435751,0.0768650075526
