,ftype,K,d,c1,c2,c3,c4,c5,e11,e12,e21,e22,e31,e32,e41,e42,e51,e52,a1,lb1,ub1,lb2,ub2,rms_err,max_err
0,MA,5,2,0.831946373554,0.195420500509,0.0251205176546,0.017433747541,1.09035390479,0.772042402888,1.84755104824,-0.0112794386648,1.58549368123,-0.937448577804,3.1720336101,-1.03097526492,1.13821766724,0.717910206977,6.98258342767,1,0.0647735774818,0.261073157391,0.75,0.99,0.0200113960447,0.0497612594256
