,ftype,K,d,c1,c2,c3,c4,c5,e11,e12,e21,e22,e31,e32,e41,e42,e51,e52,a1,lb1,ub1,lb2,ub2,rms_err,max_err
0,MA,5,2,0.268315348467,0.0647814317556,0.0980274806075,0.0391732717084,0.0768217379518,0.291179632102,2.17400601401,-0.68219409542,3.91650392961,-0.615003806159,8.40712808108,-0.82246723675,2.89471794531,-0.431274929101,2.06771914945,1,0.0647735774818,0.261073157391,0.75,0.99,0.0264870911049,0.0756655341926
