,ftype,K,d,c1,c2,c3,c4,c5,e11,e12,e21,e22,e31,e32,e41,e42,e51,e52,a1,lb1,ub1,lb2,ub2,rms_err,max_err
0,SMA,5,2,9781666175.97,8.49904121426e-07,99.1484775994,1.78388099311e-25,247103836.402,24.9877780413,20.6368723271,-1.04200092761,1178.60591089,10.5549248818,198.122446806,-9.81052435529,37.4114789315,20.2905551399,66.8467305582,16.7897811055,0.0647735774818,0.261073157391,0.75,0.99,0.0469972561786,0.151903032279
