,ftype,K,d,c1,c2,c3,c4,c5,e11,e12,e21,e22,e31,e32,e41,e42,e51,e52,a1,lb1,ub1,lb2,ub2,rms_err,max_err
0,MA,5,2,0.206992344033,0.0202309124084,1.54343614851,0.464465937856,1.01302358346,0.036807287017,1.45761051622,-0.976595557694,1.38514246771,0.940219979018,6.74927628273,0.322430391143,4.78005116273,0.888131967349,1.77941105211,1,0.0647735774818,0.261073157391,0.75,0.99,0.0228821290919,0.0730074491454
