,ftype,K,d,c1,c2,c3,c4,c5,e11,e12,e21,e22,e31,e32,e41,e42,e51,e52,a1,lb1,ub1,lb2,ub2,rms_err,max_err
0,MA,5,2,3.09691847439,0.0230421167276,0.880572602471,6.28247574221,6.12600855497,1.11313614303,12.9684142015,-0.715683344541,2.14101346907,0.124946253283,115.895020993,1.75029934563,1.18747212469,1.62161336111,2.88089085524,1,0.0647735774818,0.231513137534,0.75,0.99,0.0464227132691,0.131040881942
