,ftype,K,d,c1,c2,e11,e12,e21,e22,a1,lb1,ub1,lb2,ub2,rms_err,max_err
0,SMA,2,2,0.0412203566682,0.749233634242,0.106119877175,35.2033540755,-0.0758991170283,0.445988469922,0.208063875485,0.0647735774818,0.237144445492,0.75,0.99,0.049337555268,0.136938850207
