,ftype,K,d,c1,c2,c3,c4,e11,e12,e21,e22,e31,e32,e41,e42,a1,lb1,ub1,lb2,ub2,rms_err,max_err
0,MA,4,2,0.123830684092,0.073962940925,0.167215649535,0.0899267695127,6.78449135768,-0.641679323436,1.76164080171,-0.628526111367,1.52828878348,-0.0985457237166,2.87910905621,-0.671239805258,1,0.0647735774818,0.261073157391,0.75,0.99,0.0375135875479,0.109503081256
