,ftype,K,d,c1,c2,c3,c4,c5,e11,e12,e21,e22,e31,e32,e41,e42,e51,e52,a1,lb1,ub1,lb2,ub2,rms_err,max_err
0,SMA,5,2,1.48414160021,2.83438624608,0.000183655991306,2.99904375456,2.48141506724e-06,-0.471159480341,3.05067450017,45.4319999886,2.5203948287,1.45246416613,-1.98853667126,5.54250237195,2.46350287409,22.8652980031,-3.33125001148,2.00297241094,0.0647735774818,0.261073157391,0.75,0.99,0.02537171854,0.0554512922075
