,ftype,K,d,c1,c2,c3,e11,e12,e21,e22,e31,e32,a1,lb1,ub1,lb2,ub2,rms_err,max_err
0,MA,3,2,0.771835872519,0.629551620766,0.644675413293,0.278165671934,1.7991949855,0.0559675623116,3.20477904883,-0.0759899622206,25.6852027172,1,0.0647735774818,0.261073157391,0.75,0.99,0.0448516290712,0.131828073859
