,ftype,K,d,c1,c2,c3,c4,e11,e12,e21,e22,e31,e32,e41,e42,a1,lb1,ub1,lb2,ub2,rms_err,max_err
0,SMA,4,2,9.62589853613e-06,1.344496309e-11,20019.0855185,301754668.992,11.0515008599,282.256420075,1.94291407712,513.140725087,27.3380775553,145.721441625,40.018796518,67.5630450885,46.5698348053,0.0647735774818,0.261073157391,0.75,0.99,0.0313219531657,0.0714357439854
