,ftype,K,d,c1,c2,c3,e11,e12,e21,e22,e31,e32,a1,lb1,ub1,lb2,ub2,rms_err,max_err
0,MA,3,2,0.364325323196,0.329954572184,0.33836259803,-0.269833291004,5.42666006764,-0.236096447248,1.89256165548,-0.251334174321,2.32562320403,1,0.0647735774818,0.261073157391,0.75,0.99,0.0478306704929,0.153070693432
