,ftype,K,d,c1,c2,c3,c4,c5,e11,e12,e21,e22,e31,e32,e41,e42,e51,e52,a1,lb1,ub1,lb2,ub2,rms_err,max_err
0,MA,5,2,0.523834405843,0.811620666621,1.02806968771,0.687816741938,0.628163916413,-0.0828588735444,5.10823357964,0.217277294622,9.32996166189,0.430616449149,4.36365741572,0.208381513795,1.69915731312,0.0640418975889,2.75695431431,1,0.0647735774818,0.261073157391,0.75,0.99,0.0447064294028,0.143254506662
