,ftype,K,d,c1,c2,c3,c4,c5,e11,e12,e21,e22,e31,e32,e41,e42,e51,e52,a1,lb1,ub1,lb2,ub2,rms_err,max_err
0,MA,5,2,0.127518449319,2.1069946939,1.40507195145,0.677432952039,1.3010177453,-0.112137781354,2.20638710907,1.07547532294,1.47645743167,0.68184250483,3.88338562645,0.176698359833,11.2298551744,0.433021995741,31.6428431027,1,0.0647735774818,0.261073157391,0.75,0.99,0.0318082921493,0.103876529367
