,ftype,K,d,c1,c2,e11,e12,e21,e22,a1,lb1,ub1,lb2,ub2,rms_err,max_err
0,SMA,2,2,0.7485856804,0.0413072761007,-0.0761264980894,0.447326347363,0.105857356222,35.205900984,0.208687831985,0.0647735774818,0.237144445492,0.75,0.99,0.0493375544972,0.136938081924
