,ftype,K,d,c1,c2,e11,e12,e21,e22,a1,lb1,ub1,lb2,ub2,rms_err,max_err
0,SMA,2,2,0.000148207604218,1.75820367388e-05,-2.57082098288,58.6275011762,-3.11657895338,14.79331715,6.30198766858,0.0647735774818,0.231513137534,0.75,0.99,0.0497425789162,0.122119059917
