,ftype,K,d,c1,c2,c3,e11,e12,e21,e22,e31,e32,a1,lb1,ub1,lb2,ub2,rms_err,max_err
0,MA,3,2,0.540196150157,0.692519918375,0.576985434933,-0.0317296576325,2.71782268541,-0.14856316621,44.0534388124,0.0770937492942,1.73716383834,1,0.0647735774818,0.261073157391,0.75,0.99,0.0440895530615,0.156208521916
