,ftype,K,d,c1,c2,c3,c4,c5,e11,e12,e21,e22,e31,e32,e41,e42,e51,e52,a1,lb1,ub1,lb2,ub2,rms_err,max_err
0,SMA,5,2,1.37720479009e-21,2.15947915106e-09,3.3279828314e-23,6.89308229172e-13,1.62142296317e-15,-12.9135388211,86.4380955012,6.73260565174,60.3963300131,-12.0427179473,41.8264000484,3.76687601557,26.8010896024,-11.7805892213,946.757568455,17.9871817092,0.0647735774818,0.261073157391,0.75,0.99,0.0262674391163,0.0881799470873
