,ftype,K,d,c1,c2,c3,c4,c5,e11,e12,e21,e22,e31,e32,e41,e42,e51,e52,a1,lb1,ub1,lb2,ub2,rms_err,max_err
0,SMA,5,2,2.511383042e-23,2.73161443406e-20,8.47700352763e+55,2.83378860192e-13,2.11620670985e-24,70.1766678059,-14.0900635349,170.445014041,-13.3913242837,129.333679196,116.165113562,31.2023417791,3.77292331639,38.9422427772,-12.6193169169,19.4758406098,0.0647735774818,0.261073157391,0.75,0.99,0.0309161795383,0.120892993417
