,ftype,K,d,c1,c2,c3,c4,c5,e11,e12,e21,e22,e31,e32,e41,e42,e51,e52,a1,lb1,ub1,lb2,ub2,rms_err,max_err
0,SMA,5,2,2.4510200591e-07,0.67548254457,1.56857468463e-10,1.50621710189e-11,3.97862201911e-12,23.2668594082,13.4366941676,110.125902164,19.4893367082,42.8018229471,7.06255549468,202.401795174,3.28544938311,15.5532836749,7.32169712365,15.3440625785,0.0647735774818,0.261073157391,0.75,0.99,0.0156473434253,0.0709424556766
