,ftype,K,d,c1,c2,c3,c4,e11,e12,e21,e22,e31,e32,e41,e42,a1,lb1,ub1,lb2,ub2,rms_err,max_err
0,SMA,4,2,1.13095276791e-55,1.94933553652e-11,4.05188366094e-23,4.91768409521e+45,39.4335902746,-30.2168321384,109.992359406,10.624945433,53.7503418896,1.52572936651,11857.7994184,15.0002389925,41.8345264227,0.0647735774818,0.261073157391,0.75,0.99,0.0330053657898,0.105366774624
