,ftype,K,d,c1,c2,c3,c4,c5,e11,e12,e21,e22,e31,e32,e41,e42,e51,e52,a1,lb1,ub1,lb2,ub2,rms_err,max_err
0,MA,5,2,0.0104739555396,0.0501101971718,0.210634964839,6.79323058581,7.274138093,-0.890063303222,0.860000900574,-0.318140383268,1.24814034502,0.162359247148,4.67357206126,1.61558079917,4.75003054546,1.77331426718,1.36252296105,1,0.0647735774818,0.215408924417,0.75,0.99,0.0449153307988,0.109631711813
