,ftype,K,d,c1,c2,c3,c4,c5,e11,e12,e21,e22,e31,e32,e41,e42,e51,e52,a1,lb1,ub1,lb2,ub2,rms_err,max_err
0,SMA,5,2,0.0200413682634,0.0454198389449,1.75795480787e-13,0.000368688072076,5.81966224596e-19,10.114107542,44.6653383573,8.93216194353,176.575007434,-1.19909309913,64.9980304027,9.52097123884,15.4597324718,-4.9867777518,12.8947655657,11.3720362453,0.0647735774818,0.261073157391,0.75,0.99,0.00889510177468,0.0245076238098
