,ftype,K,d,c1,c2,c3,c4,c5,e11,e12,e21,e22,e31,e32,e41,e42,e51,e52,a1,lb1,ub1,lb2,ub2,rms_err,max_err
0,MA,5,2,0.0738337300625,1.74812846611,1.81941252258,1.49167221072,0.0253901709498,-0.1655696959,4.17324538394,1.05411659576,8.96754611317,1.19639016977,2.95339213973,1.19052188197,1.49085425719,-0.495269636764,1.1300573156,1,0.0647735774818,0.261073157391,0.75,0.99,0.031369155043,0.0670219908171
