,ftype,K,d,c1,c2,c3,c4,c5,e11,e12,e21,e22,e31,e32,e41,e42,e51,e52,a1,lb1,ub1,lb2,ub2,rms_err,max_err
0,MA,5,2,0.260735623367,5.23929611764,0.0356737017181,4.10629054937,5.25763832474,0.268867146521,4.59636035609,1.50458296467,4.94726937826,-0.417595070366,1.07222473296,1.48646013895,2.40685564861,1.62997188342,1.4387378975,1,0.0647735774818,0.231513137534,0.75,0.99,0.0488986666336,0.115129252818
