,ftype,K,d,c1,c2,c3,c4,c5,e11,e12,e21,e22,e31,e32,e41,e42,e51,e52,a1,lb1,ub1,lb2,ub2,rms_err,max_err
0,MA,5,2,0.0330642335345,0.561509964903,0.0747935442658,0.799542352748,0.276983617132,-0.885436699347,0.998778424441,0.296765953462,2.09746945417,-0.615682621992,3.18343680907,0.384033782134,5.14100932653,0.00928561522378,1.37333555188,1,0.0647735774818,0.261073157391,0.75,0.99,0.0161345472999,0.0597000852225
