,ftype,K,d,c1,c2,c3,c4,c5,e11,e12,e21,e22,e31,e32,e41,e42,e51,e52,a1,lb1,ub1,lb2,ub2,rms_err,max_err
0,MA,5,2,1.41501372264,0.123507957394,0.0647405397126,1.13240093988,0.321887257405,0.863914246156,6.18650023768,-0.248777455744,1.04797392361,-0.511983808887,0.838141502464,0.917432937539,1.68384067969,0.126427038422,2.89213428748,1,0.0647735774818,0.261073157391,0.75,0.99,0.0187190164353,0.0564790217311
