,ftype,K,d,c1,c2,c3,c4,e11,e12,e21,e22,e31,e32,e41,e42,a1,lb1,ub1,lb2,ub2,rms_err,max_err
0,MA,4,2,0.0245694036958,4.01774138963,2.89374645444,0.0120255397672,-0.751831018494,2.9825734891,1.39460733768,3.26209870471,1.33196704771,1.29876709355,-0.976642803704,0.818992725245,1,0.0647735774818,0.261073157391,0.75,0.99,0.0368742302462,0.132280843682
