,ftype,K,d,c1,c2,c3,c4,c5,e11,e12,e21,e22,e31,e32,e41,e42,e51,e52,a1,lb1,ub1,lb2,ub2,rms_err,max_err
0,SMA,5,2,18.9172755739,0.0165994734796,8.82567619946e-15,1.918416633e-10,0.000857590998762,847.600237373,6.43355720186,36.3415297505,7.63382988986,10.3867212348,-3.58413572491,56.5188422054,-0.619611381554,11.4817131302,7.22073358667,8.85905034129,0.0647735774818,0.261073157391,0.75,0.99,0.00834763049831,0.0270330129135
