,ftype,K,d,c1,c2,c3,c4,c5,e11,e12,e21,e22,e31,e32,e41,e42,e51,e52,a1,lb1,ub1,lb2,ub2,rms_err,max_err
0,SMA,5,2,31705.7616432,1057.01886153,1.5566671118e-21,12890.6030832,51463.634123,14.9969571879,50.5976947406,15.7949514601,10.0752035868,-7.75511673622,15.2701815974,15.6952562561,20.1993740295,13.2722221431,304.662172409,11.8821663056,0.0647735774818,0.261073157391,0.75,0.99,0.0422443652695,0.0892106500796
