,ftype,K,d,c1,c2,c3,c4,c5,e11,e12,e21,e22,e31,e32,e41,e42,e51,e52,a1,lb1,ub1,lb2,ub2,rms_err,max_err
0,MA,5,2,4.77534146946,0.0128291273891,2.2979045525,3.68759121226,3.26401244857,1.4693061646,4.39812501741,-0.959358833387,1.13957233878,1.17310215767,3.76647520189,1.42369887093,1.65219274697,1.40427805289,1.18092015085,1,0.0647735774818,0.261073157391,0.75,0.99,0.0462599348478,0.120844021962
