,ftype,K,d,c1,c2,c3,c4,c5,e11,e12,e21,e22,e31,e32,e41,e42,e51,e52,a1,lb1,ub1,lb2,ub2,rms_err,max_err
0,MA,5,2,0.036454009313,0.721592088239,0.292422541956,2.73646186956,2.29838853279,-0.671697787928,0.949272599118,0.562642263135,3.36165386718,0.217613003582,1.18788631093,1.23649209502,5.74116247018,1.30061373411,1.71535057371,1,0.0647735774818,0.261073157391,0.75,0.99,0.0211511353181,0.0667295045143
