,ftype,K,d,c1,c2,c3,c4,c5,e11,e12,e21,e22,e31,e32,e41,e42,e51,e52,a1,lb1,ub1,lb2,ub2,rms_err,max_err
0,SMA,5,2,0.387324310712,0.122572264621,0.00608169576931,6.43952122011e-13,1.47376198387e-05,77.1556418052,3.47569515187,23.8087119308,3.43907054988,11.0882586124,2.76884108173,8.77778368326,-7.60691886449,984.24115556,-4.76373490174,7.59207365256,0.0647735774818,0.261073157391,0.75,0.99,0.021565103529,0.0565994097644
