,ftype,K,d,c1,c2,c3,c4,c5,e11,e12,e21,e22,e31,e32,e41,e42,e51,e52,a1,lb1,ub1,lb2,ub2,rms_err,max_err
0,MA,5,2,0.102718386902,0.143627075909,0.420403642185,0.605797901175,0.0880062793353,-0.41308290912,2.43668895391,-0.240446736373,0.983873906993,0.176348599035,2.13373252326,0.295638135965,4.08576277867,-0.424438687733,0.632444090936,1,0.0647735774818,0.261073157391,0.75,0.99,0.038470926637,0.140922034234
