,ftype,K,d,c1,c2,c3,c4,c5,e11,e12,e21,e22,e31,e32,e41,e42,e51,e52,a1,lb1,ub1,lb2,ub2,rms_err,max_err
0,MA,5,2,0.229261704164,3.69991906943,0.0172572598172,2.680646827,2.30745878431,0.199505933789,1.86220013773,1.33818335905,4.52041508436,-0.878092956318,1.08893304529,1.2603703571,1.72200362574,1.23093145369,1.21846062983,1,0.0647735774818,0.261073157391,0.75,0.99,0.0286330469129,0.0909237101765
