,ftype,K,d,c1,c2,c3,c4,c5,e11,e12,e21,e22,e31,e32,e41,e42,e51,e52,a1,lb1,ub1,lb2,ub2,rms_err,max_err
0,MA,5,2,0.00262832250028,0.689774213858,3.58024971865,3.76326508632,0.0770988476027,-1.370226409,1.20640518526,0.662743810879,5.53568715863,1.48022684539,1.47810928238,1.37026281604,5.35396903473,-0.104403773828,1.25895644988,1,0.0647735774818,0.254873630576,0.75,0.99,0.0489765861452,0.1160244066
