,ftype,K,d,c1,c2,c3,c4,c5,e11,e12,e21,e22,e31,e32,e41,e42,e51,e52,a1,lb1,ub1,lb2,ub2,rms_err,max_err
0,SMA,5,2,6515.43785278,0.00320706046241,0.0112645951078,1.34539589732e-06,0.177522427315,11.7929332415,30.0583592682,1.21050426591,24.9713877531,2.21691049001,4.09059395543,-1.13714809455,4.35081890695,0.934349522876,485.482035342,3.43530932033,0.0647735774818,0.261073157391,0.75,0.99,0.00555301138896,0.018725633765
