,ftype,K,d,c1,c2,c3,c4,c5,e11,e12,e21,e22,e31,e32,e41,e42,e51,e52,a1,lb1,ub1,lb2,ub2,rms_err,max_err
0,MA,5,2,0.136037810188,0.794968503714,0.0812794806497,0.684979205902,0.505860328736,-0.261674649847,1.30809477901,0.472554434477,6.92541021349,-0.428537160376,0.594607483721,0.621629740464,1.54295139199,0.29096257719,2.7307649799,1,0.0647735774818,0.261073157391,0.75,0.99,0.0171217553665,0.0546550946813
