,ftype,K,d,c1,c2,c3,c4,c5,e11,e12,e21,e22,e31,e32,e41,e42,e51,e52,a1,lb1,ub1,lb2,ub2,rms_err,max_err
0,MA,5,2,0.476104920226,0.0828034898724,0.21304899221,0.0430022952775,0.736862554242,0.20790022214,2.04963955241,-0.553776244281,2.73296090331,-0.0898307728477,1.05265476648,-0.764603535535,0.825915970695,0.344648198051,4.76270642969,1,0.0647735774818,0.261073157391,0.75,0.99,0.0255164354112,0.107700439938
