,ftype,K,d,c1,c2,c3,c4,c5,e11,e12,e21,e22,e31,e32,e41,e42,e51,e52,a1,lb1,ub1,lb2,ub2,rms_err,max_err
0,SMA,5,2,0.183671427095,5.63922246391e+19,0.0542131353069,0.000444968121061,3.58747044707e-06,1.69392155254,3.81336633692,37.923410319,21.6170749169,0.960894599441,42.5455520879,1.28378233472,-8.00175065414,-2.3686943935,2.4361946262,2.08110815862,0.0647735774818,0.261073157391,0.75,0.99,0.00644257548567,0.0220903283391
