,ftype,K,d,c1,c2,c3,c4,c5,e11,e12,e21,e22,e31,e32,e41,e42,e51,e52,a1,lb1,ub1,lb2,ub2,rms_err,max_err
0,SMA,5,2,3.38611650379e-09,1.03686686274e-40,1196.25648677,7299628.24286,1.22154628327,1.46369807541,3051.48726619,-13.2686030309,30.7055151679,26.1151532207,83.0430694234,23.5849160498,1025.32562086,25.5709875971,35.9476025252,24.1675611956,0.0647735774818,0.261073157391,0.75,0.99,0.023524766081,0.0579070225419
