,ftype,K,d,c1,c2,c3,c4,c5,e11,e12,e21,e22,e31,e32,e41,e42,e51,e52,a1,lb1,ub1,lb2,ub2,rms_err,max_err
0,MA,5,2,0.197669107124,6.6426969006,0.0114057834427,5.25172387234,0.0594688715843,-0.587969093011,178.718198901,1.64744001085,3.12793380514,-0.955418529171,0.930707547149,1.63557668116,1.19161772002,-0.215097351339,0.82901352662,1,0.0647735774818,0.231513137534,0.75,0.99,0.0488438840215,0.139310993624
