,ftype,K,d,c1,c2,c3,c4,c5,e11,e12,e21,e22,e31,e32,e41,e42,e51,e52,a1,lb1,ub1,lb2,ub2,rms_err,max_err
0,SMA,5,2,205416.98312,238340.196958,84818.7818253,6.88973047735e-21,36532.0471239,15.4233726696,43.7531953449,13.6587319611,280.738053804,16.136260355,19.6391622912,-7.49756936496,14.4502778538,16.2900966496,12.2938676862,11.6013212199,0.0647735774818,0.261073157391,0.75,0.99,0.0471433777715,0.10216845179
