,ftype,K,d,c1,c2,c3,c4,c5,e11,e12,e21,e22,e31,e32,e41,e42,e51,e52,a1,lb1,ub1,lb2,ub2,rms_err,max_err
0,SMA,5,2,2.32568628871e-08,0.0139577756086,9.09091930489,96.6372011191,1.69008024971e-34,0.657975498695,2640.6754206,19.9604472274,30.0721624576,20.6216405836,72.5392579962,18.9821442355,275.256063079,-11.1663243875,25.7018494225,20.287924203,0.0647735774818,0.261073157391,0.75,0.99,0.0183584145121,0.050427460392
