,ftype,K,d,c1,c2,c3,c4,c5,e11,e12,e21,e22,e31,e32,e41,e42,e51,e52,a1,lb1,ub1,lb2,ub2,rms_err,max_err
0,SMA,5,2,7.8915324228e-06,2.23320178266e-05,7783.91035395,0.0026801028154,7.66308874495e-05,2.96385750782,2.47426572256,2.29493330342,15.6207900648,14.9089028379,60.1348966894,5.50682020207,11.200557629,1.58144221483,84.1529947498,6.15478221789,0.0647735774818,0.261073157391,0.75,0.99,0.0110766400911,0.0476857206125
