,ftype,K,d,c1,c2,c3,c4,c5,e11,e12,e21,e22,e31,e32,e41,e42,e51,e52,a1,lb1,ub1,lb2,ub2,rms_err,max_err
0,SMA,5,2,2.60879159531e-97,1.44025476696e+19,3.58173407015e+25,8.35089771355e-83,1.02668567498,-47.5768059886,43.1170171741,66.8390569584,95.9737845354,68.1419428249,272.205381927,-37.320813343,157.183825693,46.2597597455,72.0566370794,56.5439705997,0.0647735774818,0.261073157391,0.75,0.99,0.0152645665952,0.0518407341524
