,ftype,K,d,c1,c2,c3,c4,c5,e11,e12,e21,e22,e31,e32,e41,e42,e51,e52,a1,lb1,ub1,lb2,ub2,rms_err,max_err
0,MA,5,2,0.126711234193,0.480923860074,0.607044012499,0.0749000926127,0.437392767237,-0.289466774134,0.821585984937,0.339374947172,1.65512949255,0.287403800823,4.01474898777,-0.513471065861,0.862401106031,0.180572686383,2.25516043489,1,0.0647735774818,0.261073157391,0.75,0.99,0.0419501278902,0.149317090343
