,ftype,K,d,c1,c2,c3,c4,c5,e11,e12,e21,e22,e31,e32,e41,e42,e51,e52,a1,lb1,ub1,lb2,ub2,rms_err,max_err
0,SMA,5,2,2.25770715805e-21,18.8100421291,0.0266880218295,0.000258889871407,2.73216053211e-15,-5.85893482574,14.3295279489,10.3710769954,720.977104419,11.5464968845,49.3424935535,10.8487778475,17.515109375,-1.63045310817,69.7450356108,12.7683773023,0.0647735774818,0.261073157391,0.75,0.99,0.00927555661968,0.0227987959015
