,ftype,K,d,c1,c2,c3,c4,c5,e11,e12,e21,e22,e31,e32,e41,e42,e51,e52,a1,lb1,ub1,lb2,ub2,rms_err,max_err
0,MA,5,2,0.0664840750762,0.333521017215,0.0209140325111,0.993513717511,0.870535843894,-0.675874240548,3.85287456423,0.0834766949899,2.00800363285,-1.07108150122,1.31739737111,0.677113058987,2.12549141301,0.443072093538,5.48925887982,1,0.0647735774818,0.261073157391,0.75,0.99,0.0216301837661,0.0599582407403
