,ftype,K,d,c1,c2,c3,c4,c5,e11,e12,e21,e22,e31,e32,e41,e42,e51,e52,a1,lb1,ub1,lb2,ub2,rms_err,max_err
0,SMA,5,2,77709.4144671,8.38591534919e-21,210513.861288,187536.727811,34308.1832439,19.5891071994,16.0213786017,14.3352205018,-7.49024980844,276.671611754,13.5596034142,43.6091147337,15.3142124608,12.2230244113,16.1794247697,11.5220393669,0.0647735774818,0.261073157391,0.75,0.99,0.0471437304918,0.102217384139
