,ftype,K,d,c1,c2,c3,c4,e11,e12,e21,e22,e31,e32,e41,e42,a1,lb1,ub1,lb2,ub2,rms_err,max_err
0,SMA,4,2,0.330981245651,3.72769298928e-10,0.251754146248,0.0394036139928,4.39732501016,16.5152835008,-3.94761809473,5.22716017852,3.47908978522,68.1196426917,3.99744044615,4.01609897099,4.49162471792,0.0647735774818,0.261073157391,0.75,0.99,0.0136583670401,0.0383070989376
