,ftype,K,d,c1,c2,c3,c4,e11,e12,e21,e22,e31,e32,e41,e42,a1,lb1,ub1,lb2,ub2,rms_err,max_err
0,MA,4,2,1.38068121114,0.02319806378,1.78504338796,0.168270504995,1.14882827811,1.6996181295,-0.530408431671,1.17303898957,1.09155783086,7.13659303147,0.138189575822,5.58215741422,1,0.0647735774818,0.261073157391,0.75,0.99,0.0309122027144,0.0884902575321
