,ftype,K,d,c1,c2,c3,c4,c5,e11,e12,e21,e22,e31,e32,e41,e42,e51,e52,a1,lb1,ub1,lb2,ub2,rms_err,max_err
0,SMA,5,2,6.559506305e-27,0.0727299833375,1.70369361473e-19,302.469372672,0.000213677680736,-7.96531702721,17.6239396608,14.8869872863,59.5162728079,-2.7694235995,79.874731911,13.5062857259,879.405684397,14.0208082389,22.2570227258,15.8808652609,0.0647735774818,0.261073157391,0.75,0.99,0.0107728986429,0.0286747207941
