,ftype,K,d,c1,c2,c3,c4,c5,e11,e12,e21,e22,e31,e32,e41,e42,e51,e52,a1,lb1,ub1,lb2,ub2,rms_err,max_err
0,SMA,5,2,3.31077873084e-17,1.68194577187e-34,3.76040246869e-34,1.93577932047,0.427194316549,62.584861122,2.07696605538,88.9207891455,-14.7037439923,18.8965879606,-13.1247723237,183.170836562,19.5514730797,51.7976381226,24.5591586385,29.9830353511,0.0647735774818,0.261073157391,0.75,0.99,0.014420268774,0.0385973886598
