,ftype,K,d,c1,c2,c3,c4,c5,e11,e12,e21,e22,e31,e32,e41,e42,e51,e52,a1,lb1,ub1,lb2,ub2,rms_err,max_err
0,SMA,5,2,4575.01368474,0.603678846285,5760.77754227,785.599039145,3.42304673844e-22,14.564983498,51.1369588971,14.8772947086,-1.24810930923,12.5121616326,326.819338081,14.9737542734,19.0462743378,-8.11192057902,15.6290034656,12.0594048816,0.0647735774818,0.261073157391,0.75,0.99,0.0366546495563,0.0764050580001
