,ftype,K,d,c1,c2,c3,c4,c5,e11,e12,e21,e22,e31,e32,e41,e42,e51,e52,a1,lb1,ub1,lb2,ub2,rms_err,max_err
0,MA,5,2,0.460758667156,0.0525111579653,0.181208176347,0.0847512746855,0.685349233479,2.11507192744,0.192049982889,0.724377319783,-0.667518229468,0.937354025582,-0.149693194271,2.40933593682,-0.52593072794,4.39155692137,0.31811660544,1,0.0647735774818,0.261073157391,0.75,0.99,0.0350035337308,0.133671834738
