,ftype,K,d,c1,c2,c3,c4,c5,e11,e12,e21,e22,e31,e32,e41,e42,e51,e52,a1,lb1,ub1,lb2,ub2,rms_err,max_err
0,MA,5,2,6.6993528693,0.192483606316,0.0275046423428,6.05186765222,3.04363495601,1.73364490049,1.41512236223,0.148030478691,3.42970800712,-0.53111159299,1.01833441183,1.56114285694,4.866047217,1.35184345933,2.75535650028,1,0.0647735774818,0.22064851472,0.75,0.99,0.0473730360575,0.1142811157
