,ftype,K,d,c1,c2,c3,c4,e11,e12,e21,e22,e31,e32,e41,e42,a1,lb1,ub1,lb2,ub2,rms_err,max_err
0,MA,4,2,0.0891731484384,0.434511613051,0.0954887303923,0.621096999703,0.624100966671,-0.432501463695,2.15874171694,0.17415850315,2.38803148034,-0.454141018509,4.05572154539,0.291361561268,1,0.0647735774818,0.261073157391,0.75,0.99,0.0428660462758,0.149379068508
