,ftype,K,d,c1,c2,c3,c4,c5,e11,e12,e21,e22,e31,e32,e41,e42,e51,e52,a1,lb1,ub1,lb2,ub2,rms_err,max_err
0,SMA,5,2,0.536513007503,9.362466466e-10,0.259295482763,0.00275788992694,1.71034630435e-07,2.54439188671,55.2228442092,-5.74119601001,5.90897754939,2.56740502012,12.5186924894,3.4600959947,-4.46002101322,-3.68840399456,46.8227347504,5.24424743949,0.0647735774818,0.261073157391,0.75,0.99,0.0236316262784,0.0689695993331
