,ftype,K,d,c1,c2,c3,c4,c5,e11,e12,e21,e22,e31,e32,e41,e42,e51,e52,a1,lb1,ub1,lb2,ub2,rms_err,max_err
0,SMA,5,2,0.040338662956,0.138844742082,34905844087.5,6.96576478866e-06,2.7165748229,0.886932546059,19.6371215965,1.4301261032,2.38482808819,22.0263089334,15.0878662108,-2.1595055115,1.55402887406,0.504434978503,572.131565675,1.88275515227,0.0647735774818,0.261073157391,0.75,0.99,0.00516348595278,0.0145226269742
