,ftype,K,d,c1,c2,c3,c4,c5,e11,e12,e21,e22,e31,e32,e41,e42,e51,e52,a1,lb1,ub1,lb2,ub2,rms_err,max_err
0,SMA,5,2,0.177522252091,6515.4378381,0.00320706045509,0.0112645950801,1.34539589323e-06,0.934349523533,485.481937364,11.7929332419,30.0583592763,1.21050426678,24.971387759,2.21691049121,4.09059395777,-1.13714809386,4.35081890976,3.43530932222,0.0647735774818,0.261073157391,0.75,0.99,0.00555301138896,0.0187256337605
