,ftype,K,d,c1,c2,c3,c4,c5,e11,e12,e21,e22,e31,e32,e41,e42,e51,e52,a1,lb1,ub1,lb2,ub2,rms_err,max_err
0,MA,5,2,0.0664840639808,0.339907012007,0.870535839289,0.993358370222,0.021370208149,3.85287443226,-0.675874306138,2.02754735758,0.0913110617275,5.48925887307,0.443072090688,2.12452969885,0.677088058927,1.31138932173,-1.06238821778,1,0.0647735774818,0.261073157391,0.75,0.99,0.0216263243947,0.0632984428893
