,ftype,K,d,c1,c2,c3,c4,c5,e11,e12,e21,e22,e31,e32,e41,e42,e51,e52,a1,lb1,ub1,lb2,ub2,rms_err,max_err
0,MA,5,2,2.83594196542,5.88969504503,0.027098809139,5.62838544421,0.497851803827,1.35256581085,1.80208273033,1.6786126156,1.41132186913,-0.535193552578,1.10848177705,1.53453899851,4.70372235627,0.524865264184,3.81997604712,1,0.0647735774818,0.226015552419,0.75,0.99,0.0489341613099,0.109053532566
