,ftype,K,d,c1,c2,c3,c4,c5,e11,e12,e21,e22,e31,e32,e41,e42,e51,e52,a1,lb1,ub1,lb2,ub2,rms_err,max_err
0,MA,5,2,0.0237822801765,5.45391091137,4.1515700648,0.0100980841691,2.571918381,3.30643396513,-0.736600603032,4.44864730223,1.53492690866,1.33474636546,1.50366811908,0.837341485494,-1.01000395542,1.66417892679,1.29121400927,1,0.0647735774818,0.254873630576,0.75,0.99,0.0492393078597,0.122179227854
