,ftype,K,d,c1,c2,c3,c4,c5,e11,e12,e21,e22,e31,e32,e41,e42,e51,e52,a1,lb1,ub1,lb2,ub2,rms_err,max_err
0,MA,5,2,1.11440922217,0.320517388221,0.351190773065,0.94949239285,0.02191325121,0.763233265841,2.09911673879,0.0735365717236,2.07151863484,0.0181830559144,5.58164873536,0.504009315735,5.55772869828,-1.07222314935,1.6343633434,1,0.0647735774818,0.261073157391,0.75,0.99,0.0274701668843,0.0977297347223
