,ftype,K,d,c1,c2,c3,c4,c5,e11,e12,e21,e22,e31,e32,e41,e42,e51,e52,a1,lb1,ub1,lb2,ub2,rms_err,max_err
0,MA,5,2,0.0745867453641,0.0174889565141,12.0024054765,7.76738145761,6.42134879347,-0.23815524074,3.09250994815,-0.725558643452,0.903808460738,2.05061069875,2.69937295844,1.78283258394,1.50777491876,1.56820210211,7.42461443524,1,0.0647735774818,0.215408924417,0.75,0.99,0.0487678357946,0.126902610857
