,ftype,K,d,c1,c2,c3,c4,c5,e11,e12,e21,e22,e31,e32,e41,e42,e51,e52,a1,lb1,ub1,lb2,ub2,rms_err,max_err
0,SMA,5,2,0.000831350977142,6.17095348667e-40,2.27794751164,48701.1238525,3.22551034818e-27,22.1670811474,34.9034402667,-12.7965108326,26.4152926207,23.3202514002,81.1557676444,21.2696268439,1036.67567901,-3.48394134926,113.870154752,23.3386862626,0.0647735774818,0.261073157391,0.75,0.99,0.0147939376562,0.0406327508789
