,ftype,K,d,c1,c2,c3,c4,c5,e11,e12,e21,e22,e31,e32,e41,e42,e51,e52,a1,lb1,ub1,lb2,ub2,rms_err,max_err
0,SMA,5,2,0.000816836076553,2855.12406222,0.000274972190008,0.00206820733653,5.30791822038e-06,1.18704805433,134.606743955,12.5345442534,41.3356696867,1.49593526203,27.6220164033,3.16957589097,5.80100115706,0.791510447623,5.36536250576,4.74261794528,0.0647735774818,0.261073157391,0.75,0.99,0.00935531282851,0.0388148044402
