,ftype,K,d,c1,c2,c3,c4,c5,e11,e12,e21,e22,e31,e32,e41,e42,e51,e52,a1,lb1,ub1,lb2,ub2,rms_err,max_err
0,MA,5,2,0.877006779112,0.162653620712,0.315910617322,1.11440922217,0.0210031109119,0.45320179419,5.58835703263,-0.609223309937,76.3728534948,0.0631819221072,2.10123561263,0.763233265841,2.09911673879,-1.07937042351,1.52032927589,1,0.0647735774818,0.261073157391,0.75,0.99,0.0243231785688,0.0659126413992
