,ftype,K,d,c1,c2,c3,c4,c5,e11,e12,e21,e22,e31,e32,e41,e42,e51,e52,a1,lb1,ub1,lb2,ub2,rms_err,max_err
0,SMA,5,2,18.580276852,8.82611835583e-15,0.0165996386131,1.91846597557e-10,0.000857603679696,6.43354282953,845.811154194,-3.58413319633,10.3866957226,7.63381604509,36.3414882827,-0.619615927226,56.518706003,7.2207200755,11.4816902486,8.85903293427,0.0647735774818,0.261073157391,0.75,0.99,0.0083476304993,0.0270330110777
