,ftype,K,d,c1,c2,c3,c4,c5,e11,e12,e21,e22,e31,e32,e41,e42,e51,e52,a1,lb1,ub1,lb2,ub2,rms_err,max_err
0,SMA,5,2,5.60492100856e-08,17.4624695479,3.08001698361e-05,9.70742237791e-09,4.74213261518e-08,33.3623682731,4.59338435647,84.5884392069,16.1848657886,17.9071525369,9.55052738677,10.9222965381,5.13685391599,144.805518032,2.59725741845,10.8035048962,0.0647735774818,0.261073157391,0.75,0.99,0.0130933771148,0.0588414393719
