,ftype,K,d,c1,c2,c3,c4,c5,e11,e12,e21,e22,e31,e32,e41,e42,e51,e52,a1,lb1,ub1,lb2,ub2,rms_err,max_err
0,SMA,5,2,0.0586165417636,1.63410397879e-06,0.178074569451,0.00317455180522,2.51028105934e+23,45.3840680891,1.17381340031,2.77716388527,-2.50532756676,4.73056865062,1.93691991015,-3.79963188362,1.64241932544,23.8071951025,44.3534387763,2.30901417634,0.0647735774818,0.261073157391,0.75,0.99,0.00743932675026,0.0256592956874
