,ftype,K,d,c1,c2,c3,c4,c5,e11,e12,e21,e22,e31,e32,e41,e42,e51,e52,a1,lb1,ub1,lb2,ub2,rms_err,max_err
0,SMA,5,2,0.00481257563854,3.23926729444e-11,0.123327859575,0.00470027651667,0.28521084878,2.16997841941,11.1138387856,-6.62363373154,7.04992575965,2.04361614197,111.631425583,1.849929788,8.3626450996,3.06779929599,23.061033991,6.31976999423,0.0647735774818,0.261073157391,0.75,0.99,0.0218592799973,0.0522190602988
