,ftype,K,d,c1,c2,c3,c4,c5,e11,e12,e21,e22,e31,e32,e41,e42,e51,e52,a1,lb1,ub1,lb2,ub2,rms_err,max_err
0,SMA,5,2,1.40445570905e-24,0.000295120860398,1.89240937538e-35,0.442889258748,3655.92119166,-3.26554924121,101.75044554,19.1553166153,30.2767132771,-11.1466094915,23.3242988814,20.2260566096,73.6220695526,18.5338778048,924.18478231,20.7430631425,0.0647735774818,0.261073157391,0.75,0.99,0.0131425775819,0.0364210150729
