,ftype,K,d,c1,c2,c3,c4,c5,e11,e12,e21,e22,e31,e32,e41,e42,e51,e52,a1,lb1,ub1,lb2,ub2,rms_err,max_err
0,MA,5,2,7.06113314655,0.133856302225,0.0181763965551,1.73286728012,7.33087135037,1.63390250947,4.82197705347,-0.0208500222087,3.87205435095,-0.716752063898,0.969652792747,1.15412873737,1.91984439864,1.77794497296,1.30912328637,1,0.0647735774818,0.22064851472,0.75,0.99,0.0494690851054,0.117235127338
