,ftype,K,d,c1,c2,c3,c4,c5,e11,e12,e21,e22,e31,e32,e41,e42,e51,e52,a1,lb1,ub1,lb2,ub2,rms_err,max_err
0,SMA,5,2,0.00380617656147,0.0426352140647,2256.24421336,1.22822455524e-06,0.000828305026229,2.66981145327,4.98769025134,1.09228559643,446.924680351,11.7434398397,36.6748781263,-0.358012179123,5.18654487905,1.38669739329,26.4215651949,4.18451326955,0.0647735774818,0.261073157391,0.75,0.99,0.00745242483417,0.0292866055002
