,ftype,K,d,c1,c2,c3,c4,c5,e11,e12,e21,e22,e31,e32,e41,e42,e51,e52,a1,lb1,ub1,lb2,ub2,rms_err,max_err
0,SMA,5,2,0.000798427338147,0.00367570104741,1.1677084656e-06,2179.36331706,0.0239167962733,26.4848981202,1.39713596387,5.02050420066,2.6858485713,5.21692456178,-0.350138620175,36.8058502522,11.747532821,392.694280519,1.10141220365,4.21061084537,0.0647735774818,0.261073157391,0.75,0.99,0.00745249571958,0.0292309699788
