,ftype,K,d,c1,c2,c3,c4,c5,e11,e12,e21,e22,e31,e32,e41,e42,e51,e52,a1,lb1,ub1,lb2,ub2,rms_err,max_err
0,MA,5,2,0.0785289401949,0.24965130589,0.0362814759276,0.776780966233,0.518088262767,-0.589241945128,2.94982484954,-0.0289302791678,1.21858155456,-0.844562433781,0.934724750928,0.36762531664,5.07078311075,0.252238087205,2.05438162841,1,0.0647735774818,0.261073157391,0.75,0.99,0.0174387877856,0.0740862470539
