,ftype,K,d,c1,c2,c3,c4,c5,e11,e12,e21,e22,e31,e32,e41,e42,e51,e52,a1,lb1,ub1,lb2,ub2,rms_err,max_err
0,MA,5,2,4.71160644104,0.037585687209,0.294845730479,4.78369380296,2.43371361117,1.44979597687,1.58764375696,1.09206001569,-0.390629058836,4.75143609945,0.321479527953,5.08404014266,1.46865992693,1.17364731592,1.35172496658,1,0.0647735774818,0.237144445492,0.75,0.99,0.0497921733609,0.126855060546
