,ftype,K,d,c1,c2,c3,c4,c5,e11,e12,e21,e22,e31,e32,e41,e42,e51,e52,a1,lb1,ub1,lb2,ub2,rms_err,max_err
0,SMA,5,2,9.4301803382e-12,0.0172961003427,0.000583885296441,1.03133763157e-16,18.6016259972,-0.800855777231,60.9899469039,8.74571302698,40.7389240458,8.29787294427,13.4143819642,-4.22076838493,11.5639273432,7.60809991652,813.803148221,10.0328080021,0.0647735774818,0.261073157391,0.75,0.99,0.00858566088368,0.025841472803
