,ftype,K,d,c1,c2,c3,c4,c5,e11,e12,e21,e22,e31,e32,e41,e42,e51,e52,a1,lb1,ub1,lb2,ub2,rms_err,max_err
0,MA,5,2,0.163866232178,0.466844182747,0.44413186702,0.652191319912,0.0599983348876,-0.196279099269,0.948612346621,0.194867379708,2.24113748186,0.214966462253,1.89749903075,0.299013048559,4.24517865515,-0.622372284827,0.878834126908,1,0.0647735774818,0.261073157391,0.75,0.99,0.0401605495633,0.139855798843
