,ftype,K,d,c1,c2,c3,c4,c5,e11,e12,e21,e22,e31,e32,e41,e42,e51,e52,a1,lb1,ub1,lb2,ub2,rms_err,max_err
0,SMA,5,2,0.00208769099106,2.02934015807e-38,0.0275929954811,6.10437953141e-10,2.26089306968e-29,24.4078363322,48.6027860988,-15.3117857673,14.4479621318,18.0403684476,210.092511742,10.7154888401,87.9761354638,-8.72103833555,43.278044895,32.3471697329,0.0647735774818,0.261073157391,0.75,0.99,0.0159523884732,0.053437755901
