,ftype,K,d,c1,c2,c3,c4,e11,e12,e21,e22,e31,e32,e41,e42,a1,lb1,ub1,lb2,ub2,rms_err,max_err
0,MA,4,2,0.609474160596,0.204724617105,0.0889688761082,0.583828024824,0.338945328838,3.68995160984,-0.112921832097,1.70186460354,-0.407163212884,0.675514009103,0.47481982402,1.7645744755,1,0.0647735774818,0.261073157391,0.75,0.99,0.0289873431562,0.0953687082362
