,ftype,K,d,c1,c2,c3,c4,c5,e11,e12,e21,e22,e31,e32,e41,e42,e51,e52,a1,lb1,ub1,lb2,ub2,rms_err,max_err
0,MA,5,2,0.227152014208,0.0418933848802,2.86896740511,0.686667069836,2.04514100766,0.082737804194,1.22152296209,-0.632635120104,0.924348905348,1.32375722667,3.9038173713,0.517015469215,4.72370065377,1.27348039664,1.55165919654,1,0.0647735774818,0.261073157391,0.75,0.99,0.0239985197247,0.0840247173036
