,ftype,K,d,c1,c2,c3,c4,c5,e11,e12,e21,e22,e31,e32,e41,e42,e51,e52,a1,lb1,ub1,lb2,ub2,rms_err,max_err
0,SMA,5,2,17.3498069165,4.66227369246e-08,9.52894709262e-09,3.03779246678e-05,5.51561195339e-08,16.1945307876,84.6542323876,2.6003916175,144.910843731,5.14220992202,10.9361686406,9.55794417285,17.9233144154,4.59871960628,33.3915449329,10.8148225881,0.0647735774818,0.261073157391,0.75,0.99,0.0130933558345,0.0588350320067
