,ftype,K,d,c1,c2,c3,c4,c5,e11,e12,e21,e22,e31,e32,e41,e42,e51,e52,a1,lb1,ub1,lb2,ub2,rms_err,max_err
0,MA,5,2,1.2218275377,0.0209728718801,1.21577286993,0.910854715846,0.0491418325762,0.925334639159,9.28045165859,-0.549472765056,1.06714922704,1.05248148039,3.26043242847,1.01476915305,1.55988639959,-0.285173535155,2.72721132169,1,0.0647735774818,0.261073157391,0.75,0.99,0.0202174001564,0.0541460292931
