,ftype,K,d,c1,c2,c3,c4,c5,e11,e12,e21,e22,e31,e32,e41,e42,e51,e52,a1,lb1,ub1,lb2,ub2,rms_err,max_err
0,SMA,5,2,0.178075697077,7.90515875686e-07,1.67758187192e+23,0.00588330150476,0.0682014246894,2.17711977468,5.40741234276,-2.63239401499,3.05626767612,44.2500680588,23.9806803066,1.88046776874,-2.25602457496,1.4020280826,46.5377858942,2.51879360833,0.0647735774818,0.261073157391,0.75,0.99,0.00829093522926,0.0279960215049
