,ftype,K,d,c1,c2,c3,c4,e11,e12,e21,e22,e31,e32,e41,e42,a1,lb1,ub1,lb2,ub2,rms_err,max_err
0,MA,4,2,1.80693403312,0.0236518095398,0.274494878516,1.3806812112,1.10007724439,7.065872488,-0.525676038852,1.20438423867,0.318877980702,6.50702971062,1.14882827813,1.69961812953,1,0.0647735774818,0.261073157391,0.75,0.99,0.0308675430877,0.0847401832497
