,ftype,K,d,c1,c2,c3,c4,c5,e11,e12,e21,e22,e31,e32,e41,e42,e51,e52,a1,lb1,ub1,lb2,ub2,rms_err,max_err
0,MA,5,2,0.0772002563062,0.776040734812,0.545784821141,0.0374073689212,0.352626837695,-0.595485749049,2.88945000599,0.367148113165,5.06406944129,0.271211949997,2.21244467977,-0.831890336292,0.921348099053,0.10893289827,1.46746417559,1,0.0647735774818,0.261073157391,0.75,0.99,0.0181434494989,0.0741180741197
