,ftype,K,d,c1,c2,c3,c4,c5,e11,e12,e21,e22,e31,e32,e41,e42,e51,e52,a1,lb1,ub1,lb2,ub2,rms_err,max_err
0,MA,5,2,7.51606088818,0.0170728218412,7.83289272649,0.0136670449028,0.0988495930348,1.79240703163,1.28356125509,-0.802929144129,2.81061368945,1.69114332765,4.844879579,-0.845244033227,0.933264513009,-0.152448048348,4.49972010199,1,0.0647735774818,0.215408924417,0.75,0.99,0.0460237303575,0.10888660011
