,ftype,K,d,c1,c2,c3,c4,c5,e11,e12,e21,e22,e31,e32,e41,e42,e51,e52,a1,lb1,ub1,lb2,ub2,rms_err,max_err
0,SMA,5,2,33.1999641614,4.10375170362e-06,0.00976316421579,0.0793391817668,1.75847211672e-09,2.91482304196,892.619123185,-0.00722862223486,34.7297388549,3.85553579184,6.45984916511,4.5782212264,27.6607348301,-2.48948687364,5.38700638857,4.9643030854,0.0647735774818,0.261073157391,0.75,0.99,0.00775235995999,0.0330779673119
