,ftype,K,d,c1,c2,c3,c4,c5,e11,e12,e21,e22,e31,e32,e41,e42,e51,e52,a1,lb1,ub1,lb2,ub2,rms_err,max_err
0,MA,5,2,6.6721480856,7.38523197469,0.0110208811612,0.0215773737975,0.0799265956743,1.73769984575,1.28265174275,1.67069775017,4.72967648515,-0.927688608009,0.786724076504,-0.716454452014,1.91375702359,-0.242967551445,5.09317811382,1,0.0647735774818,0.226015552419,0.75,0.99,0.0497258838858,0.112952332173
