,ftype,K,d,c1,c2,c3,c4,e11,e12,e21,e22,e31,e32,e41,e42,a1,lb1,ub1,lb2,ub2,rms_err,max_err
0,MA,4,2,7.4149930343,6.2084780483,0.0111175195174,0.0383522104656,1.67944177657,4.6256058151,1.70342832746,1.28922633845,-0.94554504514,0.870394403484,-0.533403159265,3.85166784401,1,0.0647735774818,0.226015552419,0.75,0.99,0.0473169244353,0.105678931066
