,ftype,K,d,c1,c2,c3,c4,c5,e11,e12,e21,e22,e31,e32,e41,e42,e51,e52,a1,lb1,ub1,lb2,ub2,rms_err,max_err
0,MA,5,2,0.144184896003,2.02886783657,0.0583438304445,1.39475381777,0.373039342489,-0.170955350921,1.1681552128,1.1010739381,6.07538574991,-0.540652168464,0.833280192054,1.05050339101,1.64941757664,0.1956104143,4.20651473887,1,0.0647735774818,0.261073157391,0.75,0.99,0.0191598300737,0.0594554441717
