,ftype,K,d,c1,c2,c3,c4,c5,e11,e12,e21,e22,e31,e32,e41,e42,e51,e52,a1,lb1,ub1,lb2,ub2,rms_err,max_err
0,SMA,5,2,9.05243396854e+20,1.59324919073e+24,1.11594335857e-97,2.31804299131e-83,1.61213326155e-09,73.1596604914,101.547167728,68.5918056676,309.814485762,-47.0033821719,44.0847446168,-36.9647264047,160.004425897,37.9904517148,80.8010703552,59.3830928631,0.0647735774818,0.261073157391,0.75,0.99,0.0154662915526,0.0461616945317
