,ftype,K,d,c1,c2,c3,c4,c5,e11,e12,e21,e22,e31,e32,e41,e42,e51,e52,a1,lb1,ub1,lb2,ub2,rms_err,max_err
0,SMA,5,2,5787454.2682,1163.86593177,6.88773946817e-08,1.22048002807,1.61052376067e-40,1005.09980748,23.4692438419,82.7045487089,25.9901887982,3329.9014922,1.44619458132,35.7669323922,25.4472984208,30.5549735837,-13.2070723437,24.0496903296,0.0647735774818,0.261073157391,0.75,0.99,0.0235247605811,0.05786761718
