,ftype,K,d,c1,c2,c3,c4,c5,e11,e12,e21,e22,e31,e32,e41,e42,e51,e52,a1,lb1,ub1,lb2,ub2,rms_err,max_err
0,SMA,5,2,2.88503790985e-07,0.0697481230714,1.13939631333e+193,0.0239931492795,0.167636217786,-2.78585795255,3.38379357317,1.6448147158,50.104118667,335.803878072,22.428073501,2.28878746026,0.451335976155,2.50034413188,7.65647496184,2.81068874911,0.0647735774818,0.261073157391,0.75,0.99,0.00904345547254,0.0288278920079
