,ftype,K,d,c1,c2,c3,c4,c5,e11,e12,e21,e22,e31,e32,e41,e42,e51,e52,a1,lb1,ub1,lb2,ub2,rms_err,max_err
0,MA,5,2,1.16284804745,0.0219596354093,1.25286712215,0.0843868456689,0.870164154889,2.7497017647,1.04751654602,1.17186946569,-0.541283046079,8.96729728473,0.941615225423,4.59064458605,-0.102842280543,1.42998826584,1.00868734476,1,0.0647735774818,0.261073157391,0.75,0.99,0.0208782578887,0.0570812100832
