,ftype,K,d,c1,c2,c3,c4,c5,e11,e12,e21,e22,e31,e32,e41,e42,e51,e52,a1,lb1,ub1,lb2,ub2,rms_err,max_err
0,MA,5,2,0.559478315687,0.711039024526,0.146256133234,0.464578825241,0.0902536517982,0.481642125401,1.54232700375,0.384399508082,7.41656864222,-0.248361687895,1.33446150281,0.220240524,2.58379028278,-0.401875979318,0.617857678013,1,0.0647735774818,0.261073157391,0.75,0.99,0.0276553552919,0.0790375439161
