,ftype,K,d,c1,c2,c3,c4,c5,e11,e12,e21,e22,e31,e32,e41,e42,e51,e52,a1,lb1,ub1,lb2,ub2,rms_err,max_err
0,SMA,5,2,9.43016273788e-12,0.000583884711169,0.0172960893131,1.03133367169e-16,18.6667310876,-0.800855434686,60.9899565439,8.29787395194,13.4143837091,8.74571407213,40.7389272847,-4.22076864393,11.5639291791,7.60810098119,814.150822408,10.0328092758,0.0647735774818,0.261073157391,0.75,0.99,0.00858566088363,0.0258414727327
