,ftype,K,d,c1,c2,c3,c4,c5,e11,e12,e21,e22,e31,e32,e41,e42,e51,e52,a1,lb1,ub1,lb2,ub2,rms_err,max_err
0,MA,5,2,0.0543554663311,1.99597225913,0.0299055665294,0.694628250992,2.38605862056,-0.27561785337,3.5593930991,1.28118230299,1.56347441856,-0.439608234223,1.13009266946,0.675653949522,6.96587735365,1.20106496046,6.4868387444,1,0.0647735774818,0.261073157391,0.75,0.99,0.0385593858538,0.0907531099545
