,ftype,K,d,c1,c2,c3,c4,c5,e11,e12,e21,e22,e31,e32,e41,e42,e51,e52,a1,lb1,ub1,lb2,ub2,rms_err,max_err
0,SMA,5,2,0.00274310989487,1.63222514672e-07,0.53329286104,0.259856068803,9.518759893e-10,3.45903899191,-4.4943334987,-3.70750719414,46.7726397286,2.53818321331,55.1875894217,2.56559001968,12.504673225,-5.73681434788,5.90190560786,5.23918674144,0.0647735774818,0.261073157391,0.75,0.99,0.0236316264833,0.0689752904132
