,ftype,K,d,c1,c2,c3,c4,c5,e11,e12,e21,e22,e31,e32,e41,e42,e51,e52,a1,lb1,ub1,lb2,ub2,rms_err,max_err
0,SMA,5,2,0.926508251492,3.52526618439e+164,0.160967495185,1.77076785515e-05,0.0441346347267,467.481014953,0.336705857609,14.0160200235,285.992192396,2.1007312181,1.23995247651,1.34160921567,-1.97338052735,19.3231717189,0.72241101156,1.66517041595,0.0647735774818,0.261073157391,0.75,0.99,0.00449691443369,0.0123600789285
