,ftype,K,d,c1,c2,c3,c4,c5,e11,e12,e21,e22,e31,e32,e41,e42,e51,e52,a1,lb1,ub1,lb2,ub2,rms_err,max_err
0,MA,5,2,0.0148761705047,6.88093757758,7.30329537288,0.0621262764037,7.38730074902,-0.796986731222,0.882633492221,1.57601779113,13.4708267689,1.79135360384,1.18454549924,-0.316157453966,3.06326735661,1.73080052796,2.1615532858,1,0.0647735774818,0.22064851472,0.75,0.99,0.0490242017383,0.1129672566
