,ftype,K,d,c1,c2,c3,c4,c5,e11,e12,e21,e22,e31,e32,e41,e42,e51,e52,a1,lb1,ub1,lb2,ub2,rms_err,max_err
0,MA,5,2,0.758499421107,0.236405331707,0.0894951866913,0.0398057585509,0.494508388056,0.356007740124,4.945737016,-0.0535814049122,1.17204125725,-0.532457599682,3.06638007043,-0.803866752075,0.895177437831,0.22851837563,2.03541472331,1,0.0647735774818,0.261073157391,0.75,0.99,0.0210063354226,0.0913794111655
