,ftype,K,d,c1,c2,c3,c4,c5,e11,e12,e21,e22,e31,e32,e41,e42,e51,e52,a1,lb1,ub1,lb2,ub2,rms_err,max_err
0,SMA,5,2,5.38403463473e+18,0.0396903238598,0.146443091969,3.75459251901e-06,0.000102470034686,36.3198475796,20.00660114,0.909327444979,43.1990738288,1.71318251523,3.92700226645,-2.21806959387,2.60450382841,1.26456082397,-11.2969829297,2.18277313974,0.0647735774818,0.261073157391,0.75,0.99,0.005426533358,0.0192477574834
