,ftype,K,d,c1,c2,c3,c4,e11,e12,e21,e22,e31,e32,e41,e42,a1,lb1,ub1,lb2,ub2,rms_err,max_err
0,SMA,4,2,1.40227442502e-06,3.67611170567e-33,4.79679362773e-12,9.31084202477e-37,10.6524970892,164.127287823,-12.482224259,19.8556450257,6.25257721713,69.8825473036,-17.0856871943,87.3602644875,31.4490423425,0.0647735774818,0.261073157391,0.75,0.99,0.0349900701817,0.103397243533
