,ftype,K,d,c1,c2,c3,c4,c5,e11,e12,e21,e22,e31,e32,e41,e42,e51,e52,a1,lb1,ub1,lb2,ub2,rms_err,max_err
0,SMA,5,2,6.6834455639e+16,6.44302817461e-21,2.06994695857e+25,1.61981671022e-42,3.933735021e-76,70.4641478098,95.2388595516,16.9437672138,236.851311581,73.293671173,318.992208126,-1.87173136271,66.1678338595,-34.3782070085,49.2635257597,56.2654192715,0.0647735774818,0.261073157391,0.75,0.99,0.0201640867566,0.0594878948998
