,ftype,K,d,c1,c2,c3,c4,c5,e11,e12,e21,e22,e31,e32,e41,e42,e51,e52,a1,lb1,ub1,lb2,ub2,rms_err,max_err
0,SMA,5,2,0.000295118595987,1.40495265612e-24,8878.21164828,1.89226474091e-35,0.442894753433,19.1553415303,30.2767671663,-3.26539913275,101.751434612,18.5339098595,1012.46448122,-11.1466178229,23.3243832458,20.2260908071,73.6221832198,20.7430905437,0.0647735774818,0.261073157391,0.75,0.99,0.0131425775762,0.0364210258158
