,ftype,K,d,c1,c2,c3,c4,c5,e11,e12,e21,e22,e31,e32,e41,e42,e51,e52,a1,lb1,ub1,lb2,ub2,rms_err,max_err
0,SMA,5,2,6.45534967856e-13,0.12325842311,0.00615470965547,1.93514975012e-05,0.38565705121,-7.60625066089,8.77675094267,3.44110524825,23.8561068593,2.76985761899,11.1123425328,-4.77189120165,1013.39180082,3.47278829168,77.285256974,7.59135722165,0.0647735774818,0.261073157391,0.75,0.99,0.0215651052216,0.05659730747
