,ftype,K,d,c1,c2,c3,c4,c5,e11,e12,e21,e22,e31,e32,e41,e42,e51,e52,a1,lb1,ub1,lb2,ub2,rms_err,max_err
0,SMA,5,2,0.0727292909785,6.55838607755e-27,0.000213671951203,1.70363188875e-19,244.021245055,14.8870342844,59.5164252297,-7.96533635281,17.6240143738,14.0208516341,22.257098504,-2.76939687461,79.8751880088,13.5063311227,858.041183182,15.8809155283,0.0647735774818,0.261073157391,0.75,0.99,0.0107728986397,0.0286747119737
