,ftype,K,d,c1,c2,c3,c4,c5,e11,e12,e21,e22,e31,e32,e41,e42,e51,e52,a1,lb1,ub1,lb2,ub2,rms_err,max_err
0,MA,5,2,0.72665073684,2.31895634302,2.38115385589,0.0332661672315,0.383389744994,0.611598534725,1.99370814305,1.27926598704,1.71690358902,1.1250235305,5.66497654883,-0.693709031579,1.00612457573,0.367121326714,1.09123345685,1,0.0647735774818,0.261073157391,0.75,0.99,0.0217994721041,0.0633870898851
