,ftype,K,d,c1,c2,c3,c4,e11,e12,e21,e22,e31,e32,e41,e42,a1,lb1,ub1,lb2,ub2,rms_err,max_err
0,MA,4,2,0.0629815785708,0.637937868848,0.475819883016,0.149789622161,-0.594538441063,0.853247119501,0.295266814035,4.21597105533,0.204777481654,2.28254089408,-0.224451831611,0.866737092158,1,0.0647735774818,0.261073157391,0.75,0.99,0.0428824729635,0.143201489729
