,ftype,K,d,c1,c2,c3,c4,c5,e11,e12,e21,e22,e31,e32,e41,e42,e51,e52,a1,lb1,ub1,lb2,ub2,rms_err,max_err
0,MA,5,2,1.70617207369,0.0231327036945,1.49050459058,0.0623867510698,1.81941252645,1.03798808307,9.33340649052,-0.526340328465,1.07726687956,1.19006889949,1.49071736958,-0.212254507435,2.9952468968,1.19639017076,2.95339214309,1,0.0647735774818,0.261073157391,0.75,0.99,0.0317518036534,0.0670219903196
