,ftype,K,d,c1,c2,c3,c4,c5,e11,e12,e21,e22,e31,e32,e41,e42,e51,e52,a1,lb1,ub1,lb2,ub2,rms_err,max_err
0,SMA,5,2,5.42307340154e-06,0.000829540615104,0.0020970107218,2877.30837369,0.000279156440617,0.788441268426,5.35544374706,1.18358610178,134.817860989,3.16340118756,5.78802528386,12.5282414972,41.2820279442,1.49165470883,27.6073787474,4.73236718293,0.0647735774818,0.261073157391,0.75,0.99,0.00935531281833,0.0388245873277
