,ftype,K,d,c1,c2,c3,c4,c5,e11,e12,e21,e22,e31,e32,e41,e42,e51,e52,a1,lb1,ub1,lb2,ub2,rms_err,max_err
0,SMA,5,2,0.0149588925156,6.27278788658e-06,22.7372739676,177630.760897,0.057196914078,0.791314401797,21.1153859145,-1.69372563275,2.42526978074,0.618544026303,825.490852211,13.2188291025,19.9991770733,1.54696421228,2.75445117087,2.29203388723,0.0647735774818,0.261073157391,0.75,0.99,0.00438694671313,0.0109289514748
