,ftype,K,d,c1,c2,c3,c4,c5,e11,e12,e21,e22,e31,e32,e41,e42,e51,e52,a1,lb1,ub1,lb2,ub2,rms_err,max_err
0,SMA,5,2,0.00010246782934,0.0396903151391,0.146443011709,3.75459111303e-06,5.38339651447e+18,-11.2970387345,1.26456041216,43.1990714133,0.909327706945,3.92700119867,1.7131828524,2.60450400202,-2.2180693099,20.0066368556,36.3197587803,2.18277360152,0.0647735774818,0.261073157391,0.75,0.99,0.00542653335777,0.0192477550264
