,ftype,K,d,c1,c2,c3,c4,e11,e12,e21,e22,e31,e32,e41,e42,a1,lb1,ub1,lb2,ub2,rms_err,max_err
0,SMA,4,2,804750.673218,6.24846838488e-21,362442.377635,1181862.90452,16.1072877684,39.7128720472,-7.44138023565,14.6068746034,16.8986890204,14.6648604202,14.2660903178,316.677843278,11.7790189751,0.0647735774818,0.261073157391,0.75,0.99,0.0494174457423,0.108927825473
