,ftype,K,d,c1,c2,c3,c4,c5,e11,e12,e21,e22,e31,e32,e41,e42,e51,e52,a1,lb1,ub1,lb2,ub2,rms_err,max_err
0,MA,5,2,0.103689107757,0.0352245878313,4.74763854382,4.62925325355,4.152232506,-0.0531112294107,2.58170784364,-0.404832531341,0.978009124447,1.53924271758,2.31242181667,1.59297076574,1.33893160546,1.37912798184,7.54424237786,1,0.0647735774818,0.237144445492,0.75,0.99,0.0492696981932,0.125241081776
