,ftype,K,d,c1,c2,c3,c4,c5,e11,e12,e21,e22,e31,e32,e41,e42,e51,e52,a1,lb1,ub1,lb2,ub2,rms_err,max_err
0,SMA,5,2,5.91654415064e-22,0.144204971775,1496.44563497,0.000198324829848,4.47262541127e-31,90.9552532713,-2.99455030007,66.7701712567,17.4142308541,944.701509259,15.9816088351,25.9989724786,16.4668935451,20.3874565448,-9.50562879839,18.2579181971,0.0647735774818,0.261073157391,0.75,0.99,0.0117942823983,0.0324440497031
