,ftype,K,d,c1,c2,c3,c4,c5,e11,e12,e21,e22,e31,e32,e41,e42,e51,e52,a1,lb1,ub1,lb2,ub2,rms_err,max_err
0,MA,5,2,0.275724789608,0.0636174162052,0.844816352875,1.31284791939,0.0180574194273,0.0264214818373,2.01799617249,-0.689268731643,4.07835644299,0.445019110376,6.02592447717,0.890989594457,2.05727315809,-1.12124895793,1.45312113017,1,0.0647735774818,0.261073157391,0.75,0.99,0.026097044728,0.0695275079859
