,ftype,K,d,c1,c2,c3,c4,c5,e11,e12,e21,e22,e31,e32,e41,e42,e51,e52,a1,lb1,ub1,lb2,ub2,rms_err,max_err
0,SMA,5,2,54.5548595118,4.62239693812,1.25363688773e-05,0.00132464996865,20.0871185121,59.6187272762,5.30853112128,-0.750654303988,6.29274523522,2.1510497637,-2.04724952706,20.6898628591,-0.0227580683052,8.84938932961,5.11259488269,3.87652771212,0.0647735774818,0.261073157391,0.75,0.99,0.0235957228674,0.0611672528068
