,ftype,K,d,c1,c2,c3,c4,c5,e11,e12,e21,e22,e31,e32,e41,e42,e51,e52,a1,lb1,ub1,lb2,ub2,rms_err,max_err
0,SMA,5,2,0.0266882375701,2.25787271251e-21,18.8411758637,0.000258893801602,2.73224489253e-15,49.3424299228,11.5464771074,14.3294955401,-5.85892795753,721.141201674,10.3710573537,17.5150767371,10.8487592148,69.7448584354,-1.63046000628,12.7683546383,0.0647735774818,0.261073157391,0.75,0.99,0.00927555662066,0.0227988080336
