,ftype,K,d,c1,c2,c3,c4,c5,e11,e12,e21,e22,e31,e32,e41,e42,e51,e52,a1,lb1,ub1,lb2,ub2,rms_err,max_err
0,MA,5,2,0.30005477131,0.0612514708248,0.857132218367,0.0179073316995,1.24127061379,2.11944994492,0.0493075753242,4.06831852491,-0.706828567618,5.86279858788,0.446037926227,1.45305871845,-1.12929847844,2.09965440283,0.840815497637,1,0.0647735774818,0.261073157391,0.75,0.99,0.0255680912717,0.0686992718622
