,ftype,K,d,c1,c2,c3,c4,c5,e11,e12,e21,e22,e31,e32,e41,e42,e51,e52,a1,lb1,ub1,lb2,ub2,rms_err,max_err
0,MA,5,2,0.083269753256,0.00267825958308,0.333884108046,3.76326508791,3.58024971865,-0.0708034033611,1.22607320639,-1.34496273201,0.980168044556,0.376292360326,5.1919009505,1.37026281626,5.35396903516,1.48022684539,1.47810928239,1,0.0647735774818,0.254873630576,0.75,0.99,0.048656979599,0.1160244066
