,ftype,K,d,c1,c2,c3,c4,e11,e12,e21,e22,e31,e32,e41,e42,a1,lb1,ub1,lb2,ub2,rms_err,max_err
0,SMA,4,2,1.34970949206e+19,0.410791808274,1.56452999923e+25,3.40759975256e-94,96.16304604,66.8873765914,71.4637380902,46.0141431565,275.007775279,67.6744891339,58.6880852229,-45.9903653595,56.6753015498,0.0647735774818,0.261073157391,0.75,0.99,0.0212652575692,0.0733075040507
