,ftype,K,d,c1,c2,c3,c4,c5,e11,e12,e21,e22,e31,e32,e41,e42,e51,e52,a1,lb1,ub1,lb2,ub2,rms_err,max_err
0,MA,5,2,0.74729751052,0.107694506986,0.938820000811,0.0233787882904,1.18121279217,1.55587213532,0.947147145728,5.36402479184,-0.0107478556337,2.66905817017,0.984961638458,1.20729817715,-0.511996240309,7.74816299986,0.949593091321,1,0.0647735774818,0.261073157391,0.75,0.99,0.0167547497602,0.0588384225684
