,ftype,K,d,c1,c2,c3,c4,e11,e12,e21,e22,e31,e32,e41,e42,a1,lb1,ub1,lb2,ub2,rms_err,max_err
0,SMA,4,2,0.0114620755377,0.0195329748132,794.296515284,0.0222713041712,0.0890405586595,66.7144201461,1.14601156122,0.416535529918,8.61789858531,12.7804871729,0.791304652732,7.68542618414,2.07150761212,0.0647735774818,0.261073157391,0.75,0.99,0.0173493101214,0.0726354089887
