,ftype,K,d,c1,c2,c3,c4,c5,e11,e12,e21,e22,e31,e32,e41,e42,e51,e52,a1,lb1,ub1,lb2,ub2,rms_err,max_err
0,MA,5,2,1.66101700056,0.601020082607,1.22244954128,0.05571622672,0.0227879470145,1.07149580326,7.20920828738,0.584884950228,18.9505557389,1.10431903975,1.73631868129,-0.257166027688,3.66267771624,-0.530133678236,1.13395149048,1,0.0647735774818,0.261073157391,0.75,0.99,0.0274765091325,0.0790006776119
