,ftype,K,d,c1,c2,c3,c4,c5,e11,e12,e21,e22,e31,e32,e41,e42,e51,e52,a1,lb1,ub1,lb2,ub2,rms_err,max_err
0,SMA,5,2,22184.2378081,1.07570772115e-20,5.74409835874,6836.17107462,17342.411397,12.455442081,278.637074409,-7.62021079324,14.2431259617,14.9483527665,-3.73102030193,14.8045490026,16.5691690982,14.1136826954,47.7377406554,11.1837551634,0.0647735774818,0.261073157391,0.75,0.99,0.0422468742844,0.0893236943216
