,ftype,K,d,c1,c2,c3,c4,c5,e11,e12,e21,e22,e31,e32,e41,e42,e51,e52,a1,lb1,ub1,lb2,ub2,rms_err,max_err
0,MA,5,2,4.36479062775,0.0313982872212,6.73277873059,0.211894775476,4.30573438098,1.4301178467,5.28589294386,-0.446332466826,1.04069825292,1.87466147772,2.37373148632,0.217032760986,3.192920221,1.55736304861,1.45032843448,1,0.0647735774818,0.237144445492,0.75,0.99,0.0486325751764,0.12036109766
