,ftype,K,d,c1,c2,c3,c4,c5,e11,e12,e21,e22,e31,e32,e41,e42,e51,e52,a1,lb1,ub1,lb2,ub2,rms_err,max_err
0,MA,5,2,0.347035355688,6.77972508471,0.0250903985808,9.75081076328,7.15860959914,0.304233618282,17.4774319596,1.6132695511,4.7684226572,-0.601012219011,1.18952445441,2.0087887894,1.745071208,1.76612187469,1.32529744302,1,0.0647735774818,0.22064851472,0.75,0.99,0.04977540139,0.115333425125
