,ftype,K,d,c1,c2,c3,c4,c5,e11,e12,e21,e22,e31,e32,e41,e42,e51,e52,a1,lb1,ub1,lb2,ub2,rms_err,max_err
0,MA,5,2,0.0150782215834,0.0302432000379,0.0195854274786,2.11363876309,3.23796275756,-0.911838040104,0.644256330522,-0.703669058672,2.76369888879,-0.831910577914,0.952244666925,1.1549561652,1.5144206667,1.27146502291,4.61061030404,1,0.0647735774818,0.261073157391,0.75,0.99,0.0191291924715,0.0743390704172
