,ftype,K,d,c1,c2,c3,c4,c5,e11,e12,e21,e22,e31,e32,e41,e42,e51,e52,a1,lb1,ub1,lb2,ub2,rms_err,max_err
0,SMA,5,2,9193.51259918,92515.310453,2.55064709185e-21,136020.625375,36729.2693932,16.2109133447,11.9700316309,15.3833698747,46.4300795097,-7.62727480177,14.9936222799,13.6249136961,294.192604375,16.0759915491,19.9704697474,11.8450889408,0.0647735774818,0.261073157391,0.75,0.99,0.0448350741124,0.0958895450235
