,ftype,K,d,c1,c2,c3,c4,c5,e11,e12,e21,e22,e31,e32,e41,e42,e51,e52,a1,lb1,ub1,lb2,ub2,rms_err,max_err
0,MA,5,2,0.0869146961484,1.99597225913,0.0299055665248,2.140321266,2.30160924901,-0.107485791742,4.03013404023,1.28118230299,1.56347441856,-0.43960823428,1.13009266944,1.12957181952,8.61609402678,1.25588816102,3.80006472491,1,0.0647735774818,0.261073157391,0.75,0.99,0.0378834709305,0.0862409512794
