,ftype,K,d,c1,c2,c3,c4,c5,e11,e12,e21,e22,e31,e32,e41,e42,e51,e52,a1,lb1,ub1,lb2,ub2,rms_err,max_err
0,SMA,5,2,5.62060777364,0.109585165988,0.0300552707592,718220707.523,1.19826192633e-05,0.433617554444,657.295766998,1.32585297817,2.2936228137,0.721778580919,19.7460314665,19.1543104019,14.8258774457,-1.88005905805,1.6570243807,1.87359603767,0.0647735774818,0.261073157391,0.75,0.99,0.00405848005825,0.00990658308889
