,ftype,K,d,c1,c2,c3,c4,e11,e12,e21,e22,e31,e32,e41,e42,a1,lb1,ub1,lb2,ub2,rms_err,max_err
0,SMA,4,2,0.0258412637444,0.207566944647,0.163907327946,0.813607696933,8.45673541692,-0.972900843391,66.5407857239,0.267062887045,-2.96329903011,1.32766428671,2.34939823844,0.736566102696,1.37447122975,0.0647735774818,0.261073157391,0.75,0.99,0.00893711580382,0.0270156352381
