,ftype,K,d,c1,c2,c3,c4,c5,e11,e12,e21,e22,e31,e32,e41,e42,e51,e52,a1,lb1,ub1,lb2,ub2,rms_err,max_err
0,MA,5,2,0.0131182682741,2.65648266974,0.525734229612,2.00308512008,2.486838431,1.68592999299,-1.04755018918,1.39521578089,1.49189956286,1.58665076655,0.572717669293,6.59621306773,1.09020961227,2.84022240629,1.32939430106,1,0.0647735774818,0.261073157391,0.75,0.99,0.0316353345496,0.0910530764144
