,ftype,K,d,c1,c2,c3,e11,e12,e21,e22,e31,e32,a1,lb1,ub1,lb2,ub2,rms_err,max_err
0,SMA,3,2,7.99513875074e-60,4.91204684819e-62,5.25342804821e+282,-48.3897118535,187.498370671,-43.7334649266,120.087744274,-42.256166767,76712.6603129,70.1498615701,0.0647735774818,0.261073157391,0.75,0.99,0.0309689940517,0.0838607691104
