,ftype,K,d,c1,c2,c3,c4,c5,e11,e12,e21,e22,e31,e32,e41,e42,e51,e52,a1,lb1,ub1,lb2,ub2,rms_err,max_err
0,SMA,5,2,21761634806.9,1.86363768346e-09,5.52864337664e-34,1.98846516343e+11,135618.073879,69.4027727767,25.2397743753,2944.67556442,-8.62626467006,48.3583760306,-16.2431936681,25.1969715594,29.2591059276,176.37961854,17.0758154507,22.6266117015,0.0647735774818,0.261073157391,0.75,0.99,0.0363491152276,0.117414000974
