,ftype,K,d,c1,c2,c3,c4,e11,e12,e21,e22,e31,e32,e41,e42,a1,lb1,ub1,lb2,ub2,rms_err,max_err
0,MA,4,2,0.3800522681,0.379260662358,0.355124911411,0.482299769563,-0.282073186061,2.26549682187,-0.305771860565,2.73544422689,-0.295300272692,1.33382253542,-0.164802693388,3.6810701647,1,0.0647735774818,0.261073157391,0.75,0.99,0.0193467874999,0.0894165468111
