,ftype,K,d,c1,c2,c3,c4,c5,e11,e12,e21,e22,e31,e32,e41,e42,e51,e52,a1,lb1,ub1,lb2,ub2,rms_err,max_err
0,MA,5,2,0.389898557524,1.96413073231,2.42180605824,0.016798699053,0.0109162488074,0.416461463289,1.68284710514,1.0835081303,6.64306564649,1.43265819445,1.64463316112,-1.01481171299,4.06852433371,-1.11422666495,1.31495835358,1,0.0647735774818,0.261073157391,0.75,0.99,0.0249260463667,0.0646053919114
