,ftype,K,d,c1,c2,c3,c4,e11,e12,e21,e22,e31,e32,e41,e42,a1,lb1,ub1,lb2,ub2,rms_err,max_err
0,SMA,4,2,2.29345674667e-09,0.0257618601442,2.1200147095,0.059011219638,-6.06563096689,-0.42987910906,-0.799682740441,12.0673460676,1.19662434147,1.23965763206,-0.257955079353,70.9327935881,1.18727024729,0.0647735774818,0.261073157391,0.75,0.99,0.0243346903189,0.0907599426955
