,ftype,K,d,c1,c2,c3,c4,c5,e11,e12,e21,e22,e31,e32,e41,e42,e51,e52,a1,lb1,ub1,lb2,ub2,rms_err,max_err
0,MA,5,2,0.025608740843,0.875000708586,0.0109603679511,0.848308872036,0.0970658996595,-0.87056376576,1.25713470933,0.629574677945,7.82542731349,-1.27802630357,1.62393586233,0.86198222897,1.92130476389,-0.31794139671,1.57575332862,1,0.0647735774818,0.261073157391,0.75,0.99,0.0323747435798,0.0760519222146
