,ftype,K,d,c1,c2,c3,c4,c5,e11,e12,e21,e22,e31,e32,e41,e42,e51,e52,a1,lb1,ub1,lb2,ub2,rms_err,max_err
0,SMA,5,2,1.29888694804e-13,2.37910460418e-20,1.24758817639e-08,806.797951972,80442.5792974,-4.91521099919,42.2554181619,-9.48750282811,19.0005544609,-2.60332368108,155.837882127,9.51456307211,61.7220378653,14.0724360627,16.106297112,12.5597150368,0.0647735774818,0.261073157391,0.75,0.99,0.0305665530579,0.110444330892
