,ftype,K,d,c1,c2,c3,c4,c5,e11,e12,e21,e22,e31,e32,e41,e42,e51,e52,a1,lb1,ub1,lb2,ub2,rms_err,max_err
0,MA,5,2,0.974959942572,4.19669823029,4.27263808267,4.17641526003,0.0146739240426,0.886618854468,1.86449007436,1.43679782185,4.17530689468,1.59839725081,1.21473276496,1.54914675954,1.13936232466,-0.943948432138,1.87491660358,1,0.0647735774818,0.261073157391,0.75,0.99,0.036734248801,0.09602266648
