,ftype,K,d,c1,c2,c3,e11,e12,e21,e22,e31,e32,a1,lb1,ub1,lb2,ub2,rms_err,max_err
0,SMA,3,2,1.54255693014e+194,2.00443671148e-38,9.5743806926e-39,-27.2053241653,52114.9325032,-30.8016148168,121.683092961,-25.2860719738,67.0509132391,40.5836538513,0.0647735774818,0.261073157391,0.75,0.99,0.0315219620102,0.0843171760563
