,ftype,K,d,c1,c2,c3,c4,e11,e12,e21,e22,e31,e32,e41,e42,a1,lb1,ub1,lb2,ub2,rms_err,max_err
0,MA,4,2,4.57645505252,4.6221655667,0.0143923409051,0.0111161082642,4.04931081849,1.47044086082,1.10488804225,1.59030158293,4.36703196205,-0.998187758153,1.47931961724,-1.02305376922,1,0.0647735774818,0.261073157391,0.75,0.99,0.0344205277192,0.108540523203
