,ftype,K,d,c1,c2,c3,e11,e12,e21,e22,e31,e32,a1,lb1,ub1,lb2,ub2,rms_err,max_err
0,SMA,3,2,5.59742972934e+295,1.76194315229e-52,1.12129830901e-53,-37.0867088198,78183.0026741,-42.39798319,165.466144177,-36.6227411563,99.2184677386,58.3972018444,0.0647735774818,0.261073157391,0.75,0.99,0.031351948475,0.0860315032524
