,ftype,K,d,c1,c2,c3,c4,e11,e12,e21,e22,e31,e32,e41,e42,a1,lb1,ub1,lb2,ub2,rms_err,max_err
0,SMA,4,2,2.54710084434e-07,10.964747855,1.33816113458e-07,2.85105996336e-06,-5.27360543971,21.7564179167,8.64108578207,10.9608055013,-3.48996075328,3.95411619584,-4.50258105051,80.9887787362,6.12232507088,0.0647735774818,0.261073157391,0.75,0.99,0.0288010053627,0.0745475571516
