,ftype,K,d,c1,c2,c3,c4,c5,e11,e12,e21,e22,e31,e32,e41,e42,e51,e52,a1,lb1,ub1,lb2,ub2,rms_err,max_err
0,SMA,5,2,0.763864069819,1.0695388319,1.78068918334e-10,0.00134336349204,1.6633241596,286.847295704,0.069593759565,7.46768131181,1.32079495117,0.691940201648,-6.51234321514,18.9079613819,-1.69460691143,0.00923373618086,2.24883991916,2.22162840886,0.0647735774818,0.261073157391,0.75,0.99,0.0183060591568,0.0698090788641
