,ftype,K,d,c1,c2,c3,c4,c5,e11,e12,e21,e22,e31,e32,e41,e42,e51,e52,a1,lb1,ub1,lb2,ub2,rms_err,max_err
0,MA,5,2,0.47689998551,0.440416752099,0.709847684118,0.469803191025,0.477354339606,-0.186185186995,3.62773083312,-0.193582346224,2.25563012873,0.0680187729125,4.35972972906,-0.0655807775758,1.31048318952,-0.120059347758,1.83612419576,1,0.0647735774818,0.261073157391,0.75,0.99,0.0162196645556,0.0750791230831
