,ftype,K,d,c1,c2,c3,c4,c5,e11,e12,e21,e22,e31,e32,e41,e42,e51,e52,a1,lb1,ub1,lb2,ub2,rms_err,max_err
0,SMA,5,2,8.93201572172e-11,0.000497089030102,926055159.895,0.000252812780458,0.683065320311,-6.72773935409,1.37757139802,-2.1934531126,24.129140417,2.65681526274,2169.02709927,-1.92461033173,4.28525476791,3.58953409927,3.44062006563,2.68618617162,0.0647735774818,0.261073157391,0.75,0.99,0.0171116397699,0.0491684930608
