,ftype,K,d,c1,c2,c3,c4,e11,e12,e21,e22,e31,e32,e41,e42,a1,lb1,ub1,lb2,ub2,rms_err,max_err
0,MA,4,2,4.6550881941,4.36498840459,0.0118276933784,4.58855470819,1.59218155492,1.12017559854,1.41737039651,8.6796150345,-1.03602179138,1.9190738149,1.4961376943,3.25303940681,1,0.0647735774818,0.261073157391,0.75,0.99,0.0407014941112,0.102652067344
