,ftype,K,d,c1,c2,c3,c4,e11,e12,e21,e22,e31,e32,e41,e42,a1,lb1,ub1,lb2,ub2,rms_err,max_err
0,MA,4,2,0.212634984721,0.204018591184,0.234572080014,0.317477817388,-0.515952882722,1.61272309496,-0.527201919265,2.06733949827,-0.496940618378,2.31856756169,-0.447101923425,18.5004681668,1,0.0647735774818,0.261073157391,0.75,0.99,0.0243542603053,0.0727381572097
