,ftype,K,d,c1,c2,c3,c4,e11,e12,e21,e22,e31,e32,e41,e42,a1,lb1,ub1,lb2,ub2,rms_err,max_err
0,MA,4,2,5.46400320437,4.90398851043,5.39408096954,0.00879585374995,1.59657764832,1.975392542,1.46616344184,6.31928137188,1.66274312624,0.961122224683,-1.16986863503,2.01616421036,1,0.0647735774818,0.261073157391,0.75,0.99,0.0483256203285,0.130716327241
