,ftype,K,d,c1,c2,c3,c4,e11,e12,e21,e22,e31,e32,e41,e42,a1,lb1,ub1,lb2,ub2,rms_err,max_err
0,SMA,4,2,0.00697047234328,0.00986736418619,0.0085139239333,45.2494353041,-1.43415822281,35.6534354824,-0.096800514347,-2.08588431711,-1.41594502294,4.53726991868,5.24465062375,4.43392355644,1.45074756606,0.0647735774818,0.261073157391,0.75,0.99,0.020533848312,0.0716640105445
