,ftype,K,d,c1,c2,c3,c4,c5,e11,e12,e21,e22,e31,e32,e41,e42,e51,e52,a1,lb1,ub1,lb2,ub2,rms_err,max_err
0,MA,5,2,5.06975448249,4.70323836888,4.98648577972,0.0116696771574,0.00935380345377,1.57039231944,1.96019592011,1.45646778065,6.68486695259,1.63290952103,0.974817388832,-1.0767700459,3.13918186884,-1.0914896118,1.44515675045,1,0.0647735774818,0.261073157391,0.75,0.99,0.039936465911,0.116054727622
