,ftype,K,d,c1,c2,c3,c4,c5,e11,e12,e21,e22,e31,e32,e41,e42,e51,e52,a1,lb1,ub1,lb2,ub2,rms_err,max_err
0,MA,5,2,2.662465835,0.0173736718747,0.0120450341747,0.559553792577,2.17437463393,1.46786941472,1.55492075766,-0.976330903842,4.16242662102,-1.04459529054,1.25604695627,0.602054167922,1.5986696039,1.14069897633,6.05540859329,1,0.0647735774818,0.261073157391,0.75,0.99,0.0227878812814,0.0646234730228
