,ftype,K,d,c1,c2,c3,e11,e12,e21,e22,e31,e32,a1,lb1,ub1,lb2,ub2,rms_err,max_err
0,SMA,3,2,6.53088341052e-24,9.09599211161e+92,9.66347924551e-24,-18.8430080748,75.6059104631,-16.8048533018,26016.6655422,-14.4842032107,36.9461648395,23.884854315,0.0647735774818,0.261073157391,0.75,0.99,0.0318334542325,0.0770120960537
