,ftype,K,d,c1,c2,c3,c4,c5,e11,e12,e21,e22,e31,e32,e41,e42,e51,e52,a1,lb1,ub1,lb2,ub2,rms_err,max_err
0,MA,5,2,3.69844668865,3.88389032007,0.120808902163,0.0148084224062,0.0195498362646,1.17146434317,1.49893229721,4.33238304603,1.40759323904,8.60283925491,-0.104184179632,1.31304306847,-0.890755389701,4.27417999207,-0.861220287355,1,0.0647735774818,0.261073157391,0.75,0.99,0.0228962410499,0.0837630462057
