,ftype,K,d,c1,c2,c3,c4,e11,e12,e21,e22,e31,e32,e41,e42,a1,lb1,ub1,lb2,ub2,rms_err,max_err
0,MA,4,2,6.09523409984,0.00778479591213,5.8604290267,0.0104083856834,1.69905878383,1.0870558293,-1.19032336522,1.62339008722,1.5638815967,3.92380433538,-1.14912791544,4.39673227035,1,0.0647735774818,0.254873630576,0.75,0.99,0.0449539095075,0.140408158267
