,ftype,K,d,c1,c2,c3,c4,c5,e11,e12,e21,e22,e31,e32,e41,e42,e51,e52,a1,lb1,ub1,lb2,ub2,rms_err,max_err
0,MA,5,2,0.141362895282,0.0108033850648,1.8403806392,0.398540013277,1.20187688257,-0.106147972674,1.61061003119,-1.24413373045,1.6926020606,1.09299478734,7.29836718938,0.269118674257,5.93347250266,1.06108084246,1.88324484601,1,0.0647735774818,0.261073157391,0.75,0.99,0.0268402952469,0.0747038542466
