,ftype,K,d,c1,c2,c3,c4,c5,e11,e12,e21,e22,e31,e32,e41,e42,e51,e52,a1,lb1,ub1,lb2,ub2,rms_err,max_err
0,MA,5,2,0.150058753326,0.256379682366,0.225620348149,0.195181090492,0.212292307114,-0.649129102818,1.99683871024,-0.477849652549,4.49029750908,-0.466960952258,2.08984976074,-0.546494481075,1.68920013155,-0.535195971487,2.16658849788,1,0.0647735774818,0.261073157391,0.75,0.99,0.0256901723853,0.0725997075376
