,ftype,K,d,c1,c2,c3,c4,e11,e12,e21,e22,e31,e32,e41,e42,a1,lb1,ub1,lb2,ub2,rms_err,max_err
0,SMA,4,2,0.033860818966,0.286587698199,0.285671240432,0.287151769482,42.8111103373,0.492259460844,0.0767874990941,-0.0452984033154,0.516405743998,-0.0579849853743,-0.0923541490246,-0.0403474480257,0.122220781778,0.0647735774818,0.261073157391,0.75,0.99,0.0211408679542,0.0854762771622
