,ftype,K,d,c1,c2,c3,c4,c5,e11,e12,e21,e22,e31,e32,e41,e42,e51,e52,a1,lb1,ub1,lb2,ub2,rms_err,max_err
0,SMA,5,2,0.000252812392712,0.000497086280672,8.93266877801e-11,0.683066667395,337448677.616,-1.92460968392,4.28525952269,-2.19345489547,24.1291498106,-6.72771435916,1.37758311226,3.58953822774,3.44062259267,2.6568135637,2068.58106861,2.68618809651,0.0647735774818,0.261073157391,0.75,0.99,0.0171116397304,0.0491684781615
