,ftype,K,d,c1,c2,c3,c4,c5,e11,e12,e21,e22,e31,e32,e41,e42,e51,e52,a1,lb1,ub1,lb2,ub2,rms_err,max_err
0,SMA,5,2,67.0535156952,2845.24511023,4.61042265399e-11,9.50254547661e-18,3.15967077051e-07,50.2865061725,7.14635121252,13.2912774545,10.9704694078,34.4138835861,-3.84293091004,14.7763296313,-8.31863651647,122.904046032,-2.35090681287,10.6022715403,0.0647735774818,0.261073157391,0.75,0.99,0.0271097010513,0.101299432981
