,ftype,K,d,c1,c2,c3,c4,c5,e11,e12,e21,e22,e31,e32,e41,e42,e51,e52,a1,lb1,ub1,lb2,ub2,rms_err,max_err
0,MA,5,2,0.0748945330516,0.871833193384,0.199209938895,0.0107268421506,0.775816893966,1.31019373353,-0.42952071957,7.73055328301,0.635085200118,3.53446659393,-0.0547973197892,1.56498360266,-1.30088207861,1.90048703243,0.811468967317,1,0.0647735774818,0.261073157391,0.75,0.99,0.0288494075979,0.0757172406311
