,ftype,K,d,c1,c2,c3,c4,c5,e11,e12,e21,e22,e31,e32,e41,e42,e51,e52,a1,lb1,ub1,lb2,ub2,rms_err,max_err
0,MA,5,2,0.451370235866,0.431796038002,0.573028891091,0.508407588479,0.452607251672,-0.128002140766,1.42850526249,-0.205585973161,1.99270321565,0.00833359778593,2.01073158117,-0.15202542312,3.7078050167,-0.21404327836,3.205329527,1,0.0647735774818,0.261073157391,0.75,0.99,0.0168496316611,0.0813325307605
