,ftype,K,d,c1,c2,c3,c4,c5,e11,e12,e21,e22,e31,e32,e41,e42,e51,e52,a1,lb1,ub1,lb2,ub2,rms_err,max_err
0,SMA,5,2,0.504944904237,0.860714393499,1.3089804186e-16,0.204326294104,0.0107466846271,1.34410522576,-1.28454388263,0.838863205239,3.67691196691,-11.3709836216,-3.96829070222,0.178177160271,92.3313720114,-1.21329940324,10.6954900791,1.42946665322,0.0647735774818,0.261073157391,0.75,0.99,0.0111517907764,0.0346769446035
