,ftype,K,d,c1,c2,c3,c4,c5,e11,e12,e21,e22,e31,e32,e41,e42,e51,e52,a1,lb1,ub1,lb2,ub2,rms_err,max_err
0,MA,5,2,2.43003317577,1.71718805635,0.079154122508,2.24819907065,0.26161434772,1.13527414489,1.133543543,0.744019009301,5.67780626719,-0.416887278436,2.14549769328,0.997522396212,2.15750715803,-0.157892637908,10.2112688716,1,0.0647735774818,0.261073157391,0.75,0.99,0.0305169322537,0.103971979517
