,ftype,K,d,c1,c2,c3,c4,c5,e11,e12,e21,e22,e31,e32,e41,e42,e51,e52,a1,lb1,ub1,lb2,ub2,rms_err,max_err
0,MA,5,2,0.960323380417,0.379520362252,0.772044159939,0.0760663411364,0.0107359177661,0.709887254688,7.11762314159,0.20459925823,6.50699429597,0.802758089437,1.91134298323,-0.446326577974,1.43124694951,-1.31086470082,1.54862906144,1,0.0647735774818,0.261073157391,0.75,0.99,0.0287906993396,0.0819475088832
