,ftype,K,d,c1,c2,c3,c4,c5,e11,e12,e21,e22,e31,e32,e41,e42,e51,e52,a1,lb1,ub1,lb2,ub2,rms_err,max_err
0,MA,5,2,0.707757794107,0.472840333708,0.566886430841,0.561498536235,0.475301252882,0.0612910882745,4.77134161849,-0.171495705426,4.07527126993,0.0230343205616,1.82038784116,0.0927404367424,1.28983580788,-0.136730526082,2.67316969999,1,0.0647735774818,0.261073157391,0.75,0.99,0.0144268262625,0.0602011109885
