,ftype,K,d,c1,c2,c3,e11,e12,e21,e22,e31,e32,a1,lb1,ub1,lb2,ub2,rms_err,max_err
0,SMA,3,2,818615.226458,0.171828164408,0.576153275885,0.775968695618,1535.73012492,-0.448638657036,4.55157923167,0.524390563603,-0.203630402043,0.880805391491,0.0647735774818,0.261073157391,0.75,0.99,0.0109242492215,0.0432437937752
