,ftype,K,d,c1,c2,c3,c4,e11,e12,e21,e22,e31,e32,e41,e42,a1,lb1,ub1,lb2,ub2,rms_err,max_err
0,SMA,4,2,4.80612895678e-05,7.74463095999e-05,453.95290231,0.000256812063746,-1.76665869147,-0.0778303862649,-3.24220078552,13.3984984489,9.02685565543,7.23398359684,-2.73994143068,60.1009137117,3.60769144024,0.0647735774818,0.261073157391,0.75,0.99,0.0280501634935,0.0770387053296
