,ftype,K,d,c1,c2,c3,c4,c5,e11,e12,e21,e22,e31,e32,e41,e42,e51,e52,a1,lb1,ub1,lb2,ub2,rms_err,max_err
0,SMA,5,2,793.691917993,2.98138695901,4.69257850955e-07,0.00441848355342,2.61255096558e-07,-4.24307267059,2081.04976013,5.68004692684,49.321639983,-4.4891724137,28.8254839367,2.3566886696,6.59220798114,-3.82039881137,7.5814518003,4.81330055771,0.0647735774818,0.261073157391,0.75,0.99,0.0177813884585,0.056391328946
