,ftype,K,d,c1,c2,c3,e11,e12,e21,e22,e31,e32,a1,lb1,ub1,lb2,ub2,rms_err,max_err
0,SMA,3,2,0.0649986739259,0.961077019272,0.212953130528,-0.71997410553,6.15333066972,0.666142545596,0.427830135945,0.376693610144,57.2790811119,0.904244671547,0.0647735774818,0.261073157391,0.75,0.99,0.0090849277614,0.0266926777187
