,ftype,K,d,c1,c2,c3,c4,c5,e11,e12,e21,e22,e31,e32,e41,e42,e51,e52,a1,lb1,ub1,lb2,ub2,rms_err,max_err
0,SMA,5,2,6.79183937247e-05,0.0256608766647,3.72493595706e-05,22.269756662,0.069253505623,-2.89640027531,25.5288090899,-2.77463700387,655.546796477,-2.60114345573,5.18657428646,5.76003118973,45.5806919982,2.49536518232,3.59428624007,3.15232818165,0.0647735774818,0.261073157391,0.75,0.99,0.0171214801043,0.0474979528146
