,ftype,K,d,c1,c2,c3,c4,c5,e11,e12,e21,e22,e31,e32,e41,e42,e51,e52,a1,lb1,ub1,lb2,ub2,rms_err,max_err
0,MA,5,2,0.133472383271,3.58213759504,0.0184811511509,3.20715851743,3.21187523178,0.0448441047374,1.40094888813,1.37765277478,4.43027758193,-0.840616755056,1.73567214976,1.45963591939,1.05405040521,1.41149805907,1.59783449444,1,0.0647735774818,0.261073157391,0.75,0.99,0.029564121862,0.0835445467939
