,ftype,K,d,c1,c2,c3,c4,c5,e11,e12,e21,e22,e31,e32,e41,e42,e51,e52,a1,lb1,ub1,lb2,ub2,rms_err,max_err
0,MA,5,2,0.70279123635,0.782211786045,0.078913956656,0.0263736135325,0.0105065054935,7.14440456363,0.506027024759,1.91093288899,0.807927392632,1.45603204619,-0.432562273673,0.490513834023,-0.81139917745,1.56699147123,-1.32360125196,1,0.0647735774818,0.261073157391,0.75,0.99,0.0321966925691,0.0800321287604
