,ftype,K,d,c1,c2,c3,c4,c5,e11,e12,e21,e22,e31,e32,e41,e42,e51,e52,a1,lb1,ub1,lb2,ub2,rms_err,max_err
0,MA,5,2,0.128201079353,0.138639394842,0.174548262588,0.209696272431,0.131948277852,-0.696014991208,2.37871860972,-0.565902963121,1.76429088529,-0.641212888119,6.15054900325,-0.439007912363,4.60267655389,-0.728939961464,3.11045596785,1,0.0647735774818,0.261073157391,0.75,0.99,0.0309655540574,0.0834808402853
