,ftype,K,d,c1,c2,c3,c4,e11,e12,e21,e22,e31,e32,e41,e42,a1,lb1,ub1,lb2,ub2,rms_err,max_err
0,SMA,4,2,4.56210600809e+12,2.23143224085e-13,4.52318058774e-42,9.19305299657e+14,143.831170099,27.883262489,3125.43672978,-10.4295891931,50.1023748716,-21.7336796546,31.5422521005,34.7086199197,24.4870835332,0.0647735774818,0.261073157391,0.75,0.99,0.0414933806659,0.126601270246
