,ftype,K,d,c1,c2,c3,c4,c5,e11,e12,e21,e22,e31,e32,e41,e42,e51,e52,a1,lb1,ub1,lb2,ub2,rms_err,max_err
0,MA,5,2,2.0740277659,2.45318941992,0.653637938296,0.011534744542,0.282337206501,1.35917959325,1.70896086721,1.24252189424,6.81710182409,0.540857519117,5.56078977385,-1.15279991612,1.72136303957,0.262556453574,1.60885082855,1,0.0647735774818,0.261073157391,0.75,0.99,0.0285299189841,0.0854360574925
