,ftype,K,d,c1,c2,c3,c4,c5,e11,e12,e21,e22,e31,e32,e41,e42,e51,e52,a1,lb1,ub1,lb2,ub2,rms_err,max_err
0,MA,5,2,0.10559983569,0.147425878436,0.107191953424,0.169785316639,0.147628906562,-0.699904181677,2.13085485989,-0.398682254246,1.50267304277,-0.789694461626,3.19379335891,-0.391938187776,2.21205764424,-0.706730573454,7.51750072782,1,0.0647735774818,0.261073157391,0.75,0.99,0.0301126001535,0.0781314011739
