,ftype,K,d,c1,c2,c3,c4,e11,e12,e21,e22,e31,e32,e41,e42,a1,lb1,ub1,lb2,ub2,rms_err,max_err
0,SMA,4,2,0.280376347431,0.28027360045,0.281350365414,0.0714907362189,-0.0573824050954,0.262850718585,-0.0604006406062,0.555886119371,-0.0517871357418,-0.243057743811,0.832825929391,41.8807899233,0.122059665911,0.0647735774818,0.261073157391,0.75,0.99,0.0228378899054,0.0821692726214
