,ftype,K,d,c1,c2,c3,c4,c5,e11,e12,e21,e22,e31,e32,e41,e42,e51,e52,a1,lb1,ub1,lb2,ub2,rms_err,max_err
0,MA,5,2,2.04732733972,1.42934698833,0.36653560158,0.010484055206,0.172962484193,1.14908744574,7.26193231922,1.15959391856,1.82722829584,0.239661405247,5.60144509912,-1.23530089423,1.68828762464,0.0043648914901,1.60878534081,1,0.0647735774818,0.261073157391,0.75,0.99,0.0270453019319,0.0842386489976
