,ftype,K,d,c1,c2,c3,c4,c5,e11,e12,e21,e22,e31,e32,e41,e42,e51,e52,a1,lb1,ub1,lb2,ub2,rms_err,max_err
0,MA,5,2,0.335423529515,0.275598874485,0.304380932458,0.455839032083,0.262575291977,2.66199864342,-0.361424454684,5.12103380035,-0.437954453565,1.27026021466,-0.366378201779,3.60698705994,-0.17236870563,1.14608261388,-0.37649547014,1,0.0647735774818,0.261073157391,0.75,0.99,0.020385802241,0.0843289253089
