,ftype,K,d,c1,c2,c3,c4,c5,e11,e12,e21,e22,e31,e32,e41,e42,e51,e52,a1,lb1,ub1,lb2,ub2,rms_err,max_err
0,SMA,5,2,0.00441831722244,2.981090044,2.61235121754e-07,4.69222566839e-07,495.983690918,2.35669079779,6.59225763143,5.67999449512,49.3218984771,-3.82041765583,7.5814953185,-4.48919541847,28.8255779135,-4.24309909488,2034.27761238,4.8133266253,0.0647735774818,0.261073157391,0.75,0.99,0.0177813884562,0.056391236722
