,ftype,K,d,c1,c2,c3,c4,e11,e12,e21,e22,e31,e32,e41,e42,a1,lb1,ub1,lb2,ub2,rms_err,max_err
0,SMA,4,2,0.294265460869,0.295002961356,0.224186432375,0.296148686251,-0.0818050952378,0.839275168491,-0.0196846871554,-0.0135482970219,0.583971384459,244.336100609,-0.000716815002553,-0.271918785174,0.123639947356,0.0647735774818,0.261073157391,0.75,0.99,0.0191145226963,0.0894267436756
