,ftype,K,d,c1,c2,c3,e11,e12,e21,e22,e31,e32,a1,lb1,ub1,lb2,ub2,rms_err,max_err
0,SMA,3,2,0.576153121245,0.171827923529,472740.589889,-0.203628725596,0.52439107178,4.55158539354,-0.448639044281,1481.09836695,0.775968265251,0.880806962812,0.0647735774818,0.261073157391,0.75,0.99,0.0109242492215,0.0432437916566
