,ftype,K,d,c1,c2,c3,c4,c5,e11,e12,e21,e22,e31,e32,e41,e42,e51,e52,a1,lb1,ub1,lb2,ub2,rms_err,max_err
0,MA,5,2,2.9262005957,1.21992113742,2.64354594431,0.0197670950116,0.0151770690275,1.47133413043,1.37815201015,0.987062423401,1.41889005138,1.2427890606,5.08568566165,-0.881480245883,4.29816766564,-0.901185589902,1.17529466475,1,0.0647735774818,0.261073157391,0.75,0.99,0.0188462298705,0.0619707872317
