,ftype,K,d,c1,c2,c3,c4,c5,e11,e12,e21,e22,e31,e32,e41,e42,e51,e52,a1,lb1,ub1,lb2,ub2,rms_err,max_err
0,SMA,5,2,2.0911000218e-10,9.81888967764e-05,0.0604093852,2.29408634369e-10,1.87113643324e-09,25.1230752603,-6.58908861286,11.4851362534,2.27438273109,60.4962560451,4.9532328586,8.64413981587,-5.16337611574,80.6374934975,-6.69343837232,7.23712664387,0.0647735774818,0.261073157391,0.75,0.99,0.0182750192493,0.0612902294097
