,ftype,K,d,c1,c2,c3,c4,c5,e11,e12,e21,e22,e31,e32,e41,e42,e51,e52,a1,lb1,ub1,lb2,ub2,rms_err,max_err
0,MA,5,2,0.0107554411764,0.39329036318,1.60801216091,1.03382215654,0.118301388514,-1.26121570201,1.66297899306,0.253228031462,6.18641556079,1.01364786213,7.49057264194,0.974339853105,1.91369006402,-0.202464350868,1.59084825813,1,0.0647735774818,0.261073157391,0.75,0.99,0.0268055292185,0.0721404847107
