,ftype,K,d,c1,c2,c3,e11,e12,e21,e22,e31,e32,a1,lb1,ub1,lb2,ub2,rms_err,max_err
0,SMA,3,2,0.81795174129,0.257222407347,0.0904727951681,0.628868526844,0.287313438311,0.490239983909,66.8166849384,-0.625561415952,5.82868761556,0.935617941986,0.0647735774818,0.261073157391,0.75,0.99,0.00853745991673,0.0300791765821
