,ftype,K,d,c1,c2,c3,c4,c5,e11,e12,e21,e22,e31,e32,e41,e42,e51,e52,a1,lb1,ub1,lb2,ub2,rms_err,max_err
0,MA,5,2,0.629852921286,0.464847536058,0.559411512852,0.713584855766,0.458043550019,1.55574481471,0.139866526452,2.94423650037,-0.132159805293,2.45453508309,-0.013025285801,4.8135338749,0.0733504199563,4.51396908242,-0.173924161921,1,0.0647735774818,0.261073157391,0.75,0.99,0.0127920164911,0.0440536215909
