,ftype,K,d,c1,c2,c3,c4,c5,e11,e12,e21,e22,e31,e32,e41,e42,e51,e52,a1,lb1,ub1,lb2,ub2,rms_err,max_err
0,MA,5,2,3.17371813778,0.140642976712,2.85547229737,0.0351683899938,2.01946855611,1.28327901071,1.1997096664,-0.328164140644,9.22450955492,1.11080116906,2.95817694484,-0.683444426071,1.89343558127,0.842869594386,7.78101700229,1,0.0647735774818,0.261073157391,0.75,0.99,0.0345998328136,0.119851409
