,ftype,K,d,c1,c2,c3,c4,c5,e11,e12,e21,e22,e31,e32,e41,e42,e51,e52,a1,lb1,ub1,lb2,ub2,rms_err,max_err
0,SMA,5,2,0.714913095513,0.00134549991168,1.66265851025,1.06956966506,1.78484328673e-10,0.0695031142915,280.258107642,-1.69416202551,18.9045651148,2.24831907099,0.00859154745437,1.32059158365,7.46532826581,-6.51176155597,0.691396698343,2.22105521726,0.0647735774818,0.261073157391,0.75,0.99,0.018306060956,0.0698105802972
