,ftype,K,d,c1,c2,c3,c4,e11,e12,e21,e22,e31,e32,e41,e42,a1,lb1,ub1,lb2,ub2,rms_err,max_err
0,SMA,4,2,0.150725164531,0.0880246200242,0.321773553154,0.325141250369,-0.0518167198647,-1.0239934733,0.974088883534,65.4956466604,-0.0870608741608,0.657889142858,-0.0870615025692,0.657931461765,0.124383450164,0.0647735774818,0.261073157391,0.75,0.99,0.0309068067166,0.0729079799564
