,ftype,K,d,c1,c2,c3,c4,c5,e11,e12,e21,e22,e31,e32,e41,e42,e51,e52,a1,lb1,ub1,lb2,ub2,rms_err,max_err
0,MA,5,2,0.216971853418,0.01112774219,2.2927453327,0.523254852364,1.72826404243,0.124748953096,1.61688972124,-1.1918213973,1.72353189513,1.21416754506,6.93940421447,0.420779160972,5.71666334835,1.26392936173,1.76860427938,1,0.0647735774818,0.261073157391,0.75,0.99,0.0276371485876,0.0816337894035
