,ftype,K,d,c1,c2,c3,c4,c5,e11,e12,e21,e22,e31,e32,e41,e42,e51,e52,a1,lb1,ub1,lb2,ub2,rms_err,max_err
0,MA,5,2,0.124443405266,0.0523772685597,0.010243202437,1.13528011141,1.03382215657,-0.185486899291,1.6622105069,-1.02593997521,94.7618034139,-1.26653402155,1.49462481765,0.781162905599,7.75461773424,0.97433985312,1.91369006403,1,0.0647735774818,0.261073157391,0.75,0.99,0.0291926510433,0.083906325624
