,ftype,K,d,c1,c2,c3,c4,c5,e11,e12,e21,e22,e31,e32,e41,e42,e51,e52,a1,lb1,ub1,lb2,ub2,rms_err,max_err
0,MA,5,2,2.84024755402,0.0177229322034,2.91350393953,2.98477662037,1.64071912002,2.28276126082,1.35104430403,1.68520660063,-0.867348364252,4.88940770922,1.28826461781,1.1570124118,1.4765440716,1.31605956601,1.13032848983,1,0.0647735774818,0.261073157391,0.75,0.99,0.0302761655464,0.0894088948307
