,ftype,K,d,c1,c2,c3,c4,e11,e12,e21,e22,e31,e32,e41,e42,a1,lb1,ub1,lb2,ub2,rms_err,max_err
0,SMA,4,2,0.28480877714,0.281682738015,0.281524291839,0.0649907943831,-0.0449054996264,-0.295390836949,-0.0576213464947,0.397655678793,-0.0586632987394,0.456309260843,0.817601114593,42.6492782881,0.122142701605,0.0647735774818,0.261073157391,0.75,0.99,0.0221419409707,0.0837243377211
