,ftype,K,d,c1,c2,c3,c4,e11,e12,e21,e22,e31,e32,e41,e42,a1,lb1,ub1,lb2,ub2,rms_err,max_err
0,MA,4,2,6.77287848022,0.0112554853527,0.00752978413744,6.44007379273,1.1274321998,1.73204820706,4.64495587604,-1.13706866674,1.66987201874,-1.21719060263,4.20054884714,1.58459886447,1,0.0647735774818,0.248821319711,0.75,0.99,0.0464464736811,0.150074341824
