,ftype,K,d,c1,c2,c3,c4,c5,e11,e12,e21,e22,e31,e32,e41,e42,e51,e52,a1,lb1,ub1,lb2,ub2,rms_err,max_err
0,MA,5,2,0.504211953946,0.512269777655,0.561644148757,0.520930375156,0.460380281064,3.97258894415,-0.15538832526,2.01992456504,-0.0765571042462,2.48313228265,-0.0283635509131,1.375438439,0.00790850145064,2.47222004139,-0.16477695812,1,0.0647735774818,0.261073157391,0.75,0.99,0.0165432469029,0.0685729955406
