,ftype,K,d,c1,c2,c3,c4,c5,e11,e12,e21,e22,e31,e32,e41,e42,e51,e52,a1,lb1,ub1,lb2,ub2,rms_err,max_err
0,SMA,5,2,0.201559087638,3.24415348696e-12,0.997821762526,0.698214968315,0.00614570541909,0.101541688467,116.000457675,-7.9192099372,-2.30451403608,0.986908346036,4.4013947788,1.56632982122,-1.08154722805,-1.34678384923,12.891814674,1.57835998382,0.0647735774818,0.261073157391,0.75,0.99,0.0141336940495,0.0509455087404
