,ftype,K,d,c1,c2,c3,c4,e11,e12,e21,e22,e31,e32,e41,e42,a1,lb1,ub1,lb2,ub2,rms_err,max_err
0,SMA,4,2,1.25995649982e+45,0.00142348761125,3.06960645219e-12,1.13460810835e-12,-8.09495092254,12665.0927821,6.95501835657,18.9294661327,-9.34351072148,39.0500847279,-7.17427501679,14.3246158822,11.3051774256,0.0647735774818,0.261073157391,0.75,0.99,0.0297694520698,0.0726908115892
