,ftype,K,d,c1,c2,c3,c4,c5,e11,e12,e21,e22,e31,e32,e41,e42,e51,e52,a1,lb1,ub1,lb2,ub2,rms_err,max_err
0,MA,5,2,0.572944680859,0.493715838493,0.533296824965,0.707761544369,0.451749182521,0.0672723569147,1.51120615502,-0.168158344262,7.63558536395,-0.0533290192046,2.29192451059,0.0612857818218,4.77067519532,-0.162124734022,2.75009423577,1,0.0647735774818,0.261073157391,0.75,0.99,0.0144934915431,0.0567499302099
