,ftype,K,d,c1,c2,c3,c4,e11,e12,e21,e22,e31,e32,e41,e42,a1,lb1,ub1,lb2,ub2,rms_err,max_err
0,MA,4,2,0.408961481345,0.423822571178,0.855516398652,0.444184434984,1.83689934359,-0.23594430624,1.37301303842,-0.174141390973,4.22159263185,0.220466297607,4.33094190348,-0.233184015268,1,0.0647735774818,0.261073157391,0.75,0.99,0.0174645706292,0.0809162898615
