,ftype,K,d,c1,c2,c3,c4,c5,e11,e12,e21,e22,e31,e32,e41,e42,e51,e52,a1,lb1,ub1,lb2,ub2,rms_err,max_err
0,MA,5,2,0.201089386503,0.884958154566,0.0702567540704,0.0107476378156,0.769570246884,-0.0593883456474,3.59383259402,0.647811195558,7.58113437744,-0.459232195503,1.25050110601,-1.30587267774,1.55415805014,0.805665823286,1.89473580554,1,0.0647735774818,0.261073157391,0.75,0.99,0.028840908481,0.0795039756585
