,ftype,K,d,c1,c2,c3,c4,c5,e11,e12,e21,e22,e31,e32,e41,e42,e51,e52,a1,lb1,ub1,lb2,ub2,rms_err,max_err
0,SMA,5,2,3.41749835028e-18,1.16975501618e+17,3.96585311864e+11,1.46859549994e+16,9.27055250091e-49,-11.6274569463,2980.37441439,42.178341893,34.2798869859,29.1339491164,237.632763705,37.5110542041,88.6924171107,-24.123950796,64.9216974744,30.9187662686,0.0647735774818,0.261073157391,0.75,0.99,0.0383842217463,0.123353978847
