,ftype,K,d,c1,c2,c3,c4,c5,e11,e12,e21,e22,e31,e32,e41,e42,e51,e52,a1,lb1,ub1,lb2,ub2,rms_err,max_err
0,SMA,5,2,0.202929508071,0.202596887445,0.205864180267,0.202441618328,0.0495185171397,-0.0753886546878,0.580466332855,-0.0750938766927,0.618112034126,-0.0637803462068,-0.635917501778,-0.0748385160842,0.627065802719,0.746418025555,42.6829647408,0.118524519996,0.0647735774818,0.261073157391,0.75,0.99,0.0294004588876,0.0678477261223
