,ftype,K,d,c1,c2,c3,e11,e12,e21,e22,e31,e32,a1,lb1,ub1,lb2,ub2,rms_err,max_err
0,SMA,3,2,217177235.526,0.174103325991,0.445392976339,0.873962555416,2071.08254883,-0.44619997754,4.85430965644,0.549953166053,-0.178587110861,1.11553034306,0.0647735774818,0.261073157391,0.75,0.99,0.0131013624477,0.0528080735977
