,ftype,K,d,c1,c2,c3,c4,e11,e12,e21,e22,e31,e32,e41,e42,a1,lb1,ub1,lb2,ub2,rms_err,max_err
0,MA,4,2,0.482299802005,0.328484164355,0.355124911411,0.379260662356,-0.164802649494,3.68107033119,-0.330859965771,1.62117922231,-0.295300272692,1.33382253542,-0.305771860568,2.73544422687,1,0.0647735774818,0.261073157391,0.75,0.99,0.0193467874999,0.0894165468112
