,ftype,K,d,c1,c2,c3,c4,c5,e11,e12,e21,e22,e31,e32,e41,e42,e51,e52,a1,lb1,ub1,lb2,ub2,rms_err,max_err
0,MA,5,2,0.187438758453,6.29950150885,0.00775651207569,0.0125975529969,6.0696349176,2.33474504343,0.108752707532,1.13417986965,1.68715982375,1.70249533269,-1.21196578757,4.90886126329,-1.10456251171,4.36818675638,1.53953907957,1,0.0647735774818,0.254873630576,0.75,0.99,0.0483693343323,0.152282480341
