,ftype,K,d,c1,c2,c3,c4,c5,e11,e12,e21,e22,e31,e32,e41,e42,e51,e52,a1,lb1,ub1,lb2,ub2,rms_err,max_err
0,MA,5,2,0.0888057372721,0.747121551319,0.762433159191,0.0110115741906,0.927955274359,-0.365676163425,1.54140972218,0.816026708625,1.71048888397,0.549372082905,8.33256025516,-1.28422639121,1.59038105549,0.812564420179,3.44312869043,1,0.0647735774818,0.261073157391,0.75,0.99,0.0306729394389,0.0722809688781
