,ftype,K,d,c1,c2,c3,c4,e11,e12,e21,e22,e31,e32,e41,e42,a1,lb1,ub1,lb2,ub2,rms_err,max_err
0,MA,4,2,0.225332457755,0.233525350546,0.295764023544,0.240026404417,-0.487595891239,1.46669948992,-0.494965675324,3.01120877368,-0.416693463332,4.17310562424,-0.480506185597,1.8640967244,1,0.0647735774818,0.261073157391,0.75,0.99,0.0234650258334,0.0778955130957
