,ftype,K,d,c1,c2,c3,c4,e11,e12,e21,e22,e31,e32,e41,e42,a1,lb1,ub1,lb2,ub2,rms_err,max_err
0,MA,4,2,0.420870123925,0.604371155084,0.389776649898,0.395793933501,-0.257024234781,3.28706687874,-0.0229150907003,3.99176074298,-0.259379881658,1.65748123363,-0.219085455112,1.32739425499,1,0.0647735774818,0.261073157391,0.75,0.99,0.0181894587111,0.0842539692721
