,ftype,K,d,c1,c2,c3,c4,c5,e11,e12,e21,e22,e31,e32,e41,e42,e51,e52,a1,lb1,ub1,lb2,ub2,rms_err,max_err
0,SMA,5,2,1.24142211618e+17,4.11829196252e+11,1.56015415267e+16,7.6821858543e-49,3.51725171558e-18,42.242099515,34.33406251,29.1770530246,237.912239973,37.5705693729,88.8136722268,-24.1680626197,65.0194647299,-11.6513693477,2995.4602789,30.9659838168,0.0647735774818,0.261073157391,0.75,0.99,0.0383842384834,0.123366690643
