,ftype,K,d,c1,c2,c3,c4,c5,e11,e12,e21,e22,e31,e32,e41,e42,e51,e52,a1,lb1,ub1,lb2,ub2,rms_err,max_err
0,MA,5,2,0.653637935259,0.0115347445425,0.282337206496,2.45318941867,2.0740277659,5.56078976937,0.54085751695,1.72136303957,-1.1527999161,1.60885082855,0.262556453566,6.81710182363,1.24252189393,1.70896086721,1.35917959325,1,0.0647735774818,0.261073157391,0.75,0.99,0.0285299189841,0.085436057492
