,ftype,K,d,c1,c2,c3,c4,c5,e11,e12,e21,e22,e31,e32,e41,e42,e51,e52,a1,lb1,ub1,lb2,ub2,rms_err,max_err
0,MA,5,2,3.43673111355,5.13121796219,3.41432484832,0.0145894799723,0.0151004618698,8.50447728882,1.16948117341,1.44426336964,1.52817729923,2.56962295519,1.29918044876,1.80283488108,-0.986236854749,5.59027002065,-1.07171225794,1,0.0647735774818,0.261073157391,0.75,0.99,0.0483602032624,0.134339568845
