,ftype,K,d,c1,c2,c3,c4,c5,e11,e12,e21,e22,e31,e32,e41,e42,e51,e52,a1,lb1,ub1,lb2,ub2,rms_err,max_err
0,MA,5,2,5.85695489639,0.0121711066949,5.99666365526,4.63511643116,0.108140797748,1.64959851575,1.05729722216,-1.0935796791,2.29256466845,1.57848275883,2.21994373392,1.34045151602,8.3839340089,-0.110643405514,2.11775545882,1,0.0647735774818,0.248821319711,0.75,0.99,0.0496353511046,0.142848240049
