,ftype,K,d,c1,c2,c3,c4,c5,e11,e12,e21,e22,e31,e32,e41,e42,e51,e52,a1,lb1,ub1,lb2,ub2,rms_err,max_err
0,MA,5,2,0.00807705029684,6.27197516204,6.16325781264,6.2798379658,0.0113200307477,-1.18331536459,1.65178214303,1.71182804192,1.03282788666,1.57720592903,3.99224358395,1.68131940514,1.45956534086,-1.1248483187,4.4908860903,1,0.0647735774818,0.254873630576,0.75,0.99,0.0471277689357,0.149436408412
