,ftype,K,d,c1,c2,c3,c4,e11,e12,e21,e22,e31,e32,e41,e42,a1,lb1,ub1,lb2,ub2,rms_err,max_err
0,SMA,4,2,1.77489270697e-08,26.195562875,1.32325867193e-05,20.0109769656,-4.28612273188,4.93250094497,4.67857653931,36.3624153165,-5.8567995202,1112.91541549,5.05871034005,5.06340146004,3.78030673947,0.0647735774818,0.261073157391,0.75,0.99,0.03090579914,0.0714824579692
