,ftype,K,d,c1,c2,c3,c4,c5,e11,e12,e21,e22,e31,e32,e41,e42,e51,e52,a1,lb1,ub1,lb2,ub2,rms_err,max_err
0,MA,5,2,0.066091638739,0.0767237473187,0.0739873382104,0.161459676576,0.22452399682,3.43263681985,-0.884885493641,6.99692420753,-0.916621434893,2.2525840325,-0.746163022945,1.76271421514,-0.220531761217,6.94275201506,-0.242124186606,1,0.0647735774818,0.261073157391,0.75,0.99,0.0244986671535,0.0769934866822
