,ftype,K,d,c1,c2,c3,c4,e11,e12,e21,e22,e31,e32,e41,e42,a1,lb1,ub1,lb2,ub2,rms_err,max_err
0,SMA,4,2,1.08038355344,0.0490196287477,1.79651334546e-37,0.209984821852,0.683273379635,0.510008564672,-0.799362204766,6.78776362285,-28.7553309554,-5.64831369826,0.35696856552,61.6605332601,0.870058117046,0.0647735774818,0.261073157391,0.75,0.99,0.00936973387784,0.0249156846196
