,ftype,K,d,c1,c2,c3,e11,e12,e21,e22,e31,e32,a1,lb1,ub1,lb2,ub2,rms_err,max_err
0,SMA,3,2,0.578735838447,0.207115647649,0.056135885689,-0.0877598201206,0.693048239326,-0.0754247883431,-0.634062460103,0.735541465913,42.626632341,0.138630601207,0.0647735774818,0.261073157391,0.75,0.99,0.0294003280323,0.067881957005
