,ftype,K,d,c1,c2,c3,c4,c5,e11,e12,e21,e22,e31,e32,e41,e42,e51,e52,a1,lb1,ub1,lb2,ub2,rms_err,max_err
0,MA,5,2,0.170715495834,0.0564824978917,0.0655976859862,0.0611696909275,0.232826926431,-0.113282050485,1.77009084256,-0.879503258207,3.39432831513,-0.9269601291,7.68850323482,-0.749996626402,2.09450393543,-0.136395131856,6.60215490276,1,0.0647735774818,0.261073157391,0.75,0.99,0.0200138986574,0.0707605480111
