,ftype,K,d,c1,c2,c3,c4,c5,e11,e12,e21,e22,e31,e32,e41,e42,e51,e52,a1,lb1,ub1,lb2,ub2,rms_err,max_err
0,MA,5,2,0.836098085708,0.0107476377871,0.0696107294363,0.166489871366,0.769570246882,0.610362541428,7.61504694437,-1.30587267879,1.55415805015,-0.46005590292,1.22025608277,-0.137424881336,3.11611151042,0.805665823285,1.89473580554,1,0.0647735774818,0.261073157391,0.75,0.99,0.0290235176316,0.0795039758655
