,ftype,K,d,c1,c2,c3,c4,c5,e11,e12,e21,e22,e31,e32,e41,e42,e51,e52,a1,lb1,ub1,lb2,ub2,rms_err,max_err
0,SMA,5,2,1.87088972754e-09,9.81804703326e-05,2.29377196276e-10,2.09080080067e-10,0.0604041746644,-6.69348256236,80.6378380361,2.27437724792,11.4852181124,-5.16341198878,8.64423509598,-6.58913076275,25.1232352409,4.95321289792,60.4965295515,7.23717487114,0.0647735774818,0.261073157391,0.75,0.99,0.0182750192467,0.0612902068886
