,ftype,K,d,c1,c2,c3,c4,c5,e11,e12,e21,e22,e31,e32,e41,e42,e51,e52,a1,lb1,ub1,lb2,ub2,rms_err,max_err
0,MA,5,2,0.806949029475,0.136383927586,0.0714811239158,0.0108671365904,0.8124395314,1.90777374314,0.835264533053,2.14358852782,-0.186244116411,1.18053445655,-0.429213122926,1.59904051612,-1.28974010311,7.72798730019,0.588406045915,1,0.0647735774818,0.261073157391,0.75,0.99,0.0303224574216,0.0708281470606
