,ftype,K,d,c1,c2,c3,c4,e11,e12,e21,e22,e31,e32,e41,e42,a1,lb1,ub1,lb2,ub2,rms_err,max_err
0,SMA,4,2,0.0036878509328,0.00385441093604,0.00286410328768,847.834934657,-1.84162321885,7.25613324336,-1.67164345152,47.254855807,-0.581198898047,-2.02612492578,7.93676930878,5.07971965436,1.92670690224,0.0647735774818,0.261073157391,0.75,0.99,0.0262263598306,0.084296308421
