,ftype,K,d,c1,c2,c3,e11,e12,e21,e22,e31,e32,a1,lb1,ub1,lb2,ub2,rms_err,max_err
0,SMA,3,2,0.0904727981395,0.257222427187,0.817951739611,5.82868748439,-0.625561408038,66.8166888578,0.490240024651,0.287313390291,0.628868503822,0.935617900936,0.0647735774818,0.261073157391,0.75,0.99,0.00853745991673,0.0300791761023
