,ftype,K,d,c1,c2,c3,c4,e11,e12,e21,e22,e31,e32,e41,e42,a1,lb1,ub1,lb2,ub2,rms_err,max_err
0,SMA,4,2,0.000257305815397,454.917266995,7.76435144955e-05,4.81633568778e-05,-2.73919387865,60.0982780433,9.02757083641,7.23235208498,-3.24132668928,13.3950201613,-1.76597138111,-0.0801726671684,3.60673284948,0.0647735774818,0.261073157391,0.75,0.99,0.0280501643837,0.0770378971218
