,ftype,K,d,c1,c2,c3,c4,c5,e11,e12,e21,e22,e31,e32,e41,e42,e51,e52,a1,lb1,ub1,lb2,ub2,rms_err,max_err
0,SMA,5,2,1.36646712428e-16,0.902045763458,0.204498424439,0.0109690697116,0.46422062854,-11.357571245,-3.94446671527,0.85464304195,3.55155551684,0.18100177541,91.7204246017,-1.20701169663,10.6980080894,1.3602160017,-1.46252454769,1.43031808433,0.0647735774818,0.261073157391,0.75,0.99,0.0111515897214,0.0346684532562
