,ftype,K,d,c1,c2,c3,c4,c5,e11,e12,e21,e22,e31,e32,e41,e42,e51,e52,a1,lb1,ub1,lb2,ub2,rms_err,max_err
0,MA,5,2,3.06879727806,2.53958290094,2.44498151269,0.0186375913465,3.26686946665,1.44517240863,1.21087174964,1.24483467716,4.1304769444,1.30819127643,1.3321164453,-0.838835313637,1.69831413409,1.34113189492,4.52904428239,1,0.0647735774818,0.261073157391,0.75,0.99,0.0298363299297,0.0856161253976
