,ftype,K,d,c1,c2,c3,c4,c5,e11,e12,e21,e22,e31,e32,e41,e42,e51,e52,a1,lb1,ub1,lb2,ub2,rms_err,max_err
0,SMA,5,2,217.397032988,0.610318337927,0.000260375554341,0.0005134237306,3.83856791032e-11,711.137102843,2.37085316637,3.20756095762,3.51018777768,4.67757817191,-1.98221773875,26.5707739629,-2.19703091043,1.69092204485,-7.0155898181,2.67224986415,0.0647735774818,0.261073157391,0.75,0.99,0.0159980922337,0.0438725397656
