,ftype,K,d,c1,c2,c3,c4,c5,e11,e12,e21,e22,e31,e32,e41,e42,e51,e52,a1,lb1,ub1,lb2,ub2,rms_err,max_err
0,MA,5,2,0.039429347807,0.0111558410887,0.924018511384,0.957365341251,0.107817306814,-0.705850487783,2.39958707351,-1.26089393809,1.65156645576,0.910420351762,1.92515405601,0.679305174623,7.88444957593,-0.261897561744,1.62046038637,1,0.0647735774818,0.261073157391,0.75,0.99,0.0328788744077,0.0836205313289
