,ftype,K,d,c1,c2,c3,e11,e12,e21,e22,e31,e32,a1,lb1,ub1,lb2,ub2,rms_err,max_err
0,SMA,3,2,0.420750966898,0.0675288547939,0.421196351767,-0.0624996637598,0.548287101335,0.817385469971,42.7099246805,-0.0495936141845,-0.162451338414,0.127478401597,0.0647735774818,0.261073157391,0.75,0.99,0.0221420342071,0.0837288882112
