,ftype,K,d,c1,c2,c3,c4,c5,e11,e12,e21,e22,e31,e32,e41,e42,e51,e52,a1,lb1,ub1,lb2,ub2,rms_err,max_err
0,MA,5,2,0.760384562459,0.0109759227163,0.826187961062,0.69324147269,0.0766840148497,7.39325518286,0.552383475692,1.55110976687,-1.30254147012,2.36002881215,0.807876226714,1.56923816852,0.789039429567,1.54891215321,-0.454989072437,1,0.0647735774818,0.261073157391,0.75,0.99,0.0319886471308,0.0805634671664
