,ftype,K,d,c1,c2,c3,e11,e12,e21,e22,e31,e32,a1,lb1,ub1,lb2,ub2,rms_err,max_err
0,SMA,3,2,0.128217211711,0.692263428502,0.33842885551,-0.528798151626,5.14424529609,0.562345824935,0.036692518826,0.633392289659,84.2638431945,0.891034816999,0.0647735774818,0.261073157391,0.75,0.99,0.00938923455345,0.0366588046827
