,ftype,K,d,c1,c2,c3,c4,e11,e12,e21,e22,e31,e32,e41,e42,a1,lb1,ub1,lb2,ub2,rms_err,max_err
0,SMA,4,2,0.011417194845,0.00738129827491,231.103550992,0.00880472746895,5.25395860702,-1.40615334435,41.7934551687,-1.37611696257,4.27078372625,6.52627244293,-2.47990738072,-0.221280445835,1.44103909779,0.0647735774818,0.261073157391,0.75,0.99,0.0230110670359,0.0829578014846
