,ftype,K,d,c1,c2,c3,c4,c5,e11,e12,e21,e22,e31,e32,e41,e42,e51,e52,a1,lb1,ub1,lb2,ub2,rms_err,max_err
0,MA,5,2,5.08203325549,0.0157717581042,5.34595044653,0.0107648819119,5.45360485414,1.33521622389,18.9329239606,-1.04166208856,5.42836366433,1.48994391023,3.29520453536,-1.09794945099,1.77901086884,1.59312364337,1.20513966246,1,0.0647735774818,0.261073157391,0.75,0.99,0.0457969760463,0.142063224049
