,ftype,K,d,c1,c2,c3,c4,c5,e11,e12,e21,e22,e31,e32,e41,e42,e51,e52,a1,lb1,ub1,lb2,ub2,rms_err,max_err
0,MA,5,2,0.0883710766341,0.119521469884,0.0922956131498,0.147929483787,0.0914841813641,-0.804769635642,2.9401542415,-0.771646957193,6.8648023133,-0.697675348879,2.06873941562,-0.372136859322,1.76644325749,-0.840736158893,3.85241539855,1,0.0647735774818,0.261073157391,0.75,0.99,0.0285077940969,0.0813025761814
