,ftype,K,d,c1,c2,c3,c4,c5,e11,e12,e21,e22,e31,e32,e41,e42,e51,e52,a1,lb1,ub1,lb2,ub2,rms_err,max_err
0,MA,5,2,0.822135155605,0.0134315538438,2.82850295543,2.41438715107,0.0184320367421,0.794707174583,1.50616221792,-0.973222244446,1.21084785382,1.47853311863,1.46679957521,1.19679408315,5.53857477468,-0.929703832487,4.26120676101,1,0.0647735774818,0.261073157391,0.75,0.99,0.0207391026788,0.0635674165352
