,ftype,K,d,c1,c2,c3,c4,c5,e11,e12,e21,e22,e31,e32,e41,e42,e51,e52,a1,lb1,ub1,lb2,ub2,rms_err,max_err
0,SMA,5,2,0.0822587176263,47.5124196714,0.170228610305,9.90635249093e-08,0.054317015996,0.48269602388,-2.61726613623,5.04982285988,1.1902670424,-0.48568121619,1.61088796703,-3.64185857278,-9.03620923892,-0.406272666546,27.0726456191,0.510118795375,0.0647735774818,0.261073157391,0.75,0.99,0.0170273817619,0.049663758548
