,ftype,K,d,c1,c2,c3,c4,c5,e11,e12,e21,e22,e31,e32,e41,e42,e51,e52,a1,lb1,ub1,lb2,ub2,rms_err,max_err
0,MA,5,2,0.307182764731,0.272609382758,0.337431190211,0.275955690678,0.415104074028,2.67844432795,-0.397580933827,1.32162378436,-0.413274529405,1.91083789791,-0.291269763528,1.7639637069,-0.409771828215,3.91641780596,-0.224394915038,1,0.0647735774818,0.261073157391,0.75,0.99,0.0213720371452,0.0845075505668
