,ftype,K,d,c1,c2,c3,c4,c5,e11,e12,e21,e22,e31,e32,e41,e42,e51,e52,a1,lb1,ub1,lb2,ub2,rms_err,max_err
0,MA,5,2,0.533877921395,0.35082599995,0.331452111541,0.277619882874,0.321020024866,-0.0705490944882,3.70490313921,-0.341258506504,2.64269425541,-0.325292050925,1.53695993944,-0.395092734578,1.5560325746,-0.343315838733,1.27806216601,1,0.0647735774818,0.261073157391,0.75,0.99,0.0199459337277,0.084368960326
