,ftype,K,d,c1,c2,c3,c4,c5,e11,e12,e21,e22,e31,e32,e41,e42,e51,e52,a1,lb1,ub1,lb2,ub2,rms_err,max_err
0,SMA,5,2,5.97563502145e-99,0.018421788999,0.200241931721,0.239756932931,0.910632401186,-80.3109367533,-5.71139651569,-1.07015930713,9.09614393995,0.228777500446,71.9671792997,1.30625998717,-2.44142120206,0.784879513427,2.60094592139,1.33350766092,0.0647735774818,0.261073157391,0.75,0.99,0.00917155178,0.0288511763695
