,ftype,K,d,c1,c2,c3,c4,e11,e12,e21,e22,e31,e32,e41,e42,a1,lb1,ub1,lb2,ub2,rms_err,max_err
0,SMA,4,2,0.00836035486862,0.00664190587266,0.00644997395789,539.180752642,-1.53839753285,5.87236318829,-0.304954556985,-2.38826168109,-1.45389044076,44.8902427404,7.30490645104,4.55977359644,1.58512735928,0.0647735774818,0.261073157391,0.75,0.99,0.0250443068816,0.0879195437595
