,ftype,K,d,c1,c2,c3,c4,c5,e11,e12,e21,e22,e31,e32,e41,e42,e51,e52,a1,lb1,ub1,lb2,ub2,rms_err,max_err
0,SMA,5,2,8.02987927961e-05,0.00152242985521,2.34760605646,2.47986795533,7.50757622745e-15,-2.60557606066,2.54662741851,-3.74370765215,801.103127346,2.36281220826,3.00221862335,2.19436639738,31.3500760688,19.9562708794,39.6744207501,1.8290192053,0.0647735774818,0.261073157391,0.75,0.99,0.0332913424128,0.0733122881312
