,ftype,K,d,c1,c2,c3,c4,c5,e11,e12,e21,e22,e31,e32,e41,e42,e51,e52,a1,lb1,ub1,lb2,ub2,rms_err,max_err
0,MA,5,2,0.0492680093381,2.80998668192,2.43710029767,1.46407349047,0.173918948127,-0.571639515647,1.97677148539,1.20576663086,1.24035889218,1.00548999555,3.12496375796,0.661072667224,7.99043400957,-0.28083392032,9.8327438433,1,0.0647735774818,0.261073157391,0.75,0.99,0.032358543875,0.113538168288
