,ftype,K,d,c1,c2,c3,c4,c5,e11,e12,e21,e22,e31,e32,e41,e42,e51,e52,a1,lb1,ub1,lb2,ub2,rms_err,max_err
0,SMA,5,2,0.00250086878069,3.89823899812e-11,0.00191292673629,1.32814715931,62.3882305865,-1.72542224456,24.2288409169,-7.0664187484,0.740581467195,-1.52910212602,3.41553489741,3.42261080855,1.70941525952,2.60797366651,482.175192901,1.99413586456,0.0647735774818,0.261073157391,0.75,0.99,0.0163266643557,0.0434184601763
