,ftype,K,d,c1,c2,c3,c4,c5,e11,e12,e21,e22,e31,e32,e41,e42,e51,e52,a1,lb1,ub1,lb2,ub2,rms_err,max_err
0,MA,5,2,0.0740942070399,0.0847222143133,0.162756208365,0.256004600119,0.0768611485786,-0.848488465774,3.16723220114,-0.890187977811,6.62359444692,-0.240516558418,1.74342212186,-0.175541971942,6.86584834982,-0.707294950873,1.88227025697,1,0.0647735774818,0.261073157391,0.75,0.99,0.0260145106133,0.0823077405356
