,ftype,K,d,c1,c2,c3,c4,c5,e11,e12,e21,e22,e31,e32,e41,e42,e51,e52,a1,lb1,ub1,lb2,ub2,rms_err,max_err
0,SMA,5,2,0.610327425439,0.000513335973479,0.000260352163868,3.84835607205e-11,46.7283447451,3.51028725932,3.20763472175,-2.19708590582,26.5711549128,-1.98221517556,4.67773357093,-7.01472165328,1.69141258627,2.37089903898,558.168986942,2.6723149349,0.0647735774818,0.261073157391,0.75,0.99,0.0159980915921,0.0438722176866
