,ftype,K,d,c1,c2,c3,c4,c5,e11,e12,e21,e22,e31,e32,e41,e42,e51,e52,a1,lb1,ub1,lb2,ub2,rms_err,max_err
0,SMA,5,2,0.0543172812413,0.170230284419,0.0822698651342,9.92474981291e-08,47.5267915447,-0.406265245081,27.0727418059,-0.485678398284,1.61090541603,0.482706890611,-2.61708826658,-3.6413387777,-9.03501850508,5.05007958466,1.19031394314,0.510112487828,0.0647735774818,0.261073157391,0.75,0.99,0.0170273820393,0.0496642008744
