,ftype,K,d,c1,c2,c3,c4,e11,e12,e21,e22,e31,e32,e41,e42,a1,lb1,ub1,lb2,ub2,rms_err,max_err
0,MA,4,2,6.734607972,6.24884224469,0.0163078576617,0.00917075812353,1.71126248085,1.1765041844,1.53546478315,4.81163053969,-1.01673119427,5.16775058636,-1.15460413325,1.74937765735,1,0.0647735774818,0.242912728957,0.75,0.99,0.0442057363918,0.145454283835
