,ftype,K,d,c1,c2,c3,c4,c5,e11,e12,e21,e22,e31,e32,e41,e42,e51,e52,a1,lb1,ub1,lb2,ub2,rms_err,max_err
0,SMA,5,2,0.00191371945196,3.90461196402e-11,1.32842504261,105822494.09,0.00250157366805,-1.52899592039,3.41530029169,-7.06583823972,0.740144487545,3.42264234125,1.70915487483,2.60781914409,1909.39060155,-1.72533035469,24.228040635,1.99400608346,0.0647735774818,0.261073157391,0.75,0.99,0.0163266647103,0.0434181571043
