,ftype,K,d,c1,c2,c3,c4,c5,e11,e12,e21,e22,e31,e32,e41,e42,e51,e52,a1,lb1,ub1,lb2,ub2,rms_err,max_err
0,MA,5,2,0.00734701448498,0.0103684553598,6.33262710071,5.44747473441,6.08585204745,1.64713768458,-1.21997304041,4.48353580137,-1.15906499849,1.10015716909,1.70805020014,3.55014676121,1.57966030096,3.9935170383,1.57051023836,1,0.0647735774818,0.254873630576,0.75,0.99,0.0472459532005,0.148395987846
