,ftype,K,d,c1,c2,c3,e11,e12,e21,e22,e31,e32,a1,lb1,ub1,lb2,ub2,rms_err,max_err
0,SMA,3,2,0.338438156641,0.692263535967,0.12821832955,0.633400108102,84.2661320512,0.562341275064,0.0366815946723,-0.528795748804,5.14421334177,0.891025361882,0.0647735774818,0.261073157391,0.75,0.99,0.00938923455579,0.0366587059283
