,ftype,K,d,c1,c2,c3,c4,e11,e12,e21,e22,e31,e32,e41,e42,a1,lb1,ub1,lb2,ub2,rms_err,max_err
0,SMA,4,2,0.00634773185581,76.1883835624,0.00851883442296,0.00707757736099,39.989737358,-1.44700517949,4.3136569127,5.70142577792,5.22542422758,-1.46150213264,-2.37369610136,-0.255048591886,1.50155416642,0.0647735774818,0.261073157391,0.75,0.99,0.0216333559486,0.0764980261468
