,ftype,K,d,c1,c2,c3,c4,c5,e11,e12,e21,e22,e31,e32,e41,e42,e51,e52,a1,lb1,ub1,lb2,ub2,rms_err,max_err
0,MA,5,2,0.0148022320887,3.66187890297,3.8874937267,3.65378632676,0.0196276170022,-0.890917314145,1.3130217591,1.51888670404,0.991122667891,1.40814255664,4.32004669531,1.47042990733,1.48049869034,-0.859671266266,4.27452500916,1,0.0647735774818,0.261073157391,0.75,0.99,0.0220168426339,0.0840766747481
