,ftype,K,d,c1,c2,c3,c4,e11,e12,e21,e22,e31,e32,e41,e42,a1,lb1,ub1,lb2,ub2,rms_err,max_err
0,SMA,4,2,0.270385154064,0.0413543986117,0.273604500152,0.271366826091,-0.0697715674251,0.653315739522,0.598354201401,33.1018945792,-0.0706415575272,-0.325910493752,-0.070183829763,0.470518711063,0.122154153276,0.0647735774818,0.261073157391,0.75,0.99,0.0276693756819,0.0695810019367
