,ftype,K,d,c1,c2,c3,c4,e11,e12,e21,e22,e31,e32,e41,e42,a1,lb1,ub1,lb2,ub2,rms_err,max_err
0,MA,4,2,0.990749587,0.253999936283,0.0209627867546,0.900733332246,0.739677882999,1.86882414614,-0.0117134105822,1.81008965541,-1.09621937447,1.66276806702,0.494274241589,5.90310380284,1,0.0647735774818,0.261073157391,0.75,0.99,0.0238621238849,0.0627913103158
