,ftype,K,d,c1,c2,c3,e11,e12,e21,e22,e31,e32,a1,lb1,ub1,lb2,ub2,rms_err,max_err
0,MA,3,2,3.90603310633,0.0169108064624,3.78338665317,1.36437039349,4.52118191252,-0.595230646992,1.60303926786,1.46306454849,1.31516921002,1,0.0647735774818,0.261073157391,0.75,0.99,0.0476085090736,0.119819646401
