,ftype,K,d,c1,c2,c3,c4,e11,e12,e21,e22,e31,e32,e41,e42,a1,lb1,ub1,lb2,ub2,rms_err,max_err
0,MA,4,2,0.00854382576249,3.8372607546,0.0210752305008,3.94292460549,5.01534738033,-0.919217569044,1.34550631389,1.46691455086,1.42758741624,-0.500847666777,4.45464333256,1.37246998467,1,0.0647735774818,0.261073157391,0.75,0.99,0.0460966301351,0.115229018419
