,ftype,K,d,c1,c2,c3,c4,c5,e11,e12,e21,e22,e31,e32,e41,e42,e51,e52,a1,lb1,ub1,lb2,ub2,rms_err,max_err
0,MA,5,2,0.0105597803146,6.19669289658,5.62050020678,4.90189680033,5.92181295992,-0.977490568306,1.33552099823,1.64665869658,4.83642103528,1.66102744547,2.2534674792,1.65652655716,1.24226222166,1.7921848847,1.28433153636,1,0.0647735774818,0.237144445492,0.75,0.99,0.0493094429864,0.125004703505
