,ftype,K,d,c1,c2,c3,c4,e11,e12,e21,e22,e31,e32,e41,e42,a1,lb1,ub1,lb2,ub2,rms_err,max_err
0,MA,4,2,7.67351063816,8.38161316042,0.0346302774492,0.0122500065678,1.85092273897,1.36215260067,1.77953201691,4.71252050733,-0.527871891547,4.27023977904,-0.856637516667,1.13762698428,1,0.0647735774818,0.210293755105,0.75,0.99,0.0439796568657,0.119482965766
