,ftype,K,d,c1,c2,c3,c4,c5,e11,e12,e21,e22,e31,e32,e41,e42,e51,e52,a1,lb1,ub1,lb2,ub2,rms_err,max_err
0,MA,5,2,0.358411979034,0.562856635482,0.0580812207905,0.131120267358,0.298334790794,0.0909831536186,2.18321690414,0.248959709191,4.66834060456,-0.64017130018,0.846982271995,-0.286923219068,0.827663898953,0.0221205818862,1.78808997822,1,0.0647735774818,0.261073157391,0.75,0.99,0.0302220908022,0.117169681166
