,ftype,K,d,c1,c2,c3,c4,e11,e12,e21,e22,e31,e32,e41,e42,a1,lb1,ub1,lb2,ub2,rms_err,max_err
0,SMA,4,2,2.51083883936e-93,0.0101287814778,1.25189879075e+20,4.08759103639e+24,-47.0783497713,55.5764036002,42.5766555616,70.2189089368,68.248731852,87.234526423,66.1119763902,274.425138677,52.4019966025,0.0647735774818,0.261073157391,0.75,0.99,0.0224040240096,0.0699608652322
