,ftype,K,d,c1,c2,c3,c4,c5,e11,e12,e21,e22,e31,e32,e41,e42,e51,e52,a1,lb1,ub1,lb2,ub2,rms_err,max_err
0,SMA,5,2,1.63904750632e-05,0.00512248551858,0.187844736622,0.003775377034,11.1910530359,-1.81886381706,2.83830249661,0.043867965431,41.8751985948,1.44208773228,3.66799916144,1.05600435579,-3.80748121332,5.03241412471,41.9567633138,1.85363374238,0.0647735774818,0.261073157391,0.75,0.99,0.00423420277006,0.0118142607251
