,ftype,K,d,c1,c2,c3,c4,c5,e11,e12,e21,e22,e31,e32,e41,e42,e51,e52,a1,lb1,ub1,lb2,ub2,rms_err,max_err
0,MA,5,2,0.526531917539,0.119208925278,0.0988490085321,0.308831260804,0.0626654982109,0.231213942864,4.65824140984,-0.31678903961,0.784836065874,-0.457736459793,7.03725361621,0.0417660236475,1.96729404298,-0.579192916433,0.623851464609,1,0.0647735774818,0.261073157391,0.75,0.99,0.0304877415241,0.12192916511
