,ftype,K,d,c1,c2,c3,c4,e11,e12,e21,e22,e31,e32,e41,e42,a1,lb1,ub1,lb2,ub2,rms_err,max_err
0,SMA,4,2,5.98038492396e-31,4.08161358427e-27,5.68996756018e-07,2.72086370999e-12,-15.7303150613,61.5392171374,-11.4718841522,11.4842908499,6.02764364962,133.156547886,1.78527392644,46.7633683577,23.2492040103,0.0647735774818,0.261073157391,0.75,0.99,0.0265050393509,0.0829625298792
