,ftype,K,d,c1,c2,c3,c4,e11,e12,e21,e22,e31,e32,e41,e42,a1,lb1,ub1,lb2,ub2,rms_err,max_err
0,SMA,4,2,0.21890682448,0.256472407747,2.15045974388e-13,0.192508738773,10.0168036216,1.38593892741,1.37830494359,1.3360944028,0.963866952183,-8.22446284341,52.8956129225,1.22019205136,1.67264290202,0.0647735774818,0.261073157391,0.75,0.99,0.00626900174025,0.0213687779882
