,ftype,K,d,c1,c2,c3,c4,c5,e11,e12,e21,e22,e31,e32,e41,e42,e51,e52,a1,lb1,ub1,lb2,ub2,rms_err,max_err
0,MA,5,2,0.533056297492,0.127318668273,0.328428248946,0.0588591159514,0.2767227329,4.64602034468,0.227274178549,0.862410385139,-0.300614871551,2.04379238186,0.061202766081,0.768271855582,-0.622282165654,1.73729353458,-0.00273049419677,1,0.0647735774818,0.261073157391,0.75,0.99,0.0315335048445,0.118015367537
