,ftype,K,d,c1,c2,c3,c4,e11,e12,e21,e22,e31,e32,e41,e42,a1,lb1,ub1,lb2,ub2,rms_err,max_err
0,SMA,4,2,0.296301915552,0.00671704015152,0.0604435063949,3.65644460045e-05,8.9072242032,2.07348495552,63.2284858457,0.0758219741696,1.09428834071,1.21487571237,3.72141066947,-1.49872861337,1.90339275754,0.0647735774818,0.261073157391,0.75,0.99,0.00499100390855,0.0236125154641
