,ftype,K,d,c1,c2,c3,c4,c5,e11,e12,e21,e22,e31,e32,e41,e42,e51,e52,a1,lb1,ub1,lb2,ub2,rms_err,max_err
0,SMA,5,2,1.08104012753e-08,13185.4277858,198.667182988,17.2432740041,9.44707125806e-14,-1.37535341716,27.4721761791,9.19036481298,742.648578939,11.4227352503,42.4408088905,11.3071508596,15.0771977359,-5.72142402817,5.47288076859,10.2771000663,0.0647735774818,0.261073157391,0.75,0.99,0.022006245783,0.0670071973634
