,ftype,K,d,c1,c2,c3,c4,c5,e11,e12,e21,e22,e31,e32,e41,e42,e51,e52,a1,lb1,ub1,lb2,ub2,rms_err,max_err
0,SMA,5,2,4.85524701498e+20,6.16417059582e-65,8.6810127953e-76,1.66117994613e+14,3203.06181954,200.030118867,52.1698103046,113.343112551,-30.8573245721,31.2613315436,-38.5834249952,63.4573473744,48.9264060614,41.1326414669,39.0854459569,39.1274650055,0.0647735774818,0.261073157391,0.75,0.99,0.016685253338,0.0615963157071
