,ftype,K,d,c1,c2,c3,c4,e11,e12,e21,e22,e31,e32,e41,e42,a1,lb1,ub1,lb2,ub2,rms_err,max_err
0,SMA,4,2,0.946814956598,2.61937445876e-51,0.0415759510044,0.0365763729147,0.115791715609,0.125668997221,-40.5926042239,-1.29300419771,0.130564704417,8.41176868283,0.210083717165,49.5916792201,0.130334797034,0.0647735774818,0.261073157391,0.75,0.99,0.00872337058082,0.0228456714696
