,ftype,K,d,c1,c2,c3,c4,e11,e12,e21,e22,e31,e32,e41,e42,a1,lb1,ub1,lb2,ub2,rms_err,max_err
0,SMA,4,2,0.000139763901829,25.6781495722,3.01254317618,4.54913773572e-05,-1.77423771608,1.93705050577,4.69086610009,4.8564898895,2.96236300495,31.479538443,-3.63926970722,536.778074046,2.82736649247,0.0647735774818,0.261073157391,0.75,0.99,0.0268660477605,0.0799202152161
