,ftype,K,d,c1,c2,c3,c4,c5,e11,e12,e21,e22,e31,e32,e41,e42,e51,e52,a1,lb1,ub1,lb2,ub2,rms_err,max_err
0,SMA,5,2,1.08069737915e-08,17.2457423738,198.767331359,9.44259530031e-14,14865.2681077,27.4718950066,-1.37539502641,15.0778888568,11.3072852434,42.4448074182,11.4230668051,5.47293790256,-5.72152540624,754.642068799,9.19012112933,10.2772413121,0.0647735774818,0.261073157391,0.75,0.99,0.0220062457028,0.0670079035089
