,ftype,K,d,c1,c2,c3,c4,c5,e11,e12,e21,e22,e31,e32,e41,e42,e51,e52,a1,lb1,ub1,lb2,ub2,rms_err,max_err
0,SMA,5,2,0.262577983216,3.641572611,0.00575194252119,3.01075044526e-05,0.0461832333395,1.30903849175,4.27597007203,3.68432584978,44.3545221276,-0.18997137258,38.0234326384,-1.92172207536,2.89998527674,0.956472736804,-0.637698708376,1.50820255714,0.0647735774818,0.261073157391,0.75,0.99,0.00399061246114,0.0105100538012
