,ftype,K,d,c1,c2,c3,c4,e11,e12,e21,e22,e31,e32,e41,e42,a1,lb1,ub1,lb2,ub2,rms_err,max_err
0,SMA,4,2,0.114429235649,0.0709297813515,0.653404205848,3.20350372631e-10,0.381864235278,8.49828461161,0.266522405722,53.4355808258,0.378135052412,0.414344822614,-6.36556589778,-0.360867147744,0.481714211584,0.0647735774818,0.261073157391,0.75,0.99,0.00631456659072,0.028080103548
