,ftype,K,d,c1,c2,c3,c4,c5,e11,e12,e21,e22,e31,e32,e41,e42,e51,e52,a1,lb1,ub1,lb2,ub2,rms_err,max_err
0,MA,5,2,0.0454249745954,6.36702172142,7.83869707721,16.1096965861,0.187619092155,-0.317034371478,1.41975875645,1.58343019834,9.10211480218,1.81395966371,1.60207054681,2.34444148576,1.41859366046,0.148919619082,4.89826751585,1,0.0647735774818,0.215408924417,0.75,0.99,0.0499018263366,0.129501115337
