,ftype,K,d,c1,c2,c3,c4,c5,e11,e12,e21,e22,e31,e32,e41,e42,e51,e52,a1,lb1,ub1,lb2,ub2,rms_err,max_err
0,SMA,5,2,0.268439188721,163.345096335,0.0318173262382,0.0180530106501,3.50123693125e-05,1.17990818184,3.50524499926,7.17980660724,30.4417192486,0.760179837276,-0.882601166595,0.171442702848,45.2000106599,-1.92360133584,2.67731201442,1.39980400838,0.0647735774818,0.261073157391,0.75,0.99,0.00434689872883,0.0162636978808
