,ftype,K,d,c1,c2,c3,c4,c5,e11,e12,e21,e22,e31,e32,e41,e42,e51,e52,a1,lb1,ub1,lb2,ub2,rms_err,max_err
0,SMA,5,2,2.49048098731e-57,2.33776580873e-59,4.35825077421e-10,8.24838289495e-32,1.33509539531e-09,-25.5675087971,137.886628704,-25.0730384212,29.5348399553,20.9869250455,289.395241579,-0.439856013237,104.795668541,31.2642345615,87.1860142056,50.4592977408,0.0647735774818,0.261073157391,0.75,0.99,0.0138569311401,0.0473366954776
