,ftype,K,d,c1,c2,c3,c4,c5,e11,e12,e21,e22,e31,e32,e41,e42,e51,e52,a1,lb1,ub1,lb2,ub2,rms_err,max_err
0,SMA,5,2,0.00857102554023,2.80202167493e-05,6.46355932663,0.246121203968,0.00773147880712,-2.74490163054,0.885643120053,2.79147786365,-1.86510976655,41.6936031242,4.28421438899,3.29618036151,1.28329722303,39.4707956709,-0.0137788501638,1.59738563431,0.0647735774818,0.261073157391,0.75,0.99,0.00399106827066,0.0101315823225
