,ftype,K,d,c1,c2,c3,c4,c5,e11,e12,e21,e22,e31,e32,e41,e42,e51,e52,a1,lb1,ub1,lb2,ub2,rms_err,max_err
0,MA,5,2,0.0340639384734,2.85078237416,0.340120416876,2.13803340737,0.143404678708,-0.720745739011,0.853298018151,1.33144272206,6.06188531317,0.204595504882,4.25383121688,1.3358823618,1.67543632038,-0.11222231399,1.09849400181,1,0.0647735774818,0.261073157391,0.75,0.99,0.022825263004,0.0680979442481
