,ftype,K,d,c1,c2,c3,c4,c5,e11,e12,e21,e22,e31,e32,e41,e42,e51,e52,a1,lb1,ub1,lb2,ub2,rms_err,max_err
0,MA,5,2,0.00978658431915,3.46286325521,5.1992124308,3.97840970222,2.7820820627,-1.02741788675,1.28333264458,1.49170053487,1.18109966877,1.54110521808,8.69130211782,1.4976259065,1.94445769072,1.38368521715,1.39923181424,1,0.0647735774818,0.261073157391,0.75,0.99,0.0465824939867,0.116180695878
