,ftype,K,d,c1,c2,c3,c4,c5,e11,e12,e21,e22,e31,e32,e41,e42,e51,e52,a1,lb1,ub1,lb2,ub2,rms_err,max_err
0,SMA,5,2,2.2206407782,0.0301949150071,0.21290481355,0.00379774585416,1.01025092447e-05,43.6090411568,3.54079431501,-0.505041803919,1.1667734642,4.94579204558,1.563549287,40.6687328259,-0.0951055844605,3.51869628896,-2.03563684917,1.83370474454,0.0647735774818,0.261073157391,0.75,0.99,0.00409499457916,0.011267854214
