,ftype,K,d,c1,c2,c3,c4,e11,e12,e21,e22,e31,e32,e41,e42,a1,lb1,ub1,lb2,ub2,rms_err,max_err
0,MA,4,2,0.0280954643157,0.138190082617,7.49522884182,7.97592198274,1.32730712196,-0.512093126283,5.09856580715,0.019608198999,4.88891297295,1.69886353004,1.37535478916,1.85674592981,1,0.0647735774818,0.215408924417,0.75,0.99,0.0480458854583,0.114018087377
