,ftype,K,d,c1,c2,c3,c4,e11,e12,e21,e22,e31,e32,e41,e42,a1,lb1,ub1,lb2,ub2,rms_err,max_err
0,MA,4,2,7.90269390486,7.8415521034,0.0713047513531,0.0177462031682,1.7373149264,4.89864517255,1.85655028939,1.36360026406,-0.242161344005,4.7479524965,-0.700216434919,1.22475402132,1,0.0647735774818,0.215408924417,0.75,0.99,0.0475205438524,0.112206051404
