,ftype,K,d,c1,c2,c3,c4,c5,e11,e12,e21,e22,e31,e32,e41,e42,e51,e52,a1,lb1,ub1,lb2,ub2,rms_err,max_err
0,MA,5,2,8.89321374504,0.119579993925,7.82876290618,8.38170241369,0.0269634477958,1.85787229671,4.14616876585,-0.035618229283,4.97424237413,1.71918584457,4.9273817955,1.8795882311,1.38230149867,-0.527030325574,1.31618187535,1,0.0647735774818,0.210293755105,0.75,0.99,0.0460199857896,0.114349279578
