,ftype,K,d,c1,c2,c3,c4,c5,e11,e12,e21,e22,e31,e32,e41,e42,e51,e52,a1,lb1,ub1,lb2,ub2,rms_err,max_err
0,SMA,5,2,1.90708496861e-07,0.0067583456235,0.00985787444281,6.05133079785,0.0955779707649,-2.49456233923,5.15865301097,1.02897830345,44.5402039357,1.92358931975,0.218016411024,5.31033603203,45.5727836945,2.33908277262,6.9231481024,2.88492558557,0.0647735774818,0.261073157391,0.75,0.99,0.0043856826289,0.00953153678132
