,ftype,K,d,c1,c2,c3,c4,c5,e11,e12,e21,e22,e31,e32,e41,e42,e51,e52,a1,lb1,ub1,lb2,ub2,rms_err,max_err
0,MA,5,2,4.64262676835,2.07838427862,0.00862898103944,0.0181407965936,5.8228265339,1.61642846859,1.34419527405,1.28003750054,2.15976804739,-1.02580463028,0.98018298492,-0.801140489114,3.41844450037,1.6192922739,4.56499797799,1,0.0647735774818,0.248821319711,0.75,0.99,0.0493251740749,0.126980212662
