,ftype,K,d,c1,c2,c3,c4,c5,e11,e12,e21,e22,e31,e32,e41,e42,e51,e52,a1,lb1,ub1,lb2,ub2,rms_err,max_err
0,SMA,5,2,1.82945044967e-40,2.54605187699e-77,5.38795892339e-09,4.10640267882e-92,1.07679869195e-18,-4.48218239701,86.0655559107,-43.4136595648,173.110795694,23.3712740505,327.178399362,-54.2112289394,61.40156596,18.2062170235,124.397389951,62.6256459276,0.0647735774818,0.261073157391,0.75,0.99,0.0155920584151,0.0570731015276
