,ftype,K,d,c1,c2,c3,c4,c5,e11,e12,e21,e22,e31,e32,e41,e42,e51,e52,a1,lb1,ub1,lb2,ub2,rms_err,max_err
0,MA,5,2,0.311845377073,6.33984510012,0.00425505767382,0.36307984485,5.65959554929,0.451459568552,1.5696868622,1.71691201656,1.41423410796,-1.13659342947,1.27504356944,0.422674413143,4.69179047044,1.5406830363,4.68619014964,1,0.0647735774818,0.226015552419,0.75,0.99,0.047587542571,0.119578073734
