,ftype,K,d,c1,c2,c3,c4,c5,e11,e12,e21,e22,e31,e32,e41,e42,e51,e52,a1,lb1,ub1,lb2,ub2,rms_err,max_err
0,MA,5,2,0.0561003540658,6.91875923214,6.34616338492,0.294295389422,0.245681902655,-0.216199716911,1.40573355773,1.77117392119,1.36795299485,1.59983921405,4.73159525771,0.330239151657,5.23503499303,0.316264656095,2.28272723168,1,0.0647735774818,0.22064851472,0.75,0.99,0.0482366370472,0.111552596953
