,ftype,K,d,c1,c2,c3,c4,e11,e12,e21,e22,e31,e32,e41,e42,a1,lb1,ub1,lb2,ub2,rms_err,max_err
0,MA,4,2,4.04456792807,0.00508001216676,3.7686327914,3.53964864911,1.50446690859,2.14515120291,-1.07162948929,2.3970543625,1.35408498172,4.51824435385,1.4346584649,1.29693284175,1,0.0647735774818,0.261073157391,0.75,0.99,0.0460344552353,0.118200229781
