,ftype,K,d,c1,c2,c3,c4,e11,e12,e21,e22,e31,e32,e41,e42,a1,lb1,ub1,lb2,ub2,rms_err,max_err
0,SMA,4,2,0.254812302068,1.46768710082e-15,0.180454795512,0.277421410843,1.70077329242,8.77966181986,-9.75351471341,1.51510213905,1.64407410045,1.33149866249,1.58435314572,49.7926990471,2.03219049618,0.0647735774818,0.261073157391,0.75,0.99,0.00645554678768,0.0191283906556
