,ftype,K,d,c1,c2,c3,c4,e11,e12,e21,e22,e31,e32,e41,e42,a1,lb1,ub1,lb2,ub2,rms_err,max_err
0,MA,4,2,3.12996883308,3.97543078199,3.27922768078,0.0281812871658,1.31263062534,1.38569444101,4.56487726201,1.48095845619,4.75103865336,1.29271176583,1.72044650268,-0.39792395891,1,0.0647735774818,0.261073157391,0.75,0.99,0.0412792269814,0.103964229149
