,ftype,K,d,c1,c2,c3,c4,c5,e11,e12,e21,e22,e31,e32,e41,e42,e51,e52,a1,lb1,ub1,lb2,ub2,rms_err,max_err
0,MA,5,2,0.111827129285,0.584995590439,0.545425730483,0.0675378478301,0.319906643559,-0.344225767077,1.26072730243,0.341573245025,5.64492539244,0.487111523729,1.72925390683,-0.504721882665,0.49791536439,0.0953101689039,2.45479566334,1,0.0647735774818,0.261073157391,0.75,0.99,0.0174224816182,0.0524119325612
