,ftype,K,d,c1,c2,c3,c4,c5,e11,e12,e21,e22,e31,e32,e41,e42,e51,e52,a1,lb1,ub1,lb2,ub2,rms_err,max_err
0,MA,5,2,0.0138059567786,0.241884823461,0.976069376162,0.0280397456601,1.2821817777,-1.25068431529,1.77196166313,-0.00930758013787,1.94533641414,0.55405363894,6.28386302138,-1.00101158854,4.27975594044,0.928388825541,1.85925866458,1,0.0647735774818,0.261073157391,0.75,0.99,0.0246550026677,0.0661538981103
