,ftype,K,d,c1,c2,c3,c4,c5,e11,e12,e21,e22,e31,e32,e41,e42,e51,e52,a1,lb1,ub1,lb2,ub2,rms_err,max_err
0,SMA,5,2,0.00489046344614,0.00084950982474,4.16226393537e-38,5.08386106278e-38,1.36072804965e-21,24.2101958093,53.6251849055,17.0974810699,186.653463852,-17.6514447303,98.4508315337,-16.0681666335,17.6342545552,-1.45677841267,64.304278582,31.2802725844,0.0647735774818,0.261073157391,0.75,0.99,0.0145445575913,0.0455642694897
