,ftype,K,d,c1,c2,c3,c4,c5,e11,e12,e21,e22,e31,e32,e41,e42,e51,e52,a1,lb1,ub1,lb2,ub2,rms_err,max_err
0,MA,5,2,0.178480928787,0.0436867593881,0.404239419103,0.0692192971423,0.653437825087,-0.171573607338,1.04990624662,-0.762651418751,0.82566168646,0.149745992922,1.96693860031,-0.623046214344,2.44837083389,0.310753540427,4.98669829696,1,0.0647735774818,0.261073157391,0.75,0.99,0.0179699459597,0.0821029830445
