,ftype,K,d,c1,c2,c3,c4,c5,e11,e12,e21,e22,e31,e32,e41,e42,e51,e52,a1,lb1,ub1,lb2,ub2,rms_err,max_err
0,MA,5,2,1.83284845134,0.856549947329,0.0177687426397,2.44630993015,3.09811403482,2.51126702201,1.08805375204,1.2201014095,0.792619075247,1.07292901107,-0.884394562166,1.63574480972,1.31390557149,5.51476679095,1.28804533861,1,0.0647735774818,0.261073157391,0.75,0.99,0.0211918522599,0.0657168945963
