,ftype,K,d,c1,c2,c3,c4,e11,e12,e21,e22,e31,e32,e41,e42,a1,lb1,ub1,lb2,ub2,rms_err,max_err
0,MA,4,2,0.988712067172,0.0723921124372,1.16682623226,0.845059491927,0.914573374279,2.68577403425,-0.00539061686139,1.40443133497,0.918333983618,5.80370060315,0.917164543881,1.41425004489,1,0.0647735774818,0.261073157391,0.75,0.99,0.0122539126368,0.0473153747183
