,ftype,K,d,c1,c2,c3,c4,c5,e11,e12,e21,e22,e31,e32,e41,e42,e51,e52,a1,lb1,ub1,lb2,ub2,rms_err,max_err
0,MA,5,2,0.0637392590157,0.302480517476,0.511443015348,0.0884598292484,0.103228659961,-0.557409629197,0.528455862587,0.0434021085174,1.938108819,0.225919476799,4.70717333505,-0.472803809596,2.11501397035,-0.369587948838,0.718082097161,1,0.0647735774818,0.261073157391,0.75,0.99,0.0289339965469,0.114209690208
