,ftype,K,d,c1,c2,c3,c4,c5,e11,e12,e21,e22,e31,e32,e41,e42,e51,e52,a1,lb1,ub1,lb2,ub2,rms_err,max_err
0,SMA,5,2,0.523604245905,3.19254952332e+12,7.51755859222e-09,1.80611007728,0.0937277689816,0.822352010947,0.591412640584,18.5010390666,24.6306154439,0.187249172739,-5.15380505294,426.737987492,0.387297322785,14.5019323186,0.449502116169,0.759709983428,0.0647735774818,0.261073157391,0.75,0.99,0.00519035513315,0.0165028940944
