,ftype,K,d,c1,c2,c3,c4,c5,e11,e12,e21,e22,e31,e32,e41,e42,e51,e52,a1,lb1,ub1,lb2,ub2,rms_err,max_err
0,MA,5,2,3.00747032321,0.0306259897834,0.56398571842,0.181838384859,2.36835631894,6.16033130899,1.34125229649,0.908348386606,-0.748375681713,4.56299606304,0.452204685628,1.15341670349,0.0111146730048,1.68230440533,1.38395980979,1,0.0647735774818,0.261073157391,0.75,0.99,0.0225471792516,0.0656196115632
