,ftype,K,d,c1,c2,c3,c4,c5,e11,e12,e21,e22,e31,e32,e41,e42,e51,e52,a1,lb1,ub1,lb2,ub2,rms_err,max_err
0,MA,5,2,0.195517629716,0.0436738138242,0.441843881218,0.692991342214,0.309196547359,-0.139857956101,1.17933438914,-0.787868663785,1.10902375262,0.195980991361,1.98355337792,0.338832890208,5.14521611243,0.0412041590198,2.00547157052,1,0.0647735774818,0.261073157391,0.75,0.99,0.0196321167484,0.0672635136285
