,ftype,K,d,c1,c2,c3,c4,c5,e11,e12,e21,e22,e31,e32,e41,e42,e51,e52,a1,lb1,ub1,lb2,ub2,rms_err,max_err
0,SMA,5,2,1082.00557376,0.0529181497645,0.028837446765,0.240639021951,5.23213986311e-08,8.59618698306,33.4007697197,0.867678901993,39.3450819845,1.2409524096,-1.31067224425,1.37038944191,3.99324425255,-3.85314998027,2.6218303976,1.73595303491,0.0647735774818,0.261073157391,0.75,0.99,0.00496745235342,0.0140449457989
