,ftype,K,d,c1,c2,c3,c4,c5,e11,e12,e21,e22,e31,e32,e41,e42,e51,e52,a1,lb1,ub1,lb2,ub2,rms_err,max_err
0,MA,5,2,0.331013346611,1.02818113643,0.0152507763564,0.232638765846,1.28851674316,0.0880962886645,3.08564641812,0.583788293004,6.46759878655,-1.22046255118,1.88225555741,-0.00710836387894,1.76439034197,0.933338464235,1.84763964091,1,0.0647735774818,0.261073157391,0.75,0.99,0.0262765599296,0.0773141594563
