,ftype,K,d,c1,c2,c3,c4,c5,e11,e12,e21,e22,e31,e32,e41,e42,e51,e52,a1,lb1,ub1,lb2,ub2,rms_err,max_err
0,MA,5,2,2.17556346593,0.0378637430187,0.025813815005,2.53658994299,0.279950800267,6.10009490219,1.1101145878,2.60088402531,-0.675040015766,0.639136759699,-0.772698635043,1.71084745063,1.40454075034,1.3333837241,0.215243578148,1,0.0647735774818,0.261073157391,0.75,0.99,0.0238036744463,0.0745676736508
