,ftype,K,d,c1,c2,c3,c4,c5,e11,e12,e21,e22,e31,e32,e41,e42,e51,e52,a1,lb1,ub1,lb2,ub2,rms_err,max_err
0,MA,5,2,2.56215824474,0.402001882822,0.0916399298395,2.44989125634,0.0222308691777,1.38570368614,1.72307820946,0.395568577677,1.36435938329,-0.662842984761,92.534417795,1.16919679236,5.8717594495,-0.822314325425,0.795510476148,1,0.0647735774818,0.261073157391,0.75,0.99,0.0209926545436,0.0543618031749
