,ftype,K,d,c1,c2,c3,c4,c5,e11,e12,e21,e22,e31,e32,e41,e42,e51,e52,a1,lb1,ub1,lb2,ub2,rms_err,max_err
0,MA,5,2,0.127183704962,0.359978148096,0.568205264861,0.382570038884,0.0728243672054,-0.305729244018,1.25707313269,0.118087968984,2.56405247384,0.292197061769,6.96399227679,0.289048562126,1.4975696065,-0.489065838185,0.494396302119,1,0.0647735774818,0.261073157391,0.75,0.99,0.0224206130765,0.0719655702253
