,ftype,K,d,c1,c2,c3,c4,e11,e12,e21,e22,e31,e32,e41,e42,a1,lb1,ub1,lb2,ub2,rms_err,max_err
0,MA,4,2,0.0227849207966,0.0103645418134,7.18257406738,5.97303040772,3.67411495116,-0.698963971338,1.02801424047,-0.935109359034,3.17921657595,1.73553891998,1.23479899117,1.74992147622,1,0.0647735774818,0.226015552419,0.75,0.99,0.048385534596,0.137141660865
