,ftype,K,d,c1,c2,c3,c4,e11,e12,e21,e22,e31,e32,e41,e42,a1,lb1,ub1,lb2,ub2,rms_err,max_err
0,SMA,4,2,0.564660524554,0.313092785091,0.247762002659,8.01882906139e-34,0.986163322188,1.10912762493,1.071653446,51.7433719297,1.01558917151,10.1533767008,-25.7282672315,0.268703935436,1.14240731838,0.0647735774818,0.261073157391,0.75,0.99,0.00779424424038,0.0200526947834
