,ftype,K,d,c1,c2,c3,c4,c5,e11,e12,e21,e22,e31,e32,e41,e42,e51,e52,a1,lb1,ub1,lb2,ub2,rms_err,max_err
0,MA,5,2,2.4901868539,2.45935094215,0.042411097839,2.33048923203,1.8381830876,2.22589595895,1.24708780947,6.26753312108,1.16772513045,2.36155606083,-0.267799621063,1.20428780475,1.27987200479,0.926600849283,1.22659821164,1,0.0647735774818,0.261073157391,0.75,0.99,0.0342762027298,0.0807249197032
