,ftype,K,d,c1,c2,c3,c4,c5,e11,e12,e21,e22,e31,e32,e41,e42,e51,e52,a1,lb1,ub1,lb2,ub2,rms_err,max_err
0,MA,5,2,0.068299843357,0.312118898917,0.0757619338036,0.542418353536,0.155897798272,-0.568366883263,1.03258197952,0.0404079416106,1.9185318046,-0.501901718758,0.522555296947,0.237789476061,4.64801400967,-0.465487185259,51.9217680965,1,0.0647735774818,0.261073157391,0.75,0.99,0.0315337626075,0.12120206987
