,ftype,K,d,c1,c2,c3,c4,c5,e11,e12,e21,e22,e31,e32,e41,e42,e51,e52,a1,lb1,ub1,lb2,ub2,rms_err,max_err
0,MA,5,2,0.548725750727,0.0757333698989,0.461465000095,0.319284771924,0.0921212116908,0.293772550846,5.5303206395,-0.474109196018,0.578333468041,0.391797830877,1.63474933967,0.0837424992498,2.28680312575,-0.441804534357,2.38144774334,1,0.0647735774818,0.261073157391,0.75,0.99,0.0191916860167,0.05435607548
