,ftype,K,d,c1,c2,c3,c4,c5,e11,e12,e21,e22,e31,e32,e41,e42,e51,e52,a1,lb1,ub1,lb2,ub2,rms_err,max_err
0,SMA,5,2,0.00434366698443,18.4325364968,0.130599406603,7.92971766764e-06,0.00687782811055,0.256569524097,46.8285188433,5.94775419817,37.6111697416,1.71775404167,4.84740553826,-1.75853527459,3.39382988603,1.33081028301,-1.77251524857,2.20691465253,0.0647735774818,0.261073157391,0.75,0.99,0.0045644831386,0.0148160195888
