,ftype,K,d,c1,c2,c3,c4,c5,e11,e12,e21,e22,e31,e32,e41,e42,e51,e52,a1,lb1,ub1,lb2,ub2,rms_err,max_err
0,SMA,5,2,2.40512923515e-08,1.88991276799e-05,119.484655506,3.01330496543,37.9011903582,-3.3414049686,2.98574446603,-0.755309311003,23.5411693382,7.25643054942,62.4525094235,8.53042950314,-1.01789204982,7.34866793409,12.5079547551,5.86158319497,0.0647735774818,0.261073157391,0.75,0.99,0.024406661,0.0619354942677
