,ftype,K,d,c1,c2,c3,c4,e11,e12,e21,e22,e31,e32,e41,e42,a1,lb1,ub1,lb2,ub2,rms_err,max_err
0,SMA,4,2,57.7301006987,192.132711038,7.1865352356e-13,441.332755633,4.95886170827,71.773194642,5.59085736255,14.7023863614,-6.80328189827,5.27862825496,6.4394214717,2.94175346218,3.83065811815,0.0647735774818,0.231513137534,0.75,0.99,0.0478445147348,0.136365687392
