,ftype,K,d,c1,c2,c3,c4,c5,e11,e12,e21,e22,e31,e32,e41,e42,e51,e52,a1,lb1,ub1,lb2,ub2,rms_err,max_err
0,SMA,5,2,0.0113328297982,0.0145863347666,0.119649358324,12.1047847664,1.06334476158e-07,-0.476825933104,1.76095787636,42.8470293847,1.0893582196,5.95591878108,2.07438648522,40.0159935586,5.68358771662,4.28481450015,-2.91108108228,2.60139253454,0.0647735774818,0.261073157391,0.75,0.99,0.00442886533391,0.0105534383259
