,ftype,K,d,c1,c2,c3,c4,e11,e12,e21,e22,e31,e32,e41,e42,a1,lb1,ub1,lb2,ub2,rms_err,max_err
0,MA,4,2,1.17930546075,0.0863189243082,1.03119949499,1.37417480298,0.972221432765,2.55590140298,0.0489210005449,1.43499292179,0.978574370528,1.40762396909,0.975829052414,5.51669041326,1,0.0647735774818,0.261073157391,0.75,0.99,0.0163944371015,0.06855048559
