,ftype,K,d,c1,c2,c3,c4,c5,e11,e12,e21,e22,e31,e32,e41,e42,e51,e52,a1,lb1,ub1,lb2,ub2,rms_err,max_err
0,MA,5,2,0.230094145597,0.00333994133571,5.24321460397,5.55916126053,1.3484157391,1.43622048965,0.347619311269,3.08929327112,-1.27376710365,4.4127869658,1.50445922834,1.37283053764,1.65102403513,4.93027280483,0.94211825878,1,0.0647735774818,0.231513137534,0.75,0.99,0.0477507765488,0.126329973479
