,ftype,K,d,c1,c2,c3,c4,c5,e11,e12,e21,e22,e31,e32,e41,e42,e51,e52,a1,lb1,ub1,lb2,ub2,rms_err,max_err
0,SMA,5,2,0.187845027499,1.63905224626e-05,11.1910827626,0.00377538616341,0.00512249782676,1.44208650366,3.66799628808,-1.81886424438,2.83830058932,5.03241474122,41.9567556512,1.05600323132,-3.80748059584,0.0438675904411,41.8751943509,1.85363207421,0.0647735774818,0.261073157391,0.75,0.99,0.00423420277006,0.0118142598278
