,ftype,K,d,c1,c2,c3,c4,c5,e11,e12,e21,e22,e31,e32,e41,e42,e51,e52,a1,lb1,ub1,lb2,ub2,rms_err,max_err
0,MA,5,2,0.0295790530785,1.9993460994,4.05828784745,4.15000524152,0.0132809746919,-0.47169086949,4.88496711248,1.18282096718,1.82010359879,1.4945794519,1.33794461695,1.39376419879,4.41316953599,-0.67603217664,1.35477092186,1,0.0647735774818,0.261073157391,0.75,0.99,0.0491190901254,0.118799786387
