,ftype,K,d,c1,c2,c3,c4,c5,e11,e12,e21,e22,e31,e32,e41,e42,e51,e52,a1,lb1,ub1,lb2,ub2,rms_err,max_err
0,MA,5,2,2.15022613525,0.0198553154252,3.80864093918,2.58722840528,0.0102777946103,1.28084776395,0.98752658917,-0.822878605027,2.9082857441,1.39647193107,4.91779102928,1.30627649071,1.5597405463,-1.02713008056,0.86015958153,1,0.0647735774818,0.261073157391,0.75,0.99,0.0207565738788,0.0829871329633
