,ftype,K,d,c1,c2,c3,c4,c5,e11,e12,e21,e22,e31,e32,e41,e42,e51,e52,a1,lb1,ub1,lb2,ub2,rms_err,max_err
0,SMA,5,2,0.119648164058,12.1044871626,0.0145861028101,1.06332536041e-07,0.0113326168712,2.07439650944,5.95593955986,5.68358023703,40.016059813,1.08936321579,42.8470738308,-2.91107575216,4.2848322089,1.76096693079,-0.476824662513,2.60140574443,0.0647735774818,0.261073157391,0.75,0.99,0.00442886533357,0.0105534354741
