,ftype,K,d,c1,c2,c3,c4,c5,e11,e12,e21,e22,e31,e32,e41,e42,e51,e52,a1,lb1,ub1,lb2,ub2,rms_err,max_err
0,MA,5,2,0.74068284783,2.06155245,1.58357690235,2.36043434128,1.85466752075,0.710706390932,6.19842608086,1.1844097496,1.92530630582,1.11157706015,1.59003813136,1.13819915156,13.0281830141,1.19597039799,1.17906172392,1,0.0647735774818,0.261073157391,0.75,0.99,0.0298770095974,0.0670769965307
