,ftype,K,d,c1,c2,c3,c4,e11,e12,e21,e22,e31,e32,e41,e42,a1,lb1,ub1,lb2,ub2,rms_err,max_err
0,MA,4,2,2.51995976767,0.0103581876832,0.0198553154252,3.80864093922,1.43609615936,1.30164625867,0.856776349839,-1.02392050285,2.9082857441,-0.822878605027,4.91779102928,1.39647193108,1,0.0647735774818,0.261073157391,0.75,0.99,0.0213354064948,0.0829871329667
