,ftype,K,d,c1,c2,c3,c4,c5,e11,e12,e21,e22,e31,e32,e41,e42,e51,e52,a1,lb1,ub1,lb2,ub2,rms_err,max_err
0,MA,5,2,0.0118636532752,0.0229223008295,0.989817359433,0.213152166968,1.52560304286,-1.30328975177,1.85577269343,-1.07376526772,4.59066822262,0.574630934665,6.93651519275,-0.0392605628951,1.88799694379,1.05242760327,1.93087150905,1,0.0647735774818,0.261073157391,0.75,0.99,0.0282016359168,0.0798672999585
