,ftype,K,d,c1,c2,c3,c4,c5,e11,e12,e21,e22,e31,e32,e41,e42,e51,e52,a1,lb1,ub1,lb2,ub2,rms_err,max_err
0,MA,5,2,1.15652790206,0.246550349577,0.903068520084,1.11126355952,0.0175576245564,0.752186627913,3.21480996259,-0.0166145251092,1.91898614229,0.498845512782,6.74148007815,0.853010258597,1.68344214008,-1.16600211595,1.7794644539,1,0.0647735774818,0.261073157391,0.75,0.99,0.0240195170846,0.0707433125204
