,ftype,K,d,c1,c2,c3,c4,e11,e12,e21,e22,e31,e32,e41,e42,a1,lb1,ub1,lb2,ub2,rms_err,max_err
0,SMA,4,2,1.46757715113e-15,0.254813137387,0.277421055889,0.180455811651,1.51509014895,-9.75355137474,8.77962031861,1.7007641103,49.7926228383,1.58434432511,1.33148461777,1.64406480562,2.03217929908,0.0647735774818,0.261073157391,0.75,0.99,0.00645554678779,0.0191283756679
