,ftype,K,d,c1,c2,c3,c4,c5,e11,e12,e21,e22,e31,e32,e41,e42,e51,e52,a1,lb1,ub1,lb2,ub2,rms_err,max_err
0,SMA,5,2,2.52463820208,0.140394930903,0.00973263569528,1.35740365884e-06,0.00440328589657,4.12929301678,44.7513305078,1.94598860908,5.45703193559,1.4854836984,-0.830962554769,-2.2650015076,4.56778125862,0.42106300764,43.4820835846,2.38849571982,0.0647735774818,0.261073157391,0.75,0.99,0.00423107402927,0.0102402487625
