,ftype,K,d,c1,c2,c3,c4,c5,e11,e12,e21,e22,e31,e32,e41,e42,e51,e52,a1,lb1,ub1,lb2,ub2,rms_err,max_err
0,MA,5,2,1.58999795319,0.0922159551459,1.34360482805,0.642421539696,1.23924550667,1.02559039642,5.05664568298,0.0808521456218,1.28538897561,1.03966681645,1.82441108745,0.73329757566,2.56657793639,1.04763619364,1.28827053325,1,0.0647735774818,0.261073157391,0.75,0.99,0.0208945528885,0.0812054853583
