,ftype,K,d,c1,c2,c3,c4,e11,e12,e21,e22,e31,e32,e41,e42,a1,lb1,ub1,lb2,ub2,rms_err,max_err
0,SMA,4,2,0.605318560875,0.776080077712,0.0243289139976,9.07807399081e-18,0.242135069787,1.66169154686,0.389863972993,-0.612397483035,-0.0552782706758,58.8560577285,-12.9970635128,-1.27978023888,0.214521115563,0.0647735774818,0.248821319711,0.75,0.99,0.0493757506369,0.12954494392
