,ftype,K,d,c1,c2,c3,c4,e11,e12,e21,e22,e31,e32,e41,e42,a1,lb1,ub1,lb2,ub2,rms_err,max_err
0,SMA,4,2,1.5037132856e-07,0.191407969491,0.357020342917,0.51916494253,-4.47636133033,4.97092308088,2.12524624769,4.85607107836,1.79540311076,81.6161883839,2.20600151894,17.9409103939,3.75539461646,0.0647735774818,0.261073157391,0.75,0.99,0.025840568807,0.0582718293327
