,ftype,K,d,c1,c2,c3,c4,e11,e12,e21,e22,e31,e32,e41,e42,a1,lb1,ub1,lb2,ub2,rms_err,max_err
0,MA,4,2,0.150959100244,0.355616723664,0.0551208353069,0.583776722846,0.918151367201,-0.234703223006,1.9873180234,0.0892833568584,0.892917172795,-0.670145912945,4.72915360569,0.260703659511,1,0.0647735774818,0.261073157391,0.75,0.99,0.0275307602517,0.107268509507
