,ftype,K,d,c1,c2,c3,c4,c5,e11,e12,e21,e22,e31,e32,e41,e42,e51,e52,a1,lb1,ub1,lb2,ub2,rms_err,max_err
0,SMA,5,2,80.6218986405,0.0345231421354,0.0675274848381,0.20252260914,1.30409075507e-07,6.60859959377,33.2382138243,0.734318342436,41.9348145865,1.254969965,0.131257629433,1.43194241106,5.3468891389,-3.53612136394,2.84352994504,1.75574822413,0.0647735774818,0.261073157391,0.75,0.99,0.00462046312068,0.0115752847843
