,ftype,K,d,c1,c2,c3,c4,c5,e11,e12,e21,e22,e31,e32,e41,e42,e51,e52,a1,lb1,ub1,lb2,ub2,rms_err,max_err
0,MA,5,2,0.0702707596122,0.990098312975,0.99681364938,0.176506632175,0.0607985863087,-0.517466137912,2.4674569419,0.684899042811,5.99130683899,0.878234739024,1.70412763039,-0.118501820504,1.81129257168,-0.525247169525,0.56264689903,1,0.0647735774818,0.261073157391,0.75,0.99,0.017669625356,0.0621253489839
