,ftype,K,d,c1,c2,c3,c4,e11,e12,e21,e22,e31,e32,e41,e42,a1,lb1,ub1,lb2,ub2,rms_err,max_err
0,MA,4,2,2.84046999558,0.127812046425,0.0325286497121,3.10413202829,1.34665031758,1.29641530301,-0.0190749547481,28.6244206649,-0.363673319101,2.28912638274,1.27671157391,4.63521819053,1,0.0647735774818,0.261073157391,0.75,0.99,0.0384772312449,0.0947004437872
