,ftype,K,d,c1,c2,c3,c4,e11,e12,e21,e22,e31,e32,e41,e42,a1,lb1,ub1,lb2,ub2,rms_err,max_err
0,MA,4,2,2.87014661135,4.31875377042,0.0105487665142,3.20995787851,1.39611976843,1.20038446946,1.46281449407,4.85409126008,-1.01952978016,1.21677178645,1.41030683539,1.6620311866,1,0.0647735774818,0.261073157391,0.75,0.99,0.0351573341166,0.100832011763
