,ftype,K,d,c1,c2,c3,c4,c5,e11,e12,e21,e22,e31,e32,e41,e42,e51,e52,a1,lb1,ub1,lb2,ub2,rms_err,max_err
0,MA,5,2,0.0897666761243,1.03642292934,0.113460696075,1.26581017878,0.931104076674,0.0789202927369,1.30207060612,0.946266386078,2.17076517498,0.105835879132,2.55044963398,0.947400625426,5.60651047915,0.946739718999,1.41017435045,1,0.0647735774818,0.261073157391,0.75,0.99,0.0134597846983,0.0587700792529
