,ftype,K,d,c1,c2,c3,c4,c5,e11,e12,e21,e22,e31,e32,e41,e42,e51,e52,a1,lb1,ub1,lb2,ub2,rms_err,max_err
0,MA,5,2,5.97303040772,0.0101283347834,0.0250422114305,7.18257406738,4.28553974145,1.74992147622,1.23479899117,-0.946455459863,1.05504725974,-0.66276842935,3.80880525415,1.73553891998,3.17921657595,1.76758015334,0.205540806891,1,0.0647735774818,0.226015552419,0.75,0.99,0.0483723945551,0.137141660865
