,ftype,K,d,c1,c2,c3,c4,c5,e11,e12,e21,e22,e31,e32,e41,e42,e51,e52,a1,lb1,ub1,lb2,ub2,rms_err,max_err
0,SMA,5,2,4.66228680028e+251,1.88711945747e-05,0.298333313687,0.00890576574349,0.169157800503,436.041200646,3.4972242696,-2.12662819958,2.34398180925,1.74001013039,10.1174273841,-0.165343507381,48.5647029645,0.911512483934,1.21917987237,1.37175016769,0.0647735774818,0.261073157391,0.75,0.99,0.00339116849781,0.0131623299906
