,ftype,K,d,c1,c2,c3,c4,c5,e11,e12,e21,e22,e31,e32,e41,e42,e51,e52,a1,lb1,ub1,lb2,ub2,rms_err,max_err
0,MA,5,2,0.236651581976,1.14512244866,0.310927018597,0.017730336746,0.951700068655,1.72946186192,-0.0146942199108,1.84900703539,0.84617130798,2.43045333695,0.0714804973743,1.78298834775,-1.16244689218,6.23714178198,0.530453249639,1,0.0647735774818,0.261073157391,0.75,0.99,0.0246198892177,0.0706212292027
