,ftype,K,d,c1,c2,c3,c4,c5,e11,e12,e21,e22,e31,e32,e41,e42,e51,e52,a1,lb1,ub1,lb2,ub2,rms_err,max_err
0,MA,5,2,0.0269590976099,0.0529379687063,0.816863892554,0.257417509791,0.720600752873,-0.979984068277,1.25627185591,-0.752142920398,3.58680911643,0.432486004442,5.44817421152,-0.0220295954716,1.60943555505,0.51187959516,1.93305029075,1,0.0647735774818,0.261073157391,0.75,0.99,0.0176449907292,0.0504132781969
