,ftype,K,d,c1,c2,c3,c4,c5,e11,e12,e21,e22,e31,e32,e41,e42,e51,e52,a1,lb1,ub1,lb2,ub2,rms_err,max_err
0,MA,5,2,0.012300869589,0.0221569604093,2.33778706523,3.31443016792,1.49872914463,-0.980296331296,0.814587734542,-0.800769805726,2.7526294254,1.26182583753,1.59055371886,1.32368139265,4.95837136754,1.06268936491,1.27655029146,1,0.0647735774818,0.261073157391,0.75,0.99,0.0167634803362,0.062644235242
