,ftype,K,d,c1,c2,c3,c4,c5,e11,e12,e21,e22,e31,e32,e41,e42,e51,e52,a1,lb1,ub1,lb2,ub2,rms_err,max_err
0,MA,5,2,1.50179228985,2.27014501676,2.37218442468,2.15007890231,0.498426659032,1.125385204,1.1417529352,1.13838044393,6.22240883791,1.1967403843,3.60810271789,1.23362169786,1.35372881975,0.624893483796,2.86797154954,1,0.0647735774818,0.261073157391,0.75,0.99,0.0326438312968,0.0765928272832
