,ftype,K,d,c1,c2,c3,c4,c5,e11,e12,e21,e22,e31,e32,e41,e42,e51,e52,a1,lb1,ub1,lb2,ub2,rms_err,max_err
0,MA,5,2,0.0351449329392,0.593049931369,0.234530472828,0.79317266827,0.592517638574,-0.885761932312,1.31465956769,0.330682756868,2.62563050067,-0.065974423513,1.46005697957,0.412996597912,5.47896703137,0.409189164405,1.77297883976,1,0.0647735774818,0.261073157391,0.75,0.99,0.0199913384384,0.0622193503381
