,ftype,K,d,c1,c2,c3,c4,c5,e11,e12,e21,e22,e31,e32,e41,e42,e51,e52,a1,lb1,ub1,lb2,ub2,rms_err,max_err
0,MA,5,2,3.64078984513,0.0174931181788,2.61828316153,0.00812435451675,4.84651794329,1.49285999375,1.36950118424,-0.83278800895,3.29499210793,1.30213229409,2.790667926,-1.07223288737,0.952339838865,1.52484786491,4.70487603057,1,0.0647735774818,0.261073157391,0.75,0.99,0.043162080269,0.117313730078
