,ftype,K,d,c1,c2,c3,c4,c5,e11,e12,e21,e22,e31,e32,e41,e42,e51,e52,a1,lb1,ub1,lb2,ub2,rms_err,max_err
0,MA,5,2,0.231767199336,0.0124895198133,0.971110138299,1.44722333729,0.0238325306232,1.95031230616,-0.0150588663401,1.84196314328,-1.28780945404,6.72092172879,0.556831553274,1.9340258928,1.00677610693,4.30338170331,-1.06142901904,1,0.0647735774818,0.261073157391,0.75,0.99,0.0267912626414,0.0795399728589
