,ftype,K,d,c1,c2,c3,c4,c5,e11,e12,e21,e22,e31,e32,e41,e42,e51,e52,a1,lb1,ub1,lb2,ub2,rms_err,max_err
0,MA,5,2,2.6464117041,0.255501479998,2.39840654657,0.498948541703,2.83308476506,1.21628095012,4.61163410382,0.432553826314,1.49049311714,1.27901912291,1.33420177047,0.561284870613,6.09594055488,1.28994522116,4.16324479284,1,0.0647735774818,0.261073157391,0.75,0.99,0.0338873440965,0.0857923590153
