,ftype,K,d,c1,c2,c3,c4,e11,e12,e21,e22,e31,e32,e41,e42,a1,lb1,ub1,lb2,ub2,rms_err,max_err
0,SMA,4,2,0.014640423302,0.978352101574,0.0170572337129,1.06381437841e-51,49.550138439,0.141428924814,0.0506680892515,0.0465190848893,8.34298075976,0.0611465509715,-1.4493677208,-40.6603965735,0.0523615771764,0.0647735774818,0.261073157391,0.75,0.99,0.00872262007147,0.022863211517
