,ftype,K,d,c1,c2,c3,c4,c5,e11,e12,e21,e22,e31,e32,e41,e42,e51,e52,a1,lb1,ub1,lb2,ub2,rms_err,max_err
0,SMA,5,2,1.35294155223e+20,5.5440669245e+21,1.40991574974e-89,5.20246908483e-12,2.93018595583e-78,67.9712329662,86.6921570333,61.4286456799,281.547708906,-44.833234665,36.5344002679,30.0921567393,69.2691267429,-37.1817926493,138.567229612,50.5146183421,0.0647735774818,0.261073157391,0.75,0.99,0.0176797321158,0.0506702342602
