,ftype,K,d,c1,c2,c3,c4,c5,e11,e12,e21,e22,e31,e32,e41,e42,e51,e52,a1,lb1,ub1,lb2,ub2,rms_err,max_err
0,SMA,5,2,1.83141963785e-40,2.55156663951e-77,1.07736843473e-18,5.38925818792e-09,4.11686236615e-92,86.0644657302,-4.48214451121,173.108874145,-43.4131270964,124.395869588,18.206008278,327.174453339,23.3709919052,61.4008054763,-54.2105769826,62.6248785279,0.0647735774818,0.261073157391,0.75,0.99,0.0155920583796,0.0570730919043
