,ftype,K,d,c1,c2,c3,c4,c5,e11,e12,e21,e22,e31,e32,e41,e42,e51,e52,a1,lb1,ub1,lb2,ub2,rms_err,max_err
0,SMA,5,2,3.40330243276e-11,6.13885182555e-31,7.54028926899e-74,1.41409711574e-59,1.12256447412e-11,38.1113537222,102.692013542,6.65801316496,151.492629876,-31.7816147433,26.9249807123,-21.5144526286,78.3723595407,25.5247838697,353.652040573,60.5666929078,0.0647735774818,0.261073157391,0.75,0.99,0.0161933608873,0.0534888241233
