,ftype,K,d,c1,c2,c3,c4,c5,e11,e12,e21,e22,e31,e32,e41,e42,e51,e52,a1,lb1,ub1,lb2,ub2,rms_err,max_err
0,MA,5,2,0.402001884502,0.0340058652603,2.56215824963,0.0208861020504,2.44989125634,0.395568579572,1.36435938474,-0.697711153494,2.62906427915,1.38570368731,1.72307820989,-0.837983663146,0.696514213804,1.16919679236,5.87175944949,1,0.0647735774818,0.261073157391,0.75,0.99,0.0205123053529,0.0543618031749
