,ftype,K,d,c1,c2,c3,c4,e11,e12,e21,e22,e31,e32,e41,e42,a1,lb1,ub1,lb2,ub2,rms_err,max_err
0,MA,4,2,0.144099368222,1.50537546206,1.09370630095,1.20339726574,0.119630209653,6.06828856943,1.01291904689,5.11923654498,1.0020775609,1.2962635459,1.00387480437,1.79055823688,1,0.0647735774818,0.261073157391,0.75,0.99,0.0182098223195,0.0468908884495
