,ftype,K,d,c1,c2,c3,c4,c5,e11,e12,e21,e22,e31,e32,e41,e42,e51,e52,a1,lb1,ub1,lb2,ub2,rms_err,max_err
0,SMA,5,2,0.260502795429,0.268209672859,0.264110897721,0.256383175373,0.0158705927388,0.127553728619,0.0426128678267,0.128579096167,-0.30913440793,0.128021296851,-0.124028710841,0.124412893216,1.45441581939,-0.136603179236,37.3771908712,0.118465014573,0.0647735774818,0.261073157391,0.75,0.99,0.0240976288248,0.0727284085697
