,ftype,K,d,c1,c2,c3,c4,c5,e11,e12,e21,e22,e31,e32,e41,e42,e51,e52,a1,lb1,ub1,lb2,ub2,rms_err,max_err
0,SMA,5,2,2.27555637907e-08,0.272806604737,0.00163545350906,2937797.48249,0.0793776747101,-4.15267981074,2.51378587727,1.33504065872,2.96306085081,1.16581953091,-7.03428639965,14.6143831578,29.6771027365,0.980273141849,38.2752628848,1.71345807089,0.0647735774818,0.261073157391,0.75,0.99,0.00512723019063,0.015186439071
