,ftype,K,d,c1,c2,c3,c4,c5,e11,e12,e21,e22,e31,e32,e41,e42,e51,e52,a1,lb1,ub1,lb2,ub2,rms_err,max_err
0,SMA,5,2,0.093728063784,7.51754805268e-09,3.18980858898e+12,0.52359998677,2.95186154174,0.449508744289,14.5019629044,-5.15380013854,0.187261688843,24.6299733861,18.5012401883,0.591420270333,0.822363040608,0.387302872127,475.617673326,0.759719758726,0.0647735774818,0.261073157391,0.75,0.99,0.00519035513193,0.0165028926289
