,ftype,K,d,c1,c2,c3,c4,c5,e11,e12,e21,e22,e31,e32,e41,e42,e51,e52,a1,lb1,ub1,lb2,ub2,rms_err,max_err
0,MA,5,2,0.137951550281,0.0556068617529,0.0794930333729,0.336545056956,0.561115892287,-0.267455422152,0.862430240255,-0.639169121088,0.637198791842,-0.541630735184,2.17981639158,0.0676400085506,1.98779767623,0.247460990776,4.64451022504,1,0.0647735774818,0.261073157391,0.75,0.99,0.0284066589708,0.117307244645
