,ftype,K,d,c1,c2,c3,c4,e11,e12,e21,e22,e31,e32,e41,e42,a1,lb1,ub1,lb2,ub2,rms_err,max_err
0,MA,4,2,2.19979562978,0.461262607771,1.90858218533,2.06637638957,1.13186112787,7.18008350225,0.534836343727,6.19491473591,1.19736762539,1.27368848956,1.17343377508,2.27031912547,1,0.0647735774818,0.261073157391,0.75,0.99,0.0291594441704,0.0682312121517
