,ftype,K,d,c1,c2,c3,c4,c5,e11,e12,e21,e22,e31,e32,e41,e42,e51,e52,a1,lb1,ub1,lb2,ub2,rms_err,max_err
0,SMA,5,2,2938935.84224,0.0793633557396,2.27516244982e-08,0.00164140328037,0.272761433195,14.6148288978,29.6818958793,0.980411033227,38.278325729,-4.15254861819,2.51438453935,1.16608582121,-7.02545978625,1.33525355414,2.96408764464,1.71371401546,0.0647735774818,0.261073157391,0.75,0.99,0.00512723017894,0.015186668479
