,ftype,K,d,c1,c2,c3,c4,e11,e12,e21,e22,e31,e32,e41,e42,a1,lb1,ub1,lb2,ub2,rms_err,max_err
0,SMA,4,2,9.200497479e-25,0.440783762764,0.329550005478,0.276758833724,1.45382025479,-17.5692009847,56.3377126725,1.6891001551,1.81208014537,1.61426621221,11.5298667844,1.64099226038,1.9139207773,0.0647735774818,0.261073157391,0.75,0.99,0.00712407442865,0.0174207569628
