,ftype,K,d,c1,c2,c3,c4,c5,e11,e12,e21,e22,e31,e32,e41,e42,e51,e52,a1,lb1,ub1,lb2,ub2,rms_err,max_err
0,SMA,5,2,2850085.63352,4.69418503812e-85,8.66415789817e-47,2.06518730534e-26,4.57941564844e-98,4751.18950629,24.6653874779,183.114049656,-44.0874373144,95.1013529079,-4.10829082622,184.470435686,13.2954918177,54.7552056221,-52.6287566381,74.1969196135,0.0647735774818,0.261073157391,0.75,0.99,0.0217278158987,0.083380852914
