,ftype,K,d,c1,c2,c3,c4,e11,e12,e21,e22,e31,e32,e41,e42,a1,lb1,ub1,lb2,ub2,rms_err,max_err
0,MA,4,2,1.00494892821,1.17551900471,1.75291070872,2.00970243652,38.6247163556,0.704015609813,2.82028996747,0.944737758367,1.4207132418,1.15184350917,4.48999875723,1.1139257772,1,0.0647735774818,0.261073157391,0.75,0.99,0.0278825952502,0.0637534180322
