,ftype,K,d,c1,c2,c3,c4,c5,e11,e12,e21,e22,e31,e32,e41,e42,e51,e52,a1,lb1,ub1,lb2,ub2,rms_err,max_err
0,MA,5,2,1.12955043672,1.81150038299,1.7110564668,1.1139985589,1.53476020205,0.997276798364,1.39532192516,1.06375626843,5.56373259092,1.10048613989,2.39887604777,0.92986963451,2.64777334612,1.11380021698,1.318373737,1,0.0647735774818,0.261073157391,0.75,0.99,0.0262954436109,0.0795221041811
