,ftype,K,d,c1,c2,c3,c4,c5,e11,e12,e21,e22,e31,e32,e41,e42,e51,e52,a1,lb1,ub1,lb2,ub2,rms_err,max_err
0,SMA,5,2,3.62430500732e+159,0.29209356346,3.23773138052e-12,0.186463352237,0.14854147436,277.273277986,17.8859103577,1.10910716394,1.09728060773,-7.44589142279,0.558120532154,1.10551511497,9.13239339324,0.962874659479,52.8660716154,1.40352578586,0.0647735774818,0.261073157391,0.75,0.99,0.00534471675385,0.0161836067262
