,ftype,K,d,c1,c2,c3,c4,c5,e11,e12,e21,e22,e31,e32,e41,e42,e51,e52,a1,lb1,ub1,lb2,ub2,rms_err,max_err
0,SMA,5,2,0.386480461923,0.0352499723004,0.000876932573125,0.523949746113,1.30394290494e-10,0.159281429456,1.22249790925,0.115605752326,41.3806672265,-0.999906019326,7.10475034651,0.101555069254,-0.296748666468,-6.53648181692,-1.55103906271,0.152050554092,0.0647735774818,0.261073157391,0.75,0.99,0.00632139885383,0.0271615441603
