,ftype,K,d,c1,c2,c3,c4,c5,e11,e12,e21,e22,e31,e32,e41,e42,e51,e52,a1,lb1,ub1,lb2,ub2,rms_err,max_err
0,MA,5,2,0.0193399443346,0.0509147834817,0.990749587,0.907904173067,0.257706198468,1.53303356644,-1.11738617955,32.7334056068,-0.883319566771,1.86882414614,0.739677882999,5.88244693707,0.499531758198,1.80445306266,-0.00387887476069,1,0.0647735774818,0.261073157391,0.75,0.99,0.0207483102925,0.0596719636997
