,ftype,K,d,c1,c2,c3,c4,c5,e11,e12,e21,e22,e31,e32,e41,e42,e51,e52,a1,lb1,ub1,lb2,ub2,rms_err,max_err
0,MA,5,2,0.448258952551,0.61888884435,0.94504150286,1.89465555153,1.58252707142,0.625900203986,1.83690224178,0.8115371125,0.981090064803,0.806479195395,6.02267544684,1.0956031968,4.59683324974,1.11618888482,1.42399005316,1,0.0647735774818,0.261073157391,0.75,0.99,0.0251430694384,0.0600929879951
