,ftype,K,d,c1,c2,c3,c4,c5,e11,e12,e21,e22,e31,e32,e41,e42,e51,e52,a1,lb1,ub1,lb2,ub2,rms_err,max_err
0,SMA,5,2,0.0675260920215,0.202521635026,80.6180850387,1.30407150931e-07,0.034522877328,1.25497740221,0.131251409457,1.4319502986,5.34689408628,6.60857069758,33.2382778727,-3.53611762507,2.84354454594,0.73432359139,41.9348367508,1.75575906715,0.0647735774818,0.261073157391,0.75,0.99,0.00462046311974,0.0115752822863
