,ftype,K,d,c1,c2,c3,c4,c5,e11,e12,e21,e22,e31,e32,e41,e42,e51,e52,a1,lb1,ub1,lb2,ub2,rms_err,max_err
0,MA,5,2,2.70265050789,0.351487514164,2.71906808239,2.58088695411,0.33189818366,1.20074419646,7.19921333792,0.5074648982,2.44779846117,1.28252113233,2.18223980196,1.31909545668,1.22104862848,0.543364425277,1.31444856441,1,0.0647735774818,0.261073157391,0.75,0.99,0.0360295808682,0.084842394373
