,ftype,K,d,c1,c2,c3,c4,e11,e12,e21,e22,e31,e32,e41,e42,a1,lb1,ub1,lb2,ub2,rms_err,max_err
0,SMA,4,2,5.34679710176e-19,0.265781164547,0.249396900226,0.35922143211,-12.6628136674,1.42190793109,1.64711928417,1.79879809492,1.67913609182,11.1356664035,1.66297731957,54.2559774764,1.99221291568,0.0647735774818,0.261073157391,0.75,0.99,0.00665492252992,0.016834488293
