,ftype,K,d,c1,c2,c3,c4,e11,e12,e21,e22,e31,e32,e41,e42,a1,lb1,ub1,lb2,ub2,rms_err,max_err
0,MA,4,2,3.52526239033,3.35087863781,0.0196626818379,3.4563501788,1.32221316224,4.6823616817,1.41347095548,1.30399851728,-0.531753034059,1.6882715864,1.3294076404,4.84400369759,1,0.0647735774818,0.261073157391,0.75,0.99,0.0429902723582,0.106709284505
