,ftype,K,d,c1,c2,c3,c4,c5,e11,e12,e21,e22,e31,e32,e41,e42,e51,e52,a1,lb1,ub1,lb2,ub2,rms_err,max_err
0,MA,5,2,0.0123056624359,0.246571739346,1.28629181564,1.40215811346,0.138455916645,-1.18110625673,1.8343177077,0.132370362679,2.30951552439,0.84030594682,7.65516857672,1.15071698589,1.74952370924,-0.0700714642513,1.26157752189,1,0.0647735774818,0.261073157391,0.75,0.99,0.0326650081552,0.0827659851161
