,ftype,K,d,c1,c2,c3,c4,c5,e11,e12,e21,e22,e31,e32,e41,e42,e51,e52,a1,lb1,ub1,lb2,ub2,rms_err,max_err
0,SMA,5,2,0.214283416632,0.125688193608,0.194090720943,0.213799503171,0.213101533761,-0.0590596599526,-0.0821371777164,32.6193106761,1.18061362112,1.14936927538,0.0123953427646,-0.0582716765765,-0.0817671141097,-0.0615819257191,-0.081843478742,0.117459411038,0.0647735774818,0.261073157391,0.75,0.99,0.0131289776148,0.0285805266679
