,ftype,K,d,c1,c2,c3,e11,e12,e21,e22,e31,e32,a1,lb1,ub1,lb2,ub2,rms_err,max_err
0,SMA,3,2,0.0531944711079,0.0583579482247,0.937347585103,1.17794828227,12.8555982395,0.0470351908053,337.658092432,-0.0198589665279,0.0419494105397,0.050272029577,0.0647735774818,0.261073157391,0.75,0.99,0.00859460489004,0.0209819212462
