,ftype,K,d,c1,c2,c3,c4,c5,e11,e12,e21,e22,e31,e32,e41,e42,e51,e52,a1,lb1,ub1,lb2,ub2,rms_err,max_err
0,SMA,5,2,1.9209503387e-28,1.84284813972e+18,7.34434405108e-33,2.07763626991e+18,5.45230797879e+17,242.139545832,-11.8438817342,901.765505851,30.7563415017,55.9702493175,-10.90359937,30.1602932196,39.6745734697,74.7165412908,35.932065056,29.2529092566,0.0647735774818,0.261073157391,0.75,0.99,0.0355996473654,0.10855286158
