,ftype,K,d,c1,c2,c3,c4,c5,e11,e12,e21,e22,e31,e32,e41,e42,e51,e52,a1,lb1,ub1,lb2,ub2,rms_err,max_err
0,SMA,5,2,0.00265269424461,0.00331812434566,2.77049428781,53.5752515523,0.000675131448455,-1.77871843444,10.897848692,-1.25653957085,1.98745609001,2.98918372202,55.6936362315,6.19696132055,5.82188698634,-2.3167243088,50.7288541916,2.51980328071,0.0647735774818,0.261073157391,0.75,0.99,0.0100119622504,0.0274942830929
