,ftype,K,d,c1,c2,c3,c4,c5,e11,e12,e21,e22,e31,e32,e41,e42,e51,e52,a1,lb1,ub1,lb2,ub2,rms_err,max_err
0,SMA,5,2,0.550880680325,1386.70277255,2.81057001775e+80,0.00031601634007,0.000483403325401,3.91970235088,4.1358458169,-1.99387463832,1587.41253651,7.42890335137,17921.2575298,-1.83053146159,4.90771180899,-2.32868973734,21.3650644529,3.39756169329,0.0647735774818,0.261073157391,0.75,0.99,0.0119623526033,0.0363191379569
