,ftype,K,d,c1,c2,c3,c4,c5,e11,e12,e21,e22,e31,e32,e41,e42,e51,e52,a1,lb1,ub1,lb2,ub2,rms_err,max_err
0,SMA,5,2,0.0874031282334,1.99300184862e-05,0.0639817592532,0.471651977135,0.423302926272,-0.471625607676,1.05692581287,1.01883925266,-22.1610493628,0.427481536076,37.6943536989,0.165822013821,-0.00951357173891,0.101273129364,0.0364774068158,0.140953126221,0.0647735774818,0.261073157391,0.75,0.99,0.00735678628082,0.0241500168834
