,ftype,K,d,c1,c2,c3,c4,c5,e11,e12,e21,e22,e31,e32,e41,e42,e51,e52,a1,lb1,ub1,lb2,ub2,rms_err,max_err
0,SMA,5,2,4.56772262727e-12,53443.944649,399871.589573,1.54662401981e-18,2.37264027499e-11,-4.18872427473,31.1281583995,10.334290448,63.9300065927,12.9980995385,13.5814620439,-8.17624777693,11.787397035,-5.31574079342,122.518436399,11.2073990731,0.0647735774818,0.261073157391,0.75,0.99,0.0286128091089,0.087209405759
