,ftype,K,d,c1,c2,c3,c4,c5,e11,e12,e21,e22,e31,e32,e41,e42,e51,e52,a1,lb1,ub1,lb2,ub2,rms_err,max_err
0,MA,5,2,0.0119186933103,0.876915380668,0.00843418553592,1.5265189149,0.0919475343654,-1.27098653754,1.69145671777,0.59669577759,7.1044763372,-1.36837973723,1.69447720653,1.15672717466,1.90695096535,-0.369238001112,1.52479274679,1,0.0647735774818,0.261073157391,0.75,0.99,0.032645799598,0.0805854233208
