,ftype,K,d,c1,c2,c3,c4,c5,e11,e12,e21,e22,e31,e32,e41,e42,e51,e52,a1,lb1,ub1,lb2,ub2,rms_err,max_err
0,MA,5,2,0.197867408639,0.28706124816,0.404023466293,0.25199807463,0.220621484619,-0.551979078409,0.923465100215,-0.440127183995,2.99627023504,-0.239114516051,4.04401651889,-0.480869440065,1.77345215535,-0.522510323656,1.19112187185,1,0.0647735774818,0.261073157391,0.75,0.99,0.0135495842262,0.0294259301831
