,ftype,K,d,c1,c2,c3,c4,c5,e11,e12,e21,e22,e31,e32,e41,e42,e51,e52,a1,lb1,ub1,lb2,ub2,rms_err,max_err
0,MA,5,2,0.011742310703,1.6384171624,0.138343582464,0.507390232924,1.32042545987,1.78757252534,-1.21702521087,7.37550440633,1.00682337502,1.53858551609,-0.118467291794,6.39615550823,0.374321555896,1.76475357812,1.1141970896,1,0.0647735774818,0.261073157391,0.75,0.99,0.0283876285511,0.0788327764133
