,ftype,K,d,c1,c2,c3,c4,c5,e11,e12,e21,e22,e31,e32,e41,e42,e51,e52,a1,lb1,ub1,lb2,ub2,rms_err,max_err
0,SMA,5,2,176.637751492,91606722314.6,0.130707907572,0.0661456724405,0.015097587513,6.32030518414,2.33774790145,3.44188725185,2380.61377278,-0.368725336781,0.180193994849,-0.650673193097,5.30064684439,-0.827581187855,32.2145934712,0.784348367081,0.0647735774818,0.261073157391,0.75,0.99,0.00996499528982,0.0285023992714
