,ftype,K,d,c1,c2,c3,c4,c5,e11,e12,e21,e22,e31,e32,e41,e42,e51,e52,a1,lb1,ub1,lb2,ub2,rms_err,max_err
0,SMA,5,2,0.528133343302,0.399400718516,1902.83435143,0.00167508225383,0.0422787274199,0.129346571661,-0.0434776020411,-0.144465924106,0.346463821741,9.48407487195,3.84460749879,1.77338649176,-12.2201069834,0.480729693113,37.9169072959,0.109834186767,0.0647735774818,0.261073157391,0.75,0.99,0.00522345289899,0.0135392172584
