,ftype,K,d,c1,c2,c3,c4,c5,e11,e12,e21,e22,e31,e32,e41,e42,e51,e52,a1,lb1,ub1,lb2,ub2,rms_err,max_err
0,MA,5,2,0.315598383156,0.274670574902,0.278558269688,0.396140206121,0.240962479247,-0.389243990656,1.8155317537,-0.429983373772,1.07686835269,-0.407276908231,1.06735167287,-0.296357817569,3.44821171024,-0.466578234204,0.759288008082,1,0.0647735774818,0.261073157391,0.75,0.99,0.0128271701856,0.0343528185504
