,ftype,K,d,c1,c2,c3,c4,c5,e11,e12,e21,e22,e31,e32,e41,e42,e51,e52,a1,lb1,ub1,lb2,ub2,rms_err,max_err
0,SMA,5,2,0.00089414622072,39.8399357519,2.06706265109,0.00112407521607,1.38613394552e+58,-1.59698098312,3.93961595913,-1.86181626512,1178.40193772,4.45755575151,4.03099596422,-2.07397019589,19.1143999904,6.2956563147,12916.8569507,2.99114824854,0.0647735774818,0.261073157391,0.75,0.99,0.0110524926054,0.0321819018064
