,ftype,K,d,c1,c2,c3,c4,c5,e11,e12,e21,e22,e31,e32,e41,e42,e51,e52,a1,lb1,ub1,lb2,ub2,rms_err,max_err
0,SMA,5,2,0.136289503973,6.00545212744e-08,4.20208261542,53.4346609319,0.000414564939533,1.24012933101,18.1885362953,-4.45047878315,12.947846041,3.39704554448,4.35418100188,4.57855146327,54.9920071468,-1.78175667816,59.0146857905,4.78966446738,0.0647735774818,0.261073157391,0.75,0.99,0.0103943346297,0.0299245632703
