,ftype,K,d,c1,c2,c3,c4,c5,e11,e12,e21,e22,e31,e32,e41,e42,e51,e52,a1,lb1,ub1,lb2,ub2,rms_err,max_err
0,SMA,5,2,8.44725717474e+19,7.11258662553e+19,1.39923900044e+19,7.67790989824e-88,1.33239971495e-72,61.9356886038,128.291375486,66.2414148885,63.9012805524,56.9413725258,348.509032255,-41.3859430653,77.4607416514,-32.90169993,279.100262147,47.8254216413,0.0647735774818,0.261073157391,0.75,0.99,0.0153950241011,0.0575067010007
