,ftype,K,d,c1,c2,c3,c4,c5,e11,e12,e21,e22,e31,e32,e41,e42,e51,e52,a1,lb1,ub1,lb2,ub2,rms_err,max_err
0,MA,5,2,0.390153604026,0.538524314902,0.354281125515,0.550096475151,0.32222852007,-0.286011478436,2.67740402473,-0.106465618129,3.83830525407,-0.29424767357,1.38677962686,0.0372175512978,1.19140739826,-0.332412801517,1.12175705366,1,0.0647735774818,0.261073157391,0.75,0.99,0.00546950885974,0.0127726773499
