,ftype,K,d,c1,c2,c3,c4,c5,e11,e12,e21,e22,e31,e32,e41,e42,e51,e52,a1,lb1,ub1,lb2,ub2,rms_err,max_err
0,MA,5,2,0.249989528332,0.452594472949,0.286700899397,0.222832064325,0.329940883305,1.06994208165,-0.472399643209,3.93677427636,-0.197777624056,1.59905704433,-0.426185372092,0.797539989811,-0.504585545691,2.91116174586,-0.381904923015,1,0.0647735774818,0.261073157391,0.75,0.99,0.0131112287978,0.036799712856
