,ftype,K,d,c1,c2,c3,c4,c5,e11,e12,e21,e22,e31,e32,e41,e42,e51,e52,a1,lb1,ub1,lb2,ub2,rms_err,max_err
0,MA,5,2,0.234592785759,0.383230529822,0.221246510259,0.27630115638,0.302469133141,0.807126828085,-0.484728259943,3.4777203131,-0.312378731966,0.91576332854,-0.502460671565,1.21126978711,-0.432807812003,1.94105042146,-0.410422558922,1,0.0647735774818,0.261073157391,0.75,0.99,0.0132781627834,0.0370596922295
