,ftype,K,d,c1,c2,c3,c4,c5,e11,e12,e21,e22,e31,e32,e41,e42,e51,e52,a1,lb1,ub1,lb2,ub2,rms_err,max_err
0,MA,5,2,1.11307637077,1.36366341461,0.091149425567,0.27468691935,0.0121133400783,0.747888695449,7.42958087443,1.12031442057,1.78082068018,-0.335534331823,1.3380634866,0.085720276535,3.78862713446,-1.24719370039,1.71881091944,1,0.0647735774818,0.261073157391,0.75,0.99,0.0297698048085,0.0687920605456
