,ftype,K,d,c1,c2,c3,c4,c5,e11,e12,e21,e22,e31,e32,e41,e42,e51,e52,a1,lb1,ub1,lb2,ub2,rms_err,max_err
0,SMA,5,2,5.97382363933e-16,102.263074885,1.64402624814e-08,1.91983851079e-07,506.640858365,-8.34906667339,7.69194283712,5.53137990025,47.5036624382,-3.40005149507,24.4873395541,-3.58480133008,97.2681394756,7.44295808182,8.90982311197,7.68240296104,0.0647735774818,0.261073157391,0.75,0.99,0.0213252026857,0.0667313095133
