,ftype,K,d,c1,c2,c3,c4,c5,e11,e12,e21,e22,e31,e32,e41,e42,e51,e52,a1,lb1,ub1,lb2,ub2,rms_err,max_err
0,SMA,5,2,3.13753452912e+16,2.97268884644e-09,6.60751657967e-05,2.26562187906e-09,26.953776176,-5.85784358159,5726.04667413,-4.12403711636,13.7305205585,2.55820488728,12.0553655717,-5.98614124149,43.0802357441,9.82946645996,63.6238997156,8.14397173835,0.0647735774818,0.261073157391,0.75,0.99,0.0151076112618,0.050202353989
