,ftype,K,d,c1,c2,c3,c4,c5,e11,e12,e21,e22,e31,e32,e41,e42,e51,e52,a1,lb1,ub1,lb2,ub2,rms_err,max_err
0,MA,5,2,0.012477309548,0.689411432694,1.93438211091,0.406871443693,2.2107421055,-1.09780216911,1.85750938095,0.560955895166,5.91912292131,1.30211894839,1.73664409509,0.44718946104,1.65822363235,1.17982501225,6.46080548573,1,0.0647735774818,0.261073157391,0.75,0.99,0.029164846735,0.107215807892
