,ftype,K,d,c1,c2,c3,c4,c5,e11,e12,e21,e22,e31,e32,e41,e42,e51,e52,a1,lb1,ub1,lb2,ub2,rms_err,max_err
0,SMA,5,2,54.1289566489,8.39446362825,8.23161556383e-06,44888.4995052,1.01277272181e-09,5.84015562297,5.60464970633,4.10688831863,21.8094549509,-2.63880033904,69.2186165351,4.92613812296,746.972974326,-4.93140490315,15.6651556541,6.46192531874,0.0647735774818,0.261073157391,0.75,0.99,0.0170607126253,0.0507251080298
