,ftype,K,d,c1,c2,c3,c4,c5,e11,e12,e21,e22,e31,e32,e41,e42,e51,e52,a1,lb1,ub1,lb2,ub2,rms_err,max_err
0,MA,5,2,4.22348893914,0.0267649286037,0.0214925742563,4.35518611287,3.53965196209,1.59638747488,1.09867550214,-0.750015519947,7.61905406231,-0.682449457446,1.74893545302,1.53399256454,2.18540649272,1.33504452044,7.42882029464,1,0.0647735774818,0.261073157391,0.75,0.99,0.0430573743684,0.129927896416
