,ftype,K,d,c1,c2,c3,c4,e11,e12,e21,e22,e31,e32,e41,e42,a1,lb1,ub1,lb2,ub2,rms_err,max_err
0,SMA,4,2,858.006477691,5.28870423952e-05,5.01319827314e-06,5.27281875549,-3.216208795,1833.3263631,-1.7516613572,5.94343016705,-3.87964053813,26.6030543381,6.37061599355,8.40669703483,4.18393026244,0.0647735774818,0.261073157391,0.75,0.99,0.0207907873146,0.0766984399267
