,ftype,K,d,c1,c2,c3,c4,c5,e11,e12,e21,e22,e31,e32,e41,e42,e51,e52,a1,lb1,ub1,lb2,ub2,rms_err,max_err
0,SMA,5,2,0.247369371808,0.288309574314,0.0660970834088,86543085.7639,0.287589797651,1.12502001799,-0.0521073164542,-0.151846064012,-0.0733687445576,36.9152587633,0.75614563965,3.54270459259,17.3308182589,-0.151583757951,-0.0735097266255,0.116096709928,0.0647735774818,0.261073157391,0.75,0.99,0.0105871982534,0.0272709777449
