,ftype,K,d,c1,c2,c3,c4,c5,e11,e12,e21,e22,e31,e32,e41,e42,e51,e52,a1,lb1,ub1,lb2,ub2,rms_err,max_err
0,SMA,5,2,0.0018176290554,2.79009262062e+39,0.00113676667357,0.00103006369499,12.2009278801,9.94471796907,-1.8092521139,8902.56298741,4.00061145494,37.1791249111,-2.02902540446,1.37030272913,-1.33528608065,5.51698084955,5.35424002183,2.78230768655,0.0647735774818,0.261073157391,0.75,0.99,0.01016591748,0.0307307050478
