,ftype,K,d,c1,c2,c3,c4,c5,e11,e12,e21,e22,e31,e32,e41,e42,e51,e52,a1,lb1,ub1,lb2,ub2,rms_err,max_err
0,MA,5,2,0.215826464796,0.00720663299506,3.7305921996,0.141429426661,3.38641269086,-0.00433409385689,1.94937520079,-1.27757262421,1.91257991789,1.24887608155,1.26825588516,-0.350402862776,8.74850634847,1.06449593773,4.63795607827,1,0.0647735774818,0.261073157391,0.75,0.99,0.0320124478948,0.0963730925423
