,ftype,K,d,c1,c2,c3,c4,c5,e11,e12,e21,e22,e31,e32,e41,e42,e51,e52,a1,lb1,ub1,lb2,ub2,rms_err,max_err
0,MA,5,2,0.25745960473,0.181990275606,0.209645215471,0.196104235,0.446081366601,3.86491252089,-0.483244951599,1.23769677058,-0.579025849027,1.87914754367,-0.546101383204,1.53489715994,-0.563939257074,4.64858890938,-0.12666610811,1,0.0647735774818,0.261073157391,0.75,0.99,0.0116940178425,0.0258601703383
