,ftype,K,d,c1,c2,c3,c4,c5,e11,e12,e21,e22,e31,e32,e41,e42,e51,e52,a1,lb1,ub1,lb2,ub2,rms_err,max_err
0,MA,5,2,0.497601014007,1.29541677746,0.0118369639083,1.46307014559,0.121034101168,0.352847100251,6.4586499397,1.10060180188,1.76693385427,-1.23046813532,1.76509803084,0.933082185907,7.42286147741,-0.194576365353,1.51484518471,1,0.0647735774818,0.261073157391,0.75,0.99,0.0283322242541,0.0741328257267
