,ftype,K,d,c1,c2,c3,c4,c5,e11,e12,e21,e22,e31,e32,e41,e42,e51,e52,a1,lb1,ub1,lb2,ub2,rms_err,max_err
0,MA,5,2,0.180188891454,0.239997317689,0.35429046014,0.275534151456,0.213863218966,1.04428122317,-0.587046661538,1.09196343735,-0.489427890747,3.54404669099,-0.347220213386,1.73031789738,-0.447827296738,0.82751064312,-0.522095298835,1,0.0647735774818,0.261073157391,0.75,0.99,0.0138838086559,0.0341938676764
