,ftype,K,d,c1,c2,c3,c4,c5,e11,e12,e21,e22,e31,e32,e41,e42,e51,e52,a1,lb1,ub1,lb2,ub2,rms_err,max_err
0,SMA,5,2,1.67938834786,0.000273736667455,0.0913383729027,1.03626647977,2.94410734656e-10,5.11524956329,1.35298609871,11.7584471626,-2.31527721756,59.7025395436,-0.0683746258527,-0.442078713263,1.6407679249,0.628933758031,-6.52580169783,1.88357634549,0.0647735774818,0.261073157391,0.75,0.99,0.0156381627557,0.0424470987606
