,ftype,K,d,c1,c2,c3,c4,e11,e12,e21,e22,e31,e32,e41,e42,a1,lb1,ub1,lb2,ub2,rms_err,max_err
0,SMA,4,2,0.862274939152,159119.19701,0.0192050923074,0.0492508528217,-0.0441880305677,0.0644420845468,12.8322164264,2.68433325685,-0.0532080384099,6.61188753509,0.940169402868,46.8697306719,0.0745035571697,0.0647735774818,0.261073157391,0.75,0.99,0.0103509857242,0.0290114609648
