,ftype,K,d,c1,c2,c3,c4,c5,e11,e12,e21,e22,e31,e32,e41,e42,e51,e52,a1,lb1,ub1,lb2,ub2,rms_err,max_err
0,SMA,5,2,0.0441661947959,104.942389028,0.100413760239,2.95690819854e-07,0.214490627686,-0.643138951848,6.07213976002,5.40643751106,14.5219771291,-0.102158237714,58.8119288778,-4.53444766081,7.97872588412,1.11441032243,0.279300400073,2.72507353785,0.0647735774818,0.261073157391,0.75,0.99,0.00466937537029,0.0121812731885
