,ftype,K,d,c1,c2,c3,e11,e12,e21,e22,e31,e32,a1,lb1,ub1,lb2,ub2,rms_err,max_err
0,SMA,3,2,0.0570453833444,0.923463727104,0.0982268404194,11.3081056524,1.0410325323,0.0430527051748,-0.0248291038628,344.428404274,0.223116165359,0.0584814738211,0.0647735774818,0.261073157391,0.75,0.99,0.0100559935575,0.0276999867282
