,ftype,K,d,c1,c2,c3,c4,c5,e11,e12,e21,e22,e31,e32,e41,e42,e51,e52,a1,lb1,ub1,lb2,ub2,rms_err,max_err
0,SMA,5,2,0.214490627686,0.100413760239,104.942389028,2.95690819854e-07,0.0441661947959,0.279300400073,1.11441032243,58.8119288778,-0.102158237714,14.5219771291,5.40643751106,7.97872588412,-4.53444766081,6.07213976002,-0.643138951848,2.72507353785,0.0647735774818,0.261073157391,0.75,0.99,0.00466937537029,0.0121812731885
