,ftype,K,d,c1,c2,c3,c4,c5,e11,e12,e21,e22,e31,e32,e41,e42,e51,e52,a1,lb1,ub1,lb2,ub2,rms_err,max_err
0,SMA,5,2,7.30916080204e-08,0.476831066333,0.0172559277154,44.1230599899,0.0602417581149,-4.87719671881,6.542559103,1.18480312264,1.8235950346,-0.870884908671,8.77329987517,4.44143353789,23.5845613092,-0.301766274301,67.9760395607,2.78158732848,0.0647735774818,0.261073157391,0.75,0.99,0.00517216557534,0.0121487771628
