,ftype,K,d,c1,c2,c3,c4,c5,e11,e12,e21,e22,e31,e32,e41,e42,e51,e52,a1,lb1,ub1,lb2,ub2,rms_err,max_err
0,SMA,5,2,1.72636935044e-07,25.8627651279,0.0137115302994,0.99496795213,0.012583197242,-4.53037697418,7.15473402513,3.82709969382,34.3420300048,-0.820431625393,74.1834410929,1.63757421708,2.55126847996,-0.768126276904,12.7224317077,3.02263629154,0.0647735774818,0.261073157391,0.75,0.99,0.0066353147691,0.0176642607664
