,ftype,K,d,c1,c2,c3,c4,c5,e11,e12,e21,e22,e31,e32,e41,e42,e51,e52,a1,lb1,ub1,lb2,ub2,rms_err,max_err
0,SMA,5,2,1.86829523556e-119,4.74470790397e-67,6.47279323783e+26,1.57510605307e-217,0.573159211039,-43.6097393274,144.305199914,4.12112579173,355.230412629,134.08204487,220.20376347,-145.484277494,186.193429993,73.5862740049,762.261641397,110.376087424,0.0647735774818,0.261073157391,0.75,0.99,0.0327419542475,0.0986601127725
