,ftype,K,d,c1,c2,c3,c4,c5,e11,e12,e21,e22,e31,e32,e41,e42,e51,e52,a1,lb1,ub1,lb2,ub2,rms_err,max_err
0,SMA,5,2,3.23792752859,54.6951070929,0.000672098330045,1.16428648433,3.0977484921e-07,2.48849280719,7.86614690169,4.18999563158,47.5554451054,-1.60833794977,45.4136147973,2.66007190759,1.01606037044,-4.16949200768,6.44577392336,4.13837725407,0.0647735774818,0.261073157391,0.75,0.99,0.00978480932094,0.0256879874351
