,ftype,K,d,c1,c2,c3,c4,e11,e12,e21,e22,e31,e32,e41,e42,a1,lb1,ub1,lb2,ub2,rms_err,max_err
0,SMA,4,2,432.223908289,0.240276386369,0.0840003529578,0.127502916083,6.75562506066,2.98844013726,-0.168694364623,-0.221774708411,-0.621779203303,3.75842442844,0.302412285814,41.0344322703,0.492680505792,0.0647735774818,0.261073157391,0.75,0.99,0.0126325045661,0.0379801487829
