,ftype,K,d,c1,c2,c3,c4,c5,e11,e12,e21,e22,e31,e32,e41,e42,e51,e52,a1,lb1,ub1,lb2,ub2,rms_err,max_err
0,SMA,5,2,0.0140899590784,8.68296124233e+65,9.84952889093,0.419015509824,0.441210628533,0.0281789003301,41.0432781704,117.709577473,-0.257622544691,4.84629372832,9.89298125099,0.0044813372095,0.718550052442,-0.086287615758,-0.312811072613,0.107410319383,0.0647735774818,0.261073157391,0.75,0.99,0.00773123078055,0.0188455089219
