,ftype,K,d,c1,c2,c3,c4,c5,e11,e12,e21,e22,e31,e32,e41,e42,e51,e52,a1,lb1,ub1,lb2,ub2,rms_err,max_err
0,SMA,5,2,0.59696146109,0.253121295953,1.12209441646e+76,5.90005731103,0.00799375957032,-0.0812801955124,-0.167870366497,0.0487145057116,1.19745161492,134.92197904,-0.155351401421,4.34114121808,11.8343292665,-0.329823997545,49.3458303939,0.116529010495,0.0647735774818,0.261073157391,0.75,0.99,0.00786212423415,0.0191803902184
