,ftype,K,d,c1,c2,c3,c4,c5,e11,e12,e21,e22,e31,e32,e41,e42,e51,e52,a1,lb1,ub1,lb2,ub2,rms_err,max_err
0,MA,5,2,3.53557415038,0.0200917860658,0.232353692809,3.69231502425,0.0161673901444,5.15566962874,1.34481729355,2.66569607905,-0.765140963565,197.119496904,-0.644527358355,1.40299790631,1.51578889081,1.49180761266,-0.772485945887,1,0.0647735774818,0.261073157391,0.75,0.99,0.0431282102032,0.119540330235
