,ftype,K,d,c1,c2,c3,c4,c5,e11,e12,e21,e22,e31,e32,e41,e42,e51,e52,a1,lb1,ub1,lb2,ub2,rms_err,max_err
0,SMA,5,2,0.413666925507,0.420631091805,0.00776286042628,5.35505722678e+19,0.746931574318,-0.0847375739086,-0.283369286017,-0.0129053575021,0.641500984651,-0.25056913898,48.3700117185,38.2129576954,-0.206703576425,2.57165850027,12.6419181975,0.106322994492,0.0647735774818,0.261073157391,0.75,0.99,0.00874849663292,0.0236564782512
