,ftype,K,d,c1,c2,c3,c4,c5,e11,e12,e21,e22,e31,e32,e41,e42,e51,e52,a1,lb1,ub1,lb2,ub2,rms_err,max_err
0,SMA,5,2,2.27168492113,18.5745736109,1.34953290212e-08,1.3525238415e-05,0.197721048227,3.58882967694,8.20901878245,4.42141325618,51.2653787927,-4.69290972536,3.87632321952,-2.07560491513,34.1068064084,3.95595640806,-0.939106599669,3.74326422881,0.0647735774818,0.261073157391,0.75,0.99,0.0280339753986,0.0734622322528
