,ftype,K,d,c1,c2,c3,c4,c5,e11,e12,e21,e22,e31,e32,e41,e42,e51,e52,a1,lb1,ub1,lb2,ub2,rms_err,max_err
0,SMA,5,2,3.62427179167,5.48582208488e-21,56.0803777886,8.75749043004e-16,1955.56874221,9.05261304531,22.8274443646,-11.5058933651,12.2329919177,11.1250889765,13.8470777245,-7.66237926798,60.7790438872,11.0143597681,72.2835806289,9.91735611423,0.0647735774818,0.261073157391,0.75,0.99,0.024690988647,0.0508870314921
