,ftype,K,d,c1,c2,c3,c4,c5,e11,e12,e21,e22,e31,e32,e41,e42,e51,e52,a1,lb1,ub1,lb2,ub2,rms_err,max_err
0,MA,5,2,5.79020000194,0.108426223451,0.000967192683093,7.11995056761,0.103967428196,1.41619358363,3.90487806217,-0.173319792755,1.70690608129,-1.95203297499,1.91669910518,1.63565707086,1.05449407622,-0.312534901572,6.3525916549,1,0.0647735774818,0.226015552419,0.75,0.99,0.0460804320091,0.128155882766
