,ftype,K,d,c1,c2,c3,c4,c5,e11,e12,e21,e22,e31,e32,e41,e42,e51,e52,a1,lb1,ub1,lb2,ub2,rms_err,max_err
0,SMA,5,2,8.70787001477,7.38262077915e+97,0.00948336932319,0.117473546817,0.704484467458,4.53829005184,11.5262811967,172.205466448,-0.0427721611679,-0.365775726033,49.5606393689,0.204017546285,2.74723898452,-0.084932391267,-0.00791371395144,0.146807992768,0.0647735774818,0.261073157391,0.75,0.99,0.00796135157143,0.0195259389475
