,ftype,K,d,c1,c2,c3,c4,c5,e11,e12,e21,e22,e31,e32,e41,e42,e51,e52,a1,lb1,ub1,lb2,ub2,rms_err,max_err
0,SMA,5,2,0.775043269035,0.012158211643,0.0273734365398,51.9190632501,0.144277981545,0.00921380793028,0.110268863544,0.313179160829,63.4025978727,0.508027939487,11.3760865748,6.77888870267,1.06520244686,-0.158533846806,-0.175142909386,0.0649744507683,0.0647735774818,0.261073157391,0.75,0.99,0.0064855257068,0.0161043724201
