,ftype,K,d,c1,c2,c3,c4,c5,e11,e12,e21,e22,e31,e32,e41,e42,e51,e52,a1,lb1,ub1,lb2,ub2,rms_err,max_err
0,SMA,5,2,8.93829656574,2.92751320594e-08,143.334631419,8.67298043529,3.92390059708e-05,3.57437665446,13.9139664478,-4.57322960043,8.34836550462,4.90217874174,56.5199252963,3.86646672272,3.69782950262,-2.34825488424,50.0868402097,5.30740191272,0.0647735774818,0.261073157391,0.75,0.99,0.0113605536653,0.0296554380026
