,ftype,K,d,c1,c2,c3,c4,c5,e11,e12,e21,e22,e31,e32,e41,e42,e51,e52,a1,lb1,ub1,lb2,ub2,rms_err,max_err
0,MA,5,2,0.095392572761,4.73731154296,0.154455994885,0.00349304419305,5.37581616989,-0.422956532428,6.44209515903,1.25201125345,3.74342890386,-0.103757102391,1.65455979722,-1.53101151994,1.71732042624,1.42969039337,1.0196818191,1,0.0647735774818,0.261073157391,0.75,0.99,0.048861664507,0.134445830833
