,ftype,K,d,c1,c2,c3,c4,c5,e11,e12,e21,e22,e31,e32,e41,e42,e51,e52,a1,lb1,ub1,lb2,ub2,rms_err,max_err
0,MA,5,2,6.26120725516,0.0714469277499,5.29675035648,11.0746385896,0.0885955610207,1.52604485301,1.02788668119,-0.391243430493,1.72383863591,1.32799290596,3.85162024259,1.89504470017,1.97907035523,-0.425753963051,6.36483884082,1,0.0647735774818,0.242912728957,0.75,0.99,0.0491872787701,0.154037987835
