,ftype,K,d,c1,c2,c3,c4,c5,e11,e12,e21,e22,e31,e32,e41,e42,e51,e52,a1,lb1,ub1,lb2,ub2,rms_err,max_err
0,MA,5,2,2.58364476111,2.57552096295,2.5531208422,2.71839664323,0.0130614415628,1.36751132476,1.42309933657,1.18686363964,6.85942821357,1.38828111924,1.35137233658,1.30817008311,2.58658001916,-0.98550239608,2.21780072236,1,0.0647735774818,0.261073157391,0.75,0.99,0.0371783748146,0.14054180621
