,ftype,K,d,c1,c2,c3,c4,e11,e12,e21,e22,e31,e32,e41,e42,a1,lb1,ub1,lb2,ub2,rms_err,max_err
0,SMA,4,2,9.94408116794e+20,1.40049386408e+18,1.50626363249e-29,1.7265935914e-33,26.5859293698,40.9185679536,108.19771465,34.7017895919,155.43459372,-11.1851463023,43.1418896272,-11.90826211,24.6095390666,0.0647735774818,0.226015552419,0.75,0.99,0.0489366381813,0.129974399162
