,ftype,K,d,c1,c2,c3,c4,c5,e11,e12,e21,e22,e31,e32,e41,e42,e51,e52,a1,lb1,ub1,lb2,ub2,rms_err,max_err
0,SMA,5,2,0.947456624134,0.00289725229014,5.92906345647e-11,0.985515054839,0.00473084854411,4.99353619195,0.50623268036,0.448160468274,40.5402995176,-5.65322863433,-0.558327682082,-0.00370221869388,0.00542232588186,0.390842133256,6.11714461083,0.00931988062006,0.0647735774818,0.261073157391,0.75,0.99,0.00603383115829,0.0144966624799
