,ftype,K,d,c1,c2,c3,c4,c5,e11,e12,e21,e22,e31,e32,e41,e42,e51,e52,a1,lb1,ub1,lb2,ub2,rms_err,max_err
0,MA,5,2,0.17475207705,0.106419689865,4.83633272078,0.00445111289251,4.46327452528,-0.102457735998,1.62081321378,-0.429625813079,6.38498709239,1.33462031034,1.09540783762,-1.48690738926,1.71681334575,1.18207890737,3.76086887814,1,0.0647735774818,0.261073157391,0.75,0.99,0.0357481022549,0.0959896213395
