,ftype,K,d,c1,c2,c3,c4,c5,e11,e12,e21,e22,e31,e32,e41,e42,e51,e52,a1,lb1,ub1,lb2,ub2,rms_err,max_err
0,MA,5,2,0.795454159582,1.33907148207,0.179458568052,0.0571491360895,0.0279405353183,6.68313253857,0.444153775726,1.90615610142,0.951039745813,1.60334235801,-0.138689364501,3.95942540598,-0.712305081498,1.21876746444,-0.921166956894,1,0.0647735774818,0.261073157391,0.75,0.99,0.0268644021081,0.0752379399682
