,ftype,K,d,c1,c2,c3,c4,c5,e11,e12,e21,e22,e31,e32,e41,e42,e51,e52,a1,lb1,ub1,lb2,ub2,rms_err,max_err
0,MA,5,2,0.289445986936,0.124585433168,0.0179829528643,1.24459598078,1.25654540014,0.171723763148,1.65386342427,-0.580499469309,71.3045692452,-1.01397817587,1.26938807984,0.771177794288,6.51221730172,0.987912772307,1.63753108855,1,0.0647735774818,0.261073157391,0.75,0.99,0.0268661364553,0.0660320880802
