,ftype,K,d,c1,c2,c3,c4,c5,e11,e12,e21,e22,e31,e32,e41,e42,e51,e52,a1,lb1,ub1,lb2,ub2,rms_err,max_err
0,SMA,5,2,3.90153400634,6.99174162227e-09,0.0256143084021,0.884715483312,0.0474092835416,4.62398469744,0.550505808643,-4.75997503304,0.0238018178802,0.512600522188,35.6982950148,-0.0244139120127,0.00502255979725,0.137145957992,2.64656843284,0.0618135976952,0.0647735774818,0.261073157391,0.75,0.99,0.00598046746309,0.0138873927718
