,ftype,K,d,c1,c2,c3,c4,e11,e12,e21,e22,e31,e32,e41,e42,a1,lb1,ub1,lb2,ub2,rms_err,max_err
0,SMA,4,2,2.07628691495e+16,6.56151102958e-40,4.21789340941e+18,3.08390534903e-35,35.4505837964,133.921000239,-15.0740015382,46.491581048,41.6710660417,32.0080473591,-14.3725187217,180.757439602,24.6567048576,0.0647735774818,0.231513137534,0.75,0.99,0.0481081697263,0.129333897783
