,ftype,K,d,c1,c2,c3,c4,c5,e11,e12,e21,e22,e31,e32,e41,e42,e51,e52,a1,lb1,ub1,lb2,ub2,rms_err,max_err
0,SMA,5,2,0.0133152937373,0.0129749426329,89.7649386533,0.00502695869663,0.00156190088931,-0.99297787657,50.0561560425,-0.386789409006,-0.476077137851,5.82231159984,5.22345898119,-1.53574853352,7.78536432426,-1.64131013947,4.82633253289,1.61910728272,0.0647735774818,0.261073157391,0.75,0.99,0.0160759500297,0.0517236336452
