,ftype,K,d,c1,c2,c3,c4,c5,e11,e12,e21,e22,e31,e32,e41,e42,e51,e52,a1,lb1,ub1,lb2,ub2,rms_err,max_err
0,SMA,5,2,0.0056337142082,0.455329309781,0.425186541396,9.45663275069e-06,0.534552980412,0.175629022042,38.6678462731,0.0509738994686,-0.229307400734,3.70649643836,6.61724421063,-2.36442815908,-0.68792610512,-0.0340733924627,0.223916342298,0.0213514420662,0.0647735774818,0.261073157391,0.75,0.99,0.00602819367451,0.0149120020861
