,ftype,K,d,c1,c2,c3,c4,c5,e11,e12,e21,e22,e31,e32,e41,e42,e51,e52,a1,lb1,ub1,lb2,ub2,rms_err,max_err
0,MA,5,2,1.25759327542,0.201193255007,0.0253733117628,0.0538609213043,0.862505622229,1.77678041427,0.952645015224,1.57149952822,-0.0499980281818,1.07966476479,-0.916816127665,3.7764987957,-0.694500044378,6.82062567465,0.531180252352,1,0.0647735774818,0.261073157391,0.75,0.99,0.026495155407,0.0717026197739
