,ftype,K,d,c1,c2,c3,c4,c5,e11,e12,e21,e22,e31,e32,e41,e42,e51,e52,a1,lb1,ub1,lb2,ub2,rms_err,max_err
0,SMA,5,2,0.0565296099157,0.0187488003992,0.409565296753,516.579828623,0.40792905498,0.366365682462,4.68520979111,0.212036843194,40.0943086795,-0.0560610899195,0.0357625598733,7.92756382709,5.55434642028,-0.0560459113488,0.0359740864818,0.108581526283,0.0647735774818,0.261073157391,0.75,0.99,0.00776802454633,0.0181694765003
