,ftype,K,d,c1,c2,c3,c4,c5,e11,e12,e21,e22,e31,e32,e41,e42,e51,e52,a1,lb1,ub1,lb2,ub2,rms_err,max_err
0,SMA,5,2,471146.589515,1.18616713553e-44,1713350454.15,6.364452959e-56,3738406.36514,31.4401828818,35.4833455764,-22.8489669857,137.523620651,30.3156485966,167.413983168,-30.5803800308,37.4522865557,30.0675718328,61.7619781312,27.1754965446,0.0647735774818,0.261073157391,0.75,0.99,0.0192163097271,0.0378055030282
