,ftype,K,d,c1,c2,c3,c4,c5,e11,e12,e21,e22,e31,e32,e41,e42,e51,e52,a1,lb1,ub1,lb2,ub2,rms_err,max_err
0,SMA,5,2,4.45045138444e+26,3.73920581251e+27,2.4234452033e+28,8.26592672783e-106,3.17600305446e-126,87.8753614848,92.2613764191,83.3431431101,174.69971132,77.7102255973,648.642338211,-52.6976447034,369.359498953,-64.0119911228,102.520927721,64.1662030719,0.0647735774818,0.261073157391,0.75,0.99,0.0201050452031,0.0693591220296
