,ftype,K,d,c1,c2,c3,c4,c5,e11,e12,e21,e22,e31,e32,e41,e42,e51,e52,a1,lb1,ub1,lb2,ub2,rms_err,max_err
0,MA,5,2,0.977594313468,0.0300071178164,0.173570064336,1.23299181702,0.130039326041,0.588090394874,5.95244762918,-0.894481820556,1.27413261533,-0.142384423939,1.5095424771,0.927925387819,1.73300865925,-0.386883827256,5.43757784709,1,0.0647735774818,0.261073157391,0.75,0.99,0.0272264290189,0.0648499024818
