,ftype,K,d,c1,c2,c3,c4,c5,e11,e12,e21,e22,e31,e32,e41,e42,e51,e52,a1,lb1,ub1,lb2,ub2,rms_err,max_err
0,SMA,5,2,3422136822.6,1229141218.32,793914680.543,1.29698239292e-17,9.37471409618e-19,41.7334361111,18.7682263175,142.109608349,17.0259705942,16.2926726556,19.5669124193,112.484688388,-8.54149011889,29.4996190864,-7.54980793019,17.6208001387,0.0647735774818,0.261073157391,0.75,0.99,0.0198791089508,0.0523862211618
