,ftype,K,d,c1,c2,c3,c4,c5,e11,e12,e21,e22,e31,e32,e41,e42,e51,e52,a1,lb1,ub1,lb2,ub2,rms_err,max_err
0,SMA,5,2,0.829456681005,0.126065207631,2.5574952084,0.0227379090559,6.68948375335e-05,0.0993937124206,-0.10200372478,-0.22179296912,1.5903153512,3.52268076291,11.2520454323,-0.066285864003,42.5146431878,-2.41236277055,-0.417267865588,0.163331877955,0.0647735774818,0.261073157391,0.75,0.99,0.0064341353324,0.0162582217286
