,ftype,K,d,c1,c2,c3,c4,c5,e11,e12,e21,e22,e31,e32,e41,e42,e51,e52,a1,lb1,ub1,lb2,ub2,rms_err,max_err
0,SMA,5,2,8.6586930508e-12,2451.24003863,5658.84530241,17507.6107932,1.00467400873e-09,-5.58407105305,15.7856519225,9.01677565753,7.9536877804,8.62030726803,24.0267464139,8.6170503035,81.6606885066,-4.83693234041,69.6554871628,9.77975751438,0.0647735774818,0.261073157391,0.75,0.99,0.0148069519044,0.0390210260212
