,ftype,K,d,c1,c2,c3,c4,c5,e11,e12,e21,e22,e31,e32,e41,e42,e51,e52,a1,lb1,ub1,lb2,ub2,rms_err,max_err
0,SMA,5,2,0.947404135455,0.0302357620062,0.811553296338,8.20276568618e-06,0.0109692609596,0.0815569900508,-0.00564305819623,-1.67000163438,0.266730047764,4.15723348897,3.84806592682,-0.622302554685,-2.49627776468,36.3924982336,0.284374579463,0.0326267398171,0.0647735774818,0.261073157391,0.75,0.99,0.0058461409638,0.0137236219306
