,ftype,K,d,c1,c2,c3,c4,c5,e11,e12,e21,e22,e31,e32,e41,e42,e51,e52,a1,lb1,ub1,lb2,ub2,rms_err,max_err
0,SMA,5,2,2.04443568356e-07,0.0114878975221,0.524151717011,0.449595053405,0.947056680271,-3.43920437787,-0.289318933305,0.497193670203,32.1520449115,-0.00427475949588,0.254036489564,-0.00707000052204,-0.215040569122,4.19552453149,0.803161919996,0.0241549508441,0.0647735774818,0.261073157391,0.75,0.99,0.00583434542416,0.0134591913693
