,ftype,K,d,c1,c2,c3,c4,c5,e11,e12,e21,e22,e31,e32,e41,e42,e51,e52,a1,lb1,ub1,lb2,ub2,rms_err,max_err
0,SMA,5,2,1.80909222004e-22,2.30294664588e+13,4.14844668853e+15,7.44627481187e-24,8.94704907993e+12,143.061838739,-10.565473693,52.8598531629,25.5241270978,919.204418881,22.8234677286,37.9888732902,-9.154695399,21.6779982016,26.9908648109,22.5040181963,0.0647735774818,0.261073157391,0.75,0.99,0.0242945383362,0.0623548682482
