,ftype,K,d,c1,c2,c3,c4,e11,e12,e21,e22,e31,e32,e41,e42,a1,lb1,ub1,lb2,ub2,rms_err,max_err
0,SMA,4,2,0.301156880233,0.016982357054,919.597766083,0.130321382013,0.96970832902,46.1179211319,-1.03376059628,10.2735745672,7.35839324607,4.09468900773,-0.480940060644,0.84329415635,0.901689441085,0.0647735774818,0.261073157391,0.75,0.99,0.0106313997498,0.029453766172
