,ftype,K,d,c1,c2,c3,c4,c5,e11,e12,e21,e22,e31,e32,e41,e42,e51,e52,a1,lb1,ub1,lb2,ub2,rms_err,max_err
0,SMA,5,2,56.7571668525,1.79255787654e-11,0.798984999646,3.88863391815,6.10769623069e-08,5.91591326736,57.7731949243,-6.28250455677,5.77681677989,5.45737626829,2.77481902069,5.02080998738,12.2537588587,-3.39641045728,40.7674302834,5.15530060636,0.0647735774818,0.261073157391,0.75,0.99,0.0273057118826,0.0686698017299
