,ftype,K,d,c1,c2,c3,c4,c5,e11,e12,e21,e22,e31,e32,e41,e42,e51,e52,a1,lb1,ub1,lb2,ub2,rms_err,max_err
0,SMA,5,2,2.09768698344,0.482047042885,0.541331354017,2.20079170477e-05,8.82522474021e-06,3.39594058446,2.48036499291,1.96915768984,10.9358243989,1.77484620874,55.847665944,-2.66723605043,2.47867814596,-2.84719343503,25.9660649886,2.85317405078,0.0647735774818,0.261073157391,0.75,0.99,0.0273554983458,0.0591384378627
