,ftype,K,d,c1,c2,c3,c4,c5,e11,e12,e21,e22,e31,e32,e41,e42,e51,e52,a1,lb1,ub1,lb2,ub2,rms_err,max_err
0,SMA,5,2,0.0184424814051,2.55081119901e-05,12.7222685368,0.0777613338934,0.634211256415,-0.536691776408,10.1839758068,-2.79160319981,1.0129428733,3.95977641867,8.11106962232,0.149155141434,45.6103729762,0.35935247673,0.520279129245,0.66702464981,0.0647735774818,0.261073157391,0.75,0.99,0.00413944851565,0.0118163213358
