,ftype,K,d,c1,c2,c3,c4,c5,e11,e12,e21,e22,e31,e32,e41,e42,e51,e52,a1,lb1,ub1,lb2,ub2,rms_err,max_err
0,MA,5,2,0.0344547786319,0.395346262145,0.149407905421,0.387380346338,0.491534877707,1.29275949454,-0.859617744493,2.28550486581,0.230183309537,1.5079776402,-0.234708816058,1.54241148465,0.30669914399,5.46583022223,0.233475725142,1,0.0647735774818,0.261073157391,0.75,0.99,0.0188998681885,0.0617259553246
