,ftype,K,d,c1,c2,c3,c4,c5,e11,e12,e21,e22,e31,e32,e41,e42,e51,e52,a1,lb1,ub1,lb2,ub2,rms_err,max_err
0,SMA,5,2,1.01305121128,4.29093417646,7.92505433272e-07,0.0447445760748,0.00990815415406,0.511932380454,0.453912814937,2.95329707992,12.6931748104,-3.93489411765,0.492112843101,-0.00870373508743,53.0221566562,-0.837973363889,8.55750851581,0.634616347714,0.0647735774818,0.261073157391,0.75,0.99,0.00466923062506,0.0143375947308
