,ftype,K,d,c1,c2,c3,c4,c5,e11,e12,e21,e22,e31,e32,e41,e42,e51,e52,a1,lb1,ub1,lb2,ub2,rms_err,max_err
0,SMA,5,2,0.000425011117047,1.14669806479e-39,3.70794833437e-07,3.29915409505e-25,4.3984714744e-41,24.9017948251,51.202751606,-18.4303926786,92.8558973085,13.9982566901,193.180192734,-4.07080153354,62.4241246082,-18.2371769336,19.452960546,31.0399403215,0.0647735774818,0.261073157391,0.75,0.99,0.0150362301275,0.0417067752251
