,ftype,K,d,c1,c2,c3,c4,c5,e11,e12,e21,e22,e31,e32,e41,e42,e51,e52,a1,lb1,ub1,lb2,ub2,rms_err,max_err
0,SMA,5,2,0.00233409651589,14.1452381423,0.000996612051256,0.09727150936,0.614808326098,-1.45885770866,2.36393868355,4.31478417972,7.56953877985,-0.481516897674,-6.12493431403,0.22884774755,34.0062578646,0.194551897011,0.511609437579,0.385259248329,0.0647735774818,0.261073157391,0.75,0.99,0.00547787878355,0.0158465738591
