,ftype,K,d,c1,c2,c3,c4,c5,e11,e12,e21,e22,e31,e32,e41,e42,e51,e52,a1,lb1,ub1,lb2,ub2,rms_err,max_err
0,SMA,5,2,0.00214204764696,3.94156751378,1.50347507792,5.42510701969e-08,0.0208335016735,-1.14645204992,11.1161698333,2.55099850555,20.6618861461,1.21776179204,1.17556934383,-4.65644049324,1.63742290393,-0.22917050417,81.6986811642,1.36293629269,0.0647735774818,0.261073157391,0.75,0.99,0.00553637802987,0.0146343293488
