,ftype,K,d,c1,c2,c3,c4,c5,e11,e12,e21,e22,e31,e32,e41,e42,e51,e52,a1,lb1,ub1,lb2,ub2,rms_err,max_err
0,MA,5,2,0.0466834278543,3.91280278158,0.287530299146,0.977920509969,3.91660350707,-0.300653993047,1.94072090555,1.45589562535,1.19704947509,0.237724786625,6.85096784819,0.845991232584,1.87489432783,1.34571831184,3.99349051613,1,0.0647735774818,0.261073157391,0.75,0.99,0.0431293978374,0.113118966167
