,ftype,K,d,c1,c2,c3,c4,c5,e11,e12,e21,e22,e31,e32,e41,e42,e51,e52,a1,lb1,ub1,lb2,ub2,rms_err,max_err
0,SMA,5,2,0.324771923823,2.76529396902e-08,4.41381436012,1.93329371198,0.00127102804961,-0.351476321405,434.271742601,-4.75477014495,2.33992960948,2.61882649893,24.1079368961,1.58957003987,1.56070394209,-1.17961454726,13.2499764783,1.72159701736,0.0647735774818,0.261073157391,0.75,0.99,0.00616635830023,0.0155985351538
