,ftype,K,d,c1,c2,c3,c4,c5,e11,e12,e21,e22,e31,e32,e41,e42,e51,e52,a1,lb1,ub1,lb2,ub2,rms_err,max_err
0,MA,5,2,0.808147892982,0.0102019613666,0.152857610392,1.27388411298,1.29427507762,7.15925896937,0.516294905528,1.79981105579,-1.36205888331,1.81399825343,-0.173711395512,1.78675796595,1.02306586159,3.21492446347,0.911935890354,1,0.0647735774818,0.261073157391,0.75,0.99,0.0309697576689,0.0810144872075
