,ftype,K,d,c1,c2,c3,c4,c5,e11,e12,e21,e22,e31,e32,e41,e42,e51,e52,a1,lb1,ub1,lb2,ub2,rms_err,max_err
0,MA,5,2,3.24804872786,0.337227175372,0.274388057788,3.28338348847,3.11131227091,1.35108772106,1.02947230355,0.368806058313,2.14663712852,0.175733863583,6.5511069571,1.28687705283,2.00345480532,1.19822083226,4.91075717804,1,0.0647735774818,0.261073157391,0.75,0.99,0.0326509830164,0.085118354481
