,ftype,K,d,c1,c2,c3,c4,c5,e11,e12,e21,e22,e31,e32,e41,e42,e51,e52,a1,lb1,ub1,lb2,ub2,rms_err,max_err
0,MA,5,2,0.0196925440842,3.13731100389,3.45850039262,1.22782489729,0.732293200256,1.25226075249,-0.851016447082,1.49598942854,1.5074728396,5.08320957139,1.41167513979,4.74273225914,0.860122052839,1.32927383767,0.722647415772,1,0.0647735774818,0.261073157391,0.75,0.99,0.0264521466033,0.0937758298622
