,ftype,K,d,c1,c2,c3,c4,c5,e11,e12,e21,e22,e31,e32,e41,e42,e51,e52,a1,lb1,ub1,lb2,ub2,rms_err,max_err
0,SMA,5,2,173.873191134,0.00317216147007,0.445176835306,0.0685866308265,0.00151393506977,13.1108649137,6.21385952231,-5.17006086255,-0.0836419541168,1.39968261165,0.499299446204,36.6390818872,0.0292288826026,2.57569694518,-1.53969012097,0.873084907659,0.0647735774818,0.261073157391,0.75,0.99,0.00569557665777,0.0191069208904
