,ftype,K,d,c1,c2,c3,c4,c5,e11,e12,e21,e22,e31,e32,e41,e42,e51,e52,a1,lb1,ub1,lb2,ub2,rms_err,max_err
0,SMA,5,2,0.0896325585343,0.00241971072304,0.0107164945458,26.8078848727,0.563787423517,0.156592648044,34.2697741693,-1.46144631636,2.2782249627,-0.10789205527,-3.53512875631,4.78302059509,8.20189920145,0.28767479328,0.860906762137,0.504097098284,0.0647735774818,0.261073157391,0.75,0.99,0.00575266579491,0.0188460313051
