,ftype,K,d,c1,c2,c3,c4,c5,e11,e12,e21,e22,e31,e32,e41,e42,e51,e52,a1,lb1,ub1,lb2,ub2,rms_err,max_err
0,SMA,5,2,1.33759365943e-21,4.27329247445e-77,2.64705671386e-47,1.28230329417e-80,2.57296522387e-21,368.572126574,17.1964806666,162.731341364,-36.36625067,125.752636899,-6.69694870517,43.2853399623,-36.6425587796,105.550489344,30.3183099708,63.329714568,0.0647735774818,0.261073157391,0.75,0.99,0.0151174999871,0.0364804711369
