,ftype,K,d,c1,c2,c3,c4,c5,e11,e12,e21,e22,e31,e32,e41,e42,e51,e52,a1,lb1,ub1,lb2,ub2,rms_err,max_err
0,SMA,5,2,0.0107426315166,41.4257739878,0.0019465016453,0.0851965416177,0.526414625247,-0.0245242168885,-3.60816875431,5.10879641,8.86798909605,-1.51844951402,2.1812520604,0.119882141174,32.6800696985,0.324719594112,0.981694562164,0.583019139317,0.0647735774818,0.261073157391,0.75,0.99,0.00575678998364,0.019180411767
