,ftype,K,d,c1,c2,c3,c4,c5,e11,e12,e21,e22,e31,e32,e41,e42,e51,e52,a1,lb1,ub1,lb2,ub2,rms_err,max_err
0,SMA,5,2,3.67065030096e-08,0.00022628407286,6.47088092357,22.4776397328,3.32028668267,-3.6264118233,7.62005129794,-0.848769389672,40.1787317998,3.69173611246,8.55844252554,4.36296030182,51.021940634,3.920555492,1.12803814842,3.88390992668,0.0647735774818,0.261073157391,0.75,0.99,0.00787968747183,0.018191518141
