,ftype,K,d,c1,c2,c3,c4,c5,e11,e12,e21,e22,e31,e32,e41,e42,e51,e52,a1,lb1,ub1,lb2,ub2,rms_err,max_err
0,MA,5,2,1.03168830286,3.58660948446,3.58315930226,0.0408623762137,0.248391881862,2.61313273991,0.803632372837,3.98327259025,1.28856305856,1.17161924307,1.39716933096,1.99299905174,-0.374702827717,6.94814584482,0.1571239983,1,0.0647735774818,0.261073157391,0.75,0.99,0.037627929687,0.0998777496046
