,ftype,K,d,c1,c2,c3,c4,c5,e11,e12,e21,e22,e31,e32,e41,e42,e51,e52,a1,lb1,ub1,lb2,ub2,rms_err,max_err
0,SMA,5,2,1.02542000245e-70,8.54724814861e+13,1.51786611828e+19,7.04449768529e+15,1.00319368985e-58,-34.8886038883,38.7957779569,49.4345451153,41.7512654958,49.7011278953,192.593412575,49.245612104,71.4679130057,-26.9043143736,147.670313597,36.8888137976,0.0647735774818,0.261073157391,0.75,0.99,0.0181146354002,0.0414915269642
