,ftype,K,d,c1,c2,c3,c4,c5,e11,e12,e21,e22,e31,e32,e41,e42,e51,e52,a1,lb1,ub1,lb2,ub2,rms_err,max_err
0,MA,5,2,0.119196855846,2.13505402239,2.55343037268,0.336063891886,0.0387068129478,-0.187700615952,1.18462255029,1.38346649442,1.57682818514,1.32845269663,5.38444977629,0.21707298782,4.484679194,-0.663621576414,0.9286360838,1,0.0647735774818,0.261073157391,0.75,0.99,0.0228497967557,0.0673148619949
