,ftype,K,d,c1,c2,c3,c4,c5,e11,e12,e21,e22,e31,e32,e41,e42,e51,e52,a1,lb1,ub1,lb2,ub2,rms_err,max_err
0,MA,5,2,0.264213241024,5.59189015362,6.16108539085,0.273372911921,0.0211483802636,0.283103741926,6.00200466855,1.56669547626,4.55478940381,1.73389132114,1.27258487714,0.413186959595,1.63371853084,-0.53990522313,1.54088113394,1,0.0647735774818,0.231513137534,0.75,0.99,0.0477290134262,0.129889431037
