,ftype,K,d,c1,c2,c3,c4,c5,e11,e12,e21,e22,e31,e32,e41,e42,e51,e52,a1,lb1,ub1,lb2,ub2,rms_err,max_err
0,SMA,5,2,1.17785360846e-14,4.15994462501e-47,9.60603318708e-77,9.45193983715e-18,6.97262698579e-73,98.648633775,36.6851734571,114.827717794,-8.07295644965,39.2476762867,-34.5658901607,355.698719926,20.0838932744,154.233338661,-33.8404545171,59.4780113423,0.0647735774818,0.261073157391,0.75,0.99,0.0138735087301,0.0378529941676
