,ftype,K,d,c1,c2,c3,c4,c5,e11,e12,e21,e22,e31,e32,e41,e42,e51,e52,a1,lb1,ub1,lb2,ub2,rms_err,max_err
0,SMA,5,2,15.7787340794,0.00361647664121,0.0912021613319,0.620132259623,0.00251124017048,7.72521940398,4.3921262534,-4.80585141906,-0.256116218517,34.2787582203,0.186879214402,0.588153339312,0.213423580736,2.19874845227,-1.44430584593,0.397658702663,0.0647735774818,0.261073157391,0.75,0.99,0.00559735850759,0.0177445161717
