,ftype,K,d,c1,c2,c3,c4,e11,e12,e21,e22,e31,e32,e41,e42,a1,lb1,ub1,lb2,ub2,rms_err,max_err
0,MA,4,2,0.124968583647,6.63421424636,6.37487063525,0.08040356905,3.71433373797,0.0238367039876,1.22299566591,1.79568918639,4.66749267745,1.64764789764,1.44750805834,-0.0490422486745,1,0.0647735774818,0.226015552419,0.75,0.99,0.0496934075015,0.124557368817
