,ftype,K,d,c1,c2,c3,c4,c5,e11,e12,e21,e22,e31,e32,e41,e42,e51,e52,a1,lb1,ub1,lb2,ub2,rms_err,max_err
0,SMA,5,2,2.22626160828e-11,5358.47656431,2059.73116231,3.37007569177e-08,2460.88896691,19.9132871483,-2.32838883023,94.488029935,10.1912086656,25.1866927591,10.2990010435,71.6076181341,-0.645289951515,7.64751580305,11.2433408263,9.69722554277,0.0647735774818,0.261073157391,0.75,0.99,0.0158209306156,0.0424578296429
