,ftype,K,d,c1,c2,c3,c4,c5,e11,e12,e21,e22,e31,e32,e41,e42,e51,e52,a1,lb1,ub1,lb2,ub2,rms_err,max_err
0,MA,5,2,0.0146595997605,5.59612805154,0.0252599282174,0.0168049216661,6.17901199264,-0.756705976618,1.20397539667,1.750655656,1.26172100809,-0.656588530193,4.7657465046,-0.739487749256,1.70471054797,1.67838800033,4.71017104235,1,0.0647735774818,0.242912728957,0.75,0.99,0.0471699907047,0.134975778661
