,ftype,K,d,c1,c2,c3,c4,c5,e11,e12,e21,e22,e31,e32,e41,e42,e51,e52,a1,lb1,ub1,lb2,ub2,rms_err,max_err
0,MA,5,2,6.87917865326,7.42601215209,0.0170308067389,0.0781229492367,0.0560092723504,1.85615116098,1.02464497745,1.76645239086,3.12581357918,-0.656907407637,1.55518353173,-0.184053116159,5.32975423305,-0.212615936856,1.56564385096,1,0.0647735774818,0.22064851472,0.75,0.99,0.0493107933906,0.127747657046
