,ftype,K,d,c1,c2,c3,c4,c5,e11,e12,e21,e22,e31,e32,e41,e42,e51,e52,a1,lb1,ub1,lb2,ub2,rms_err,max_err
0,MA,5,2,0.666654911928,0.289434901083,0.0260432004456,3.41290268284,3.14156331836,0.559829987002,4.60589094668,0.2621822453,1.26784135165,-0.776854708462,1.0900176645,1.4501083308,5.1048940002,1.55456243645,1.54089946817,1,0.0647735774818,0.261073157391,0.75,0.99,0.0253519472334,0.0815876753008
