,ftype,K,d,c1,c2,c3,c4,c5,e11,e12,e21,e22,e31,e32,e41,e42,e51,e52,a1,lb1,ub1,lb2,ub2,rms_err,max_err
0,SMA,5,2,0.00429026644312,4.1730511578e-06,0.390691451297,0.0119240074409,940.291282036,-0.39387596987,24.7700974686,-2.58985350823,5.39243586623,2.58704116804,6.00033111418,0.38336924011,1.83950206711,4.35791306953,626.154450751,2.15628189131,0.0647735774818,0.261073157391,0.75,0.99,0.00606642913233,0.0159894550677
