,ftype,K,d,c1,c2,c3,c4,c5,e11,e12,e21,e22,e31,e32,e41,e42,e51,e52,a1,lb1,ub1,lb2,ub2,rms_err,max_err
0,MA,5,2,0.443310482054,0.0385075992422,0.144918019993,0.317424535708,0.0609745342321,0.189339851509,5.26809558087,-0.776053756243,0.905994571192,-0.243325987165,1.44884502486,0.134481597434,1.9197723368,-0.637784092726,2.47899604863,1,0.0647735774818,0.261073157391,0.75,0.99,0.0172270856508,0.0604383755888
