,ftype,K,d,c1,c2,c3,c4,c5,e11,e12,e21,e22,e31,e32,e41,e42,e51,e52,a1,lb1,ub1,lb2,ub2,rms_err,max_err
0,SMA,5,2,347808.608912,2098221.91699,1.03825644681e-11,4.71264223665e-12,2.01752967132e-23,18.1176359147,86.7894806349,21.7527281416,22.2743415545,-1.28908391749,78.5471107112,-0.52176093495,17.8460907349,-11.3146769364,10.4181728215,14.1807289219,0.0647735774818,0.261073157391,0.75,0.99,0.026250941948,0.0695982332175
