,ftype,K,d,c1,c2,c3,c4,c5,e11,e12,e21,e22,e31,e32,e41,e42,e51,e52,a1,lb1,ub1,lb2,ub2,rms_err,max_err
0,MA,5,2,0.0359252505617,0.599796271057,0.0241362257213,0.543500505763,0.154527571598,-0.878097678583,2.85085939635,0.341310928789,5.79829216061,-1.0030950086,1.32804598784,0.464774432402,1.85244063297,-0.215618173692,1.63100390969,1,0.0647735774818,0.261073157391,0.75,0.99,0.0175333244122,0.0502438286663
