,ftype,K,d,c1,c2,c3,c4,c5,e11,e12,e21,e22,e31,e32,e41,e42,e51,e52,a1,lb1,ub1,lb2,ub2,rms_err,max_err
0,MA,5,2,0.0596952794232,1.0279348816,0.149222713931,0.0493284159061,1.37942008824,-0.54271057409,2.35470346748,0.756768700328,6.65962238737,-0.144325754069,1.88413090794,-0.570093628868,0.623790781229,1.1217874103,1.77699046097,1,0.0647735774818,0.261073157391,0.75,0.99,0.0231149960147,0.0728975693538
