,ftype,K,d,c1,c2,c3,c4,e11,e12,e21,e22,e31,e32,e41,e42,a1,lb1,ub1,lb2,ub2,rms_err,max_err
0,SMA,4,2,25.3326056111,3.34175825769e-05,1.75067363482e-08,17.6183134893,35.464785506,4.63969443289,41.0215068018,-1.09408263106,9.33201807351,-3.40424708224,4.62487996271,4.76558377908,4.65534085807,0.0647735774818,0.261073157391,0.75,0.99,0.00993767936765,0.0242732502187
