,ftype,K,d,c1,c2,c3,c4,c5,e11,e12,e21,e22,e31,e32,e41,e42,e51,e52,a1,lb1,ub1,lb2,ub2,rms_err,max_err
0,MA,5,2,0.242266189743,0.0305003592929,0.556064075331,0.463468503685,0.129606730823,-0.0342496334423,2.23102348826,-0.917166659103,1.39569250262,0.298961835578,5.78558002309,0.366272075941,1.85015571459,-0.288367308995,1.42773500372,1,0.0647735774818,0.261073157391,0.75,0.99,0.0185347315534,0.0556257192081
