,ftype,K,d,c1,c2,c3,c4,c5,e11,e12,e21,e22,e31,e32,e41,e42,e51,e52,a1,lb1,ub1,lb2,ub2,rms_err,max_err
0,SMA,5,2,0.00111173091367,0.0700683478497,0.41953119052,0.000919672819205,207.811863744,-1.61567221431,2.61852217582,0.0267978296493,35.1692843797,0.503249621485,1.35518769018,-0.168971585331,-7.12951479183,6.36557471156,12.4399216508,0.936511287987,0.0647735774818,0.261073157391,0.75,0.99,0.00542166602666,0.0170396798013
