,ftype,K,d,c1,c2,c3,c4,c5,e11,e12,e21,e22,e31,e32,e41,e42,e51,e52,a1,lb1,ub1,lb2,ub2,rms_err,max_err
0,SMA,5,2,0.0032167751481,0.00127882709337,11.7059097112,0.747526950359,0.074069599745,-1.31113991831,2.21873561686,-0.576707972127,-5.04632786958,4.39688579213,7.65579150506,0.125100052111,0.309315631004,0.246468302422,33.4607531143,0.229259856174,0.0647735774818,0.261073157391,0.75,0.99,0.00551575971212,0.0165232062149
