,ftype,K,d,c1,c2,c3,c4,e11,e12,e21,e22,e31,e32,e41,e42,a1,lb1,ub1,lb2,ub2,rms_err,max_err
0,MA,4,2,0.0127355753043,3.83016980685,3.61886988358,4.27771715502,-0.930757012426,1.73638273304,1.51362172226,2.02267382543,1.54217819267,1.21784420668,1.48147308688,5.01886373233,1,0.0647735774818,0.261073157391,0.75,0.99,0.0378770295749,0.113382125534
