,ftype,K,d,c1,c2,c3,c4,c5,e11,e12,e21,e22,e31,e32,e41,e42,e51,e52,a1,lb1,ub1,lb2,ub2,rms_err,max_err
0,MA,5,2,0.0104664894339,0.865913754776,0.129802696601,0.218634978745,1.37819602055,-1.35294284714,1.81241049565,0.557599142702,6.95401596165,-0.227865540884,1.60022058522,-0.0315419886007,2.45230627678,1.02523337697,2.1043052393,1,0.0647735774818,0.261073157391,0.75,0.99,0.0319162597349,0.0805776863058
