,ftype,K,d,c1,c2,c3,c4,c5,e11,e12,e21,e22,e31,e32,e41,e42,e51,e52,a1,lb1,ub1,lb2,ub2,rms_err,max_err
0,SMA,5,2,0.0654398568784,0.505046600815,0.00056459045666,164.850029359,0.000639428643725,33.1976312247,-0.0769335856329,1.18305593698,0.433176317909,-8.58116491489,-0.168457562657,10.4045314704,6.19207223464,2.38816210756,-1.81130366869,0.835946616178,0.0647735774818,0.261073157391,0.75,0.99,0.00480873166364,0.0119323153378
