,ftype,K,d,c1,c2,c3,c4,e11,e12,e21,e22,e31,e32,e41,e42,a1,lb1,ub1,lb2,ub2,rms_err,max_err
0,SMA,4,2,1.38541622721e-06,97.0083616099,3.87222619918e-09,140.988828932,-1.17332022124,53.2450089681,7.04041266911,6.58754037369,-2.6731103074,13.2544045965,6.57044804452,40.87801796,6.62673398838,0.0647735774818,0.261073157391,0.75,0.99,0.0115524045623,0.0271020477025
