,ftype,K,d,c1,c2,c3,c4,c5,e11,e12,e21,e22,e31,e32,e41,e42,e51,e52,a1,lb1,ub1,lb2,ub2,rms_err,max_err
0,MA,5,2,0.153089071104,0.036116572034,0.655497464325,0.0205081815147,0.662963855631,1.67156019535,-0.211788192721,15.3686779809,-0.928394276004,1.86138876279,0.582035634204,1.46570341276,-1.0764518713,5.99145569193,0.396814157722,1,0.0647735774818,0.261073157391,0.75,0.99,0.019742896545,0.0542278725615
