,ftype,K,d,c1,c2,c3,c4,c5,e11,e12,e21,e22,e31,e32,e41,e42,e51,e52,a1,lb1,ub1,lb2,ub2,rms_err,max_err
0,SMA,5,2,0.0475299146257,0.0250839329849,0.00550638996783,2.59344257122,0.885776046878,0.557639387084,37.3750439297,-0.328026008163,-1.40705624701,-0.913180746647,2.74416877398,4.2364402389,5.77867923935,0.0667444155158,0.164455121168,0.074335344893,0.0647735774818,0.261073157391,0.75,0.99,0.00505442209939,0.0144861982008
