,ftype,K,d,c1,c2,c3,c4,c5,e11,e12,e21,e22,e31,e32,e41,e42,e51,e52,a1,lb1,ub1,lb2,ub2,rms_err,max_err
0,SMA,5,2,5.25196505049,0.814576993864,0.0908658127238,0.0437472428272,0.00742164734705,4.48574971334,5.73655205581,0.119587716743,0.278261144154,0.659501513233,36.8971072986,-0.316711221024,-1.15727878325,-0.931653376988,3.17892902133,0.126206286156,0.0647735774818,0.261073157391,0.75,0.99,0.00525433515234,0.015002220341
