,ftype,K,d,c1,c2,c3,c4,c5,e11,e12,e21,e22,e31,e32,e41,e42,e51,e52,a1,lb1,ub1,lb2,ub2,rms_err,max_err
0,SMA,5,2,0.0665061001047,0.000329789995459,0.541027073958,191.290808293,0.000545353189399,-0.0842826657801,32.4922290228,-0.188304925657,-9.82172516317,0.426883551465,1.12008030711,6.31479262253,10.2603227739,-1.86240822697,2.25316500873,0.810582192762,0.0647735774818,0.261073157391,0.75,0.99,0.00465326529207,0.0111896147904
