,ftype,K,d,c1,c2,c3,c4,c5,e11,e12,e21,e22,e31,e32,e41,e42,e51,e52,a1,lb1,ub1,lb2,ub2,rms_err,max_err
0,MA,5,2,0.347646389284,2.89674473288,2.75157325189,0.312714609782,2.66565683823,0.231703792992,6.12926333246,1.15166790341,3.99326411726,1.21291940005,1.37524753056,0.297469256106,2.06889067378,1.24498127932,0.903093222669,1,0.0647735774818,0.261073157391,0.75,0.99,0.0238522201891,0.05900481521
