,ftype,K,d,c1,c2,c3,c4,c5,e11,e12,e21,e22,e31,e32,e41,e42,e51,e52,a1,lb1,ub1,lb2,ub2,rms_err,max_err
0,SMA,5,2,2.11398286084e-05,0.0710233977594,11.4125962588,0.0157829464961,0.725984610424,-2.85056142363,0.728577936167,0.102200131184,43.4676450373,3.89940007092,8.33515541324,-0.613195122258,8.70651845725,0.320748977935,0.40698025869,0.550327196917,0.0647735774818,0.261073157391,0.75,0.99,0.00420946964085,0.0125643220479
