,ftype,K,d,c1,c2,c3,c4,c5,e11,e12,e21,e22,e31,e32,e41,e42,e51,e52,a1,lb1,ub1,lb2,ub2,rms_err,max_err
0,SMA,5,2,13.214564426,1.28276451259e-05,0.0162863954313,0.818248306588,0.0602944399949,9.89577440802,3.96942120844,0.705322627303,-3.02040951612,8.31455017039,-0.624778381813,0.374637308377,0.361315978255,44.454372603,0.0453481653738,0.541902834367,0.0647735774818,0.261073157391,0.75,0.99,0.00444880803336,0.0138544613722
