,ftype,K,d,c1,c2,c3,c4,c5,e11,e12,e21,e22,e31,e32,e41,e42,e51,e52,a1,lb1,ub1,lb2,ub2,rms_err,max_err
0,SMA,5,2,0.000548971972768,0.382002187334,0.0675796962198,0.000782772896699,276.88976274,-0.232496217703,-7.55175745849,0.568227462234,1.52612423076,0.0353594524571,35.0819930559,-1.68440670092,2.944484141,6.59780766686,12.9263421276,1.0782344639,0.0647735774818,0.261073157391,0.75,0.99,0.00520854843719,0.0154497568921
