,ftype,K,d,c1,c2,c3,c4,c5,e11,e12,e21,e22,e31,e32,e41,e42,e51,e52,a1,lb1,ub1,lb2,ub2,rms_err,max_err
0,SMA,5,2,0.032040008455,0.00405871771431,1.2517693502,3.72132347176,1.36446849497e-07,67.2810048654,-0.111680810025,9.94783999842,-1.03669117354,0.862164601749,0.926169338891,17.5360956805,2.57432803497,1.14728421407,-4.43670164857,1.07078704611,0.0647735774818,0.261073157391,0.75,0.99,0.0051148886734,0.0147088998776
