,ftype,K,d,c1,c2,c3,c4,c5,e11,e12,e21,e22,e31,e32,e41,e42,e51,e52,a1,lb1,ub1,lb2,ub2,rms_err,max_err
0,SMA,5,2,0.00751157940883,0.011319583751,0.239628400898,0.00031313241078,33.343169216,0.0624056867155,-0.430137206494,-0.18843227837,29.2530549689,1.39915723822,4.06853764755,-1.53497060697,6.03072515054,5.758311646,46.7586748515,1.6792167376,0.0647735774818,0.261073157391,0.75,0.99,0.00531059117198,0.0130760850563
