,ftype,K,d,c1,c2,c3,c4,c5,e11,e12,e21,e22,e31,e32,e41,e42,e51,e52,a1,lb1,ub1,lb2,ub2,rms_err,max_err
0,SMA,5,2,4.14608554637e-10,1.00791167122e-11,228.802012748,78.1681448837,497.715087381,-4.48091750721,36.7941844358,-5.61894364876,4.84541051817,7.63417060915,19.2310876158,7.5084390203,5.94849284684,7.58638516644,65.879944331,5.69050446727,0.0647735774818,0.261073157391,0.75,0.99,0.0259769621914,0.0601724907274
