,ftype,K,d,c1,c2,c3,c4,c5,e11,e12,e21,e22,e31,e32,e41,e42,e51,e52,a1,lb1,ub1,lb2,ub2,rms_err,max_err
0,SMA,5,2,0.000490248119013,0.42064098969,0.00068713735758,0.0676316355626,233.347932447,-0.251257332078,-7.96895634822,0.525385698498,1.42124338274,-1.74795836139,2.83050625968,-0.00465146508952,34.4405327804,6.45936842239,11.9317426044,1.00959362917,0.0647735774818,0.261073157391,0.75,0.99,0.00502291618707,0.0141042045768
