,ftype,K,d,c1,c2,c3,c4,e11,e12,e21,e22,e31,e32,e41,e42,a1,lb1,ub1,lb2,ub2,rms_err,max_err
0,MA,4,2,0.0112681581374,3.05643883086,3.77664103956,0.0236438626334,-0.965736331848,1.15288742222,1.43598796356,1.3634740577,1.4169609024,4.96283459329,-0.755838499106,4.09858302749,1,0.0647735774818,0.261073157391,0.75,0.99,0.0180735686685,0.0642076172695
