,ftype,K,d,c1,c2,c3,c4,c5,e11,e12,e21,e22,e31,e32,e41,e42,e51,e52,a1,lb1,ub1,lb2,ub2,rms_err,max_err
0,SMA,5,2,0.020251237731,3.24920855904e-05,0.0801740681428,0.534076436143,17.4537395023,-0.457346846995,12.2357050998,-2.69684292126,1.34407387353,0.19376067456,46.4745133488,0.415425174051,0.699983474651,4.21936576394,8.2574752238,0.824891783869,0.0647735774818,0.261073157391,0.75,0.99,0.0041274631207,0.0112236645592
