,ftype,K,d,c1,c2,c3,c4,c5,e11,e12,e21,e22,e31,e32,e41,e42,e51,e52,a1,lb1,ub1,lb2,ub2,rms_err,max_err
0,MA,5,2,0.0113808351576,4.90217250608,0.168342072603,0.0214981854113,4.25873775524,-0.904084369798,1.33403431817,1.55818362765,4.84909406909,0.18908661783,2.30341125224,-0.744170749022,4.59128767416,1.613168571,1.28924971181,1,0.0647735774818,0.261073157391,0.75,0.99,0.0425693982584,0.118455259874
