,ftype,K,d,c1,c2,c3,c4,c5,e11,e12,e21,e22,e31,e32,e41,e42,e51,e52,a1,lb1,ub1,lb2,ub2,rms_err,max_err
0,SMA,5,2,1.12232238556e-20,5.04668235814e-05,6.07910364811e-08,9.68539826202e-18,1.5649677377e-06,-11.4255553588,43.0203878875,3.04659438901,92.2386655466,0.735505865588,28.3708223746,-8.44801864259,9.21297230336,6.67291560603,7.82037598913,13.0048137728,0.0647735774818,0.261073157391,0.75,0.99,0.0180359541206,0.0540433799249
