,ftype,K,d,c1,c2,c3,c4,c5,e11,e12,e21,e22,e31,e32,e41,e42,e51,e52,a1,lb1,ub1,lb2,ub2,rms_err,max_err
0,SMA,5,2,230.556081801,0.000509895874362,0.0730568375479,0.000138575519005,0.615640238497,6.49289273027,9.85160637325,-1.90660151077,2.08020812756,-0.0583460650054,31.0347248691,-0.310020603998,-11.4540950295,0.377372182578,0.915338020556,0.696576081487,0.0647735774818,0.261073157391,0.75,0.99,0.00453341388047,0.0114944373815
