,ftype,K,d,c1,c2,c3,c4,c5,e11,e12,e21,e22,e31,e32,e41,e42,e51,e52,a1,lb1,ub1,lb2,ub2,rms_err,max_err
0,SMA,5,2,3.61019454113e-05,0.000367951481989,0.618958536222,198.878891407,0.0795123854437,-0.405943120678,-14.2494239158,-2.00610226614,2.23952876011,0.407552451884,0.915556827286,6.34259859912,9.86874936178,-0.024940889972,30.2110028876,0.742213705151,0.0647735774818,0.261073157391,0.75,0.99,0.00440060112808,0.0126765878356
