,ftype,K,d,c1,c2,c3,c4,c5,e11,e12,e21,e22,e31,e32,e41,e42,e51,e52,a1,lb1,ub1,lb2,ub2,rms_err,max_err
0,SMA,5,2,22.4775934983,6.47088316149,3.67064756353e-08,0.000226285042136,3.3202651436,4.36295782853,51.0218889981,3.69173396993,8.55841770373,-3.62641361574,7.620046649,-0.84876910703,40.1787144082,3.92055339973,1.12802385259,3.88390731847,0.0647735774818,0.261073157391,0.75,0.99,0.00787968747199,0.0181915269991
