,ftype,K,d,c1,c2,c3,c4,c5,e11,e12,e21,e22,e31,e32,e41,e42,e51,e52,a1,lb1,ub1,lb2,ub2,rms_err,max_err
0,SMA,5,2,9077.11974457,1.10119712362e-11,1.57700798032e-20,4948.48837043,3.05626211249e-13,22.8490453402,19.40483472,28.6731762683,-0.534960316052,9.37661192232,-8.81565228104,93.0745739093,16.1633651124,326.417506209,-3.88358163948,14.5980558933,0.0647735774818,0.261073157391,0.75,0.99,0.0230462156358,0.0563169979568
