,ftype,K,d,c1,c2,c3,c4,c5,e11,e12,e21,e22,e31,e32,e41,e42,e51,e52,a1,lb1,ub1,lb2,ub2,rms_err,max_err
0,MA,5,2,0.297366962564,0.0142231077972,0.973535907,0.141085028546,0.866025668469,3.5226481334,0.0601797463278,1.72460749489,-1.23340811462,1.90818480842,0.829756078902,1.68938763426,-0.223620396753,6.27189392622,0.558241601592,1,0.0647735774818,0.261073157391,0.75,0.99,0.0260051864836,0.0692745696821
