,ftype,K,d,c1,c2,c3,c4,c5,e11,e12,e21,e22,e31,e32,e41,e42,e51,e52,a1,lb1,ub1,lb2,ub2,rms_err,max_err
0,SMA,5,2,2.65028703322e-06,2.97752417829e-24,7.13861464319e-22,1.58746554385e-07,4.42357505061e-10,114.949292666,3.97287525451,56.8499961353,-12.8303264131,11.9646516192,-10.1179666504,17.6554464619,7.82896653728,38.3842933752,0.883687875259,16.6655135721,0.0647735774818,0.261073157391,0.75,0.99,0.0176600272834,0.051393381062
