,ftype,K,d,c1,c2,c3,c4,c5,e11,e12,e21,e22,e31,e32,e41,e42,e51,e52,a1,lb1,ub1,lb2,ub2,rms_err,max_err
0,SMA,5,2,41.4230771504,0.00194647596328,0.0851964426284,0.526422460851,0.0107415510821,8.8677963918,5.10874703079,2.18120686134,-1.51845495253,32.6799192868,0.119880459098,0.981650101078,0.324705494786,-3.60834151351,-0.0245277432622,0.58300180084,0.0647735774818,0.261073157391,0.75,0.99,0.0057567900297,0.0191804224999
