,ftype,K,d,c1,c2,c3,c4,c5,e11,e12,e21,e22,e31,e32,e41,e42,e51,e52,a1,lb1,ub1,lb2,ub2,rms_err,max_err
0,SMA,5,2,0.797182513974,0.0524753734698,0.00766669942376,0.0386104380953,18.259966084,0.15854752846,0.408054615422,-0.282648021668,-1.30148077783,-0.970557771228,3.02735786107,0.197925941944,31.3416031543,5.45222291311,8.00609114148,0.15414401121,0.0647735774818,0.261073157391,0.75,0.99,0.00573309462982,0.0192366763492
