,ftype,K,d,c1,c2,c3,c4,c5,e11,e12,e21,e22,e31,e32,e41,e42,e51,e52,a1,lb1,ub1,lb2,ub2,rms_err,max_err
0,SMA,5,2,0.860231889469,0.0006543919014,0.0444458995365,0.00415776215691,6.92346980684,0.0690913299664,0.144545712551,-0.646139496929,-5.29921356342,0.254276546973,32.8075492582,-1.11800799962,1.86746101297,4.35624186586,8.15470802574,0.115962244363,0.0647735774818,0.261073157391,0.75,0.99,0.00548148535283,0.0183042992042
