,ftype,K,d,c1,c2,c3,c4,c5,e11,e12,e21,e22,e31,e32,e41,e42,e51,e52,a1,lb1,ub1,lb2,ub2,rms_err,max_err
0,SMA,5,2,384.398510454,437.581838016,1.70936331717e-10,1.86498661375e-07,1125.02701174,23.2086647097,8.58580955157,6.57046862584,9.35743684253,16.4982052871,-2.54644161123,62.5801388807,-0.856751225699,90.3469613156,8.65847659657,8.39746716303,0.0647735774818,0.261073157391,0.75,0.99,0.0129579384359,0.0345309308727
