,ftype,K,d,c1,c2,c3,c4,c5,e11,e12,e21,e22,e31,e32,e41,e42,e51,e52,a1,lb1,ub1,lb2,ub2,rms_err,max_err
0,SMA,5,2,78.1696256694,228.815603011,4.14548429495e-10,1.00770107094e-11,497.7405666,5.94853638255,7.50849621987,19.2310824738,7.63424439692,36.7942585818,-4.48094239871,4.84545603178,-5.6189875494,65.8798233658,7.58644442235,5.6905555262,0.0647735774818,0.261073157391,0.75,0.99,0.0259769621815,0.0601727402185
