,ftype,K,d,c1,c2,c3,c4,c5,e11,e12,e21,e22,e31,e32,e41,e42,e51,e52,a1,lb1,ub1,lb2,ub2,rms_err,max_err
0,MA,5,2,0.394987265358,1.47201159533,0.131537962389,0.00927821162345,1.17543609808,4.17399656239,0.208664281884,1.98040194126,1.08538245352,1.6421810815,-0.2196756741,1.79438614968,-1.39645424617,6.07110306331,0.757397413223,1,0.0647735774818,0.261073157391,0.75,0.99,0.0324718735852,0.0925079639992
