,ftype,K,d,c1,c2,c3,c4,c5,e11,e12,e21,e22,e31,e32,e41,e42,e51,e52,a1,lb1,ub1,lb2,ub2,rms_err,max_err
0,SMA,5,2,0.324649818477,2.76530885636e-08,4.41385227884,0.00127101949321,1.93330337815,434.237953209,-0.351486090277,2.3399500245,-4.75476277939,24.1080351554,2.61883292439,13.2500073957,-1.17961107411,1.56071630475,1.58958115995,1.72160910836,0.0647735774818,0.261073157391,0.75,0.99,0.00616635829994,0.0155985603377
