,ftype,K,d,c1,c2,c3,c4,c5,e11,e12,e21,e22,e31,e32,e41,e42,e51,e52,a1,lb1,ub1,lb2,ub2,rms_err,max_err
0,MA,5,2,3.86925198479,0.94893688259,0.0459181355943,3.91311558256,0.288638275722,1.33871497418,4.07638079975,0.822255373521,2.09254210105,-0.302859317124,1.89720354429,1.45575972504,1.1975259562,0.239211934925,6.84981589134,1,0.0647735774818,0.261073157391,0.75,0.99,0.0429804607149,0.113303976671
