,ftype,K,d,c1,c2,c3,c4,c5,e11,e12,e21,e22,e31,e32,e41,e42,e51,e52,a1,lb1,ub1,lb2,ub2,rms_err,max_err
0,MA,5,2,0.0204315666402,0.0364165416907,2.20833361028,3.35509223204,0.465228020987,-0.825927452688,0.822235928089,-0.664311197587,3.31249131028,1.14085570414,6.13512196915,1.55086481592,1.67267141962,0.489694641051,1.37453211579,1,0.0647735774818,0.261073157391,0.75,0.99,0.0247154314814,0.0757899816652
