,ftype,K,d,c1,c2,c3,c4,c5,e11,e12,e21,e22,e31,e32,e41,e42,e51,e52,a1,lb1,ub1,lb2,ub2,rms_err,max_err
0,SMA,5,2,4.45026553084,7.55109741867e-07,2.06603127217,5.21424333974,0.000170133007799,3.30885038055,0.0437556394724,-3.64433302792,25.3502797757,2.30512866003,40.6747256791,2.65640050134,5.30655707939,-2.02424935394,1.01491568322,1.83347401547,0.0647735774818,0.261073157391,0.75,0.99,0.0282513558329,0.0643791933672
