,ftype,K,d,c1,c2,c3,c4,e11,e12,e21,e22,e31,e32,e41,e42,a1,lb1,ub1,lb2,ub2,rms_err,max_err
0,SMA,4,2,0.00647383813429,2.69582182638,6.89226534937,2.4071442313e-07,-0.492051501928,28.9406257714,1.97556876151,2.09498663887,3.00644388118,31.3044205233,-3.99872439243,4.86806175024,2.07079221503,0.0647735774818,0.261073157391,0.75,0.99,0.00766675098972,0.0207976100588
