,ftype,K,d,c1,c2,c3,c4,c5,e11,e12,e21,e22,e31,e32,e41,e42,e51,e52,a1,lb1,ub1,lb2,ub2,rms_err,max_err
0,SMA,5,2,0.0157829264522,0.0710233787866,2.11396847043e-05,11.4125596687,0.725984630208,-0.613195814302,8.70650521801,0.102199821008,43.4676179507,-2.85056340109,0.728574957178,3.89939749683,8.33515001873,0.320748765798,0.406979774276,0.550326883923,0.0647735774818,0.261073157391,0.75,0.99,0.00420946964087,0.0125643217395
