,ftype,K,d,c1,c2,c3,c4,c5,e11,e12,e21,e22,e31,e32,e41,e42,e51,e52,a1,lb1,ub1,lb2,ub2,rms_err,max_err
0,SMA,5,2,2.59370861802e-06,1.59440555561e-07,6.72502927357e-22,4.30547901066e-10,2.90004958825e-24,3.97516184923,115.037287916,7.86223999471,17.6486264935,-10.1299373477,11.9826878687,0.886358341507,38.4113466094,-12.8306507975,56.8754474503,16.6871502848,0.0647735774818,0.261073157391,0.75,0.99,0.0176598170597,0.0513574621993
