,ftype,K,d,c1,c2,c3,c4,e11,e12,e21,e22,e31,e32,e41,e42,a1,lb1,ub1,lb2,ub2,rms_err,max_err
0,MA,4,2,0.0260302931852,6.84527763746,6.50313868603,0.0382756600414,-0.530687866421,1.5078951299,1.72165467021,4.66827265077,1.8162050786,1.25168839735,-0.47407091442,4.98301186871,1,0.0647735774818,0.231513137534,0.75,0.99,0.0485999917627,0.119483263946
