,ftype,K,d,c1,c2,c3,c4,c5,e11,e12,e21,e22,e31,e32,e41,e42,e51,e52,a1,lb1,ub1,lb2,ub2,rms_err,max_err
0,MA,5,2,0.152608486852,0.0265816794914,0.0164869140365,0.72916249702,0.806063110144,-0.20555984768,1.7306301036,-1.00374405276,3.64755426226,-1.16646981045,1.5619339191,0.452344912508,6.12126254402,0.711038137336,1.88875051322,1,0.0647735774818,0.261073157391,0.75,0.99,0.022768530575,0.0584050289611
