,ftype,K,d,c1,c2,c3,c4,c5,e11,e12,e21,e22,e31,e32,e41,e42,e51,e52,a1,lb1,ub1,lb2,ub2,rms_err,max_err
0,MA,5,2,6.94471146937,0.0530693364657,0.0464335778382,0.0831678218925,6.87569722864,1.24683967844,1.83433932925,2.48515505926,-0.276362950895,1.42961605862,-0.274278367691,5.50197536471,-0.159698073599,4.70971646378,1.70711245464,1,0.0647735774818,0.226015552419,0.75,0.99,0.0484596670116,0.112965321402
