,ftype,K,d,c1,c2,c3,c4,c5,e11,e12,e21,e22,e31,e32,e41,e42,e51,e52,a1,lb1,ub1,lb2,ub2,rms_err,max_err
0,MA,5,2,0.150512394377,0.968512682692,0.792098387303,0.0138970026963,0.0146776248797,-0.203738875395,1.79150719445,0.825225274165,1.91571282467,0.502857564729,6.19515137726,-1.21125849598,1.61633182648,-1.22220611218,1.74008998499,1,0.0647735774818,0.261073157391,0.75,0.99,0.0275648935286,0.0692784027331
