,ftype,K,d,c1,c2,c3,c4,c5,e11,e12,e21,e22,e31,e32,e41,e42,e51,e52,a1,lb1,ub1,lb2,ub2,rms_err,max_err
0,SMA,5,2,9.83772178809e-12,10020.073161,5215.01072376,3.66589244106e-14,1.09870191265e-20,-0.470295797218,28.1837098685,19.5514642102,23.0163891622,16.2651183312,93.4221836656,-3.78620706821,102.122985615,-8.89612223261,9.38267792002,14.6888970046,0.0647735774818,0.261073157391,0.75,0.99,0.0230379469476,0.0569864680486
