,ftype,K,d,c1,c2,c3,c4,c5,e11,e12,e21,e22,e31,e32,e41,e42,e51,e52,a1,lb1,ub1,lb2,ub2,rms_err,max_err
0,MA,5,2,0.668694519743,0.1372565507,0.681001543708,0.0210882450373,0.259624791831,0.596120435983,1.85776977891,-0.252967616032,1.55966054513,0.410775752274,6.18534970233,-1.07378573409,1.56859869243,-0.00658791684913,2.83448841465,1,0.0647735774818,0.261073157391,0.75,0.99,0.0209372846252,0.0558336751516
