,ftype,K,d,c1,c2,c3,c4,e11,e12,e21,e22,e31,e32,e41,e42,a1,lb1,ub1,lb2,ub2,rms_err,max_err
0,MA,4,2,0.14707517097,0.714286457721,0.0173026715848,0.794163494878,-0.22484477721,1.74341350261,0.439001316642,6.15464901892,-1.15485727689,1.65283124194,0.701861569317,1.88142073668,1,0.0647735774818,0.261073157391,0.75,0.99,0.0246831518815,0.0620906949271
