,ftype,K,d,c1,c2,c3,c4,c5,e11,e12,e21,e22,e31,e32,e41,e42,e51,e52,a1,lb1,ub1,lb2,ub2,rms_err,max_err
0,SMA,5,2,1.36472033182e-07,0.00405896194806,1.25177297314,0.0320398150914,3.72143666155,-4.43664292125,1.14737791195,-1.03666348754,9.94801975525,0.926177192317,0.862175065007,-0.11168154719,67.2823704313,2.57435013633,17.5362754932,1.07079622851,0.0647735774818,0.261073157391,0.75,0.99,0.00511488867252,0.0147089359125
