,ftype,K,d,c1,c2,c3,c4,c5,e11,e12,e21,e22,e31,e32,e41,e42,e51,e52,a1,lb1,ub1,lb2,ub2,rms_err,max_err
0,SMA,5,2,0.256896302913,0.733476169544,0.0205862394821,2.15828140475,0.00151573254312,92.5426803162,1.18773043862,0.141401742402,0.0722180392315,11.637707197,-0.323176531789,5.27713535269,3.08627498426,1.11598402638,-1.38840832879,0.183712716093,0.0647735774818,0.261073157391,0.75,0.99,0.00504344618407,0.0152111494124
