,ftype,K,d,c1,c2,c3,c4,c5,e11,e12,e21,e22,e31,e32,e41,e42,e51,e52,a1,lb1,ub1,lb2,ub2,rms_err,max_err
0,SMA,5,2,1.05783165357e-20,8.01114289706e-18,4.87477902169e-05,1.25155944688e-06,5.47567754479e-08,-11.4204020708,43.4559110408,-8.48630937156,9.26841065266,3.07334962344,92.7606267917,6.46835999338,8.46571900343,0.72408434996,28.6389887142,13.0744571952,0.0647735774818,0.261073157391,0.75,0.99,0.0180342423782,0.0542768468464
