,ftype,K,d,c1,c2,c3,c4,c5,e11,e12,e21,e22,e31,e32,e41,e42,e51,e52,a1,lb1,ub1,lb2,ub2,rms_err,max_err
0,SMA,5,2,0.00643948047067,1.09254568191,3.29540342003,0.040614131482,3.3034043066e-07,-0.971159620562,8.94318370709,0.638915850906,0.570570074845,2.62524793906,14.5702320375,-0.0453852178367,58.7042544987,-4.20860400287,0.631187254687,0.76289620987,0.0647735774818,0.261073157391,0.75,0.99,0.00487016345047,0.0144836888383
