,ftype,K,d,c1,c2,c3,c4,c5,e11,e12,e21,e22,e31,e32,e41,e42,e51,e52,a1,lb1,ub1,lb2,ub2,rms_err,max_err
0,MA,5,2,3.2810742935,0.0265935377847,2.04092546571,2.89235126284,0.0127887490484,1.34359290796,4.9400458983,-0.731583565979,3.83320145298,1.23126799734,1.37914808743,1.42002502145,1.39080413015,-0.942287592254,1.05207984661,1,0.0647735774818,0.261073157391,0.75,0.99,0.0165807758216,0.051130901246
