,ftype,K,d,c1,c2,c3,c4,c5,e11,e12,e21,e22,e31,e32,e41,e42,e51,e52,a1,lb1,ub1,lb2,ub2,rms_err,max_err
0,MA,5,2,0.15440876787,0.467105068624,0.0374081105993,0.34819365592,0.0764691341421,-0.220986369061,1.51620242117,0.211406328921,5.34575649157,-0.805095205861,1.05787700268,0.188245483666,1.89013262788,-0.646542764834,24.6073302224,1,0.0647735774818,0.261073157391,0.75,0.99,0.0167066705106,0.0554963354693
