,ftype,K,d,c1,c2,c3,c4,c5,e11,e12,e21,e22,e31,e32,e41,e42,e51,e52,a1,lb1,ub1,lb2,ub2,rms_err,max_err
0,SMA,5,2,0.468362266935,94.0023747424,0.00183212586352,0.00552513453911,0.0748538751079,0.444804537366,1.24985340441,5.71774666229,11.7092058838,-1.50528822704,2.4138845997,-0.0433835230424,-4.41507324624,0.0678964823875,35.0519159938,0.769405486779,0.0647735774818,0.261073157391,0.75,0.99,0.00581250833745,0.020086041039
