,ftype,K,d,c1,c2,c3,c4,c5,e11,e12,e21,e22,e31,e32,e41,e42,e51,e52,a1,lb1,ub1,lb2,ub2,rms_err,max_err
0,SMA,5,2,0.899005159259,6.5979403801e-06,0.016732801921,0.0540893275195,15.5539443166,0.542438081022,0.534729172945,0.894483542739,-3.23240768639,10.0332704626,-0.618009699639,55.5157084676,0.0462743329354,12.8118512649,3.93100613659,0.723579657792,0.0647735774818,0.261073157391,0.75,0.99,0.00464587629557,0.0141866493729
