,ftype,K,d,c1,c2,c3,c4,c5,e11,e12,e21,e22,e31,e32,e41,e42,e51,e52,a1,lb1,ub1,lb2,ub2,rms_err,max_err
0,SMA,5,2,473685.417642,1.057547413e-13,10311.1330177,2.61345219917e-10,1.86471924671e-20,19.1061073299,19.5376714441,-4.44140886083,72.6429191988,14.4827259694,81.8784541141,-0.294407809913,16.7128222855,-9.72860589649,7.45605807204,12.2711069552,0.0647735774818,0.261073157391,0.75,0.99,0.026411740451,0.0652235938466
