,ftype,K,d,c1,c2,c3,c4,c5,e11,e12,e21,e22,e31,e32,e41,e42,e51,e52,a1,lb1,ub1,lb2,ub2,rms_err,max_err
0,SMA,5,2,0.00111177362928,0.419532098655,207.851821436,0.000920127104347,0.0700674656848,2.61858342925,-1.61565741391,1.35525450782,0.503267752395,12.4403584388,6.36572950292,-7.12851893387,-0.1689436479,35.1695873614,0.0267985425424,0.936526002303,0.0647735774818,0.261073157391,0.75,0.99,0.00542166591656,0.0170396141574
