,ftype,K,d,c1,c2,c3,c4,c5,e11,e12,e21,e22,e31,e32,e41,e42,e51,e52,a1,lb1,ub1,lb2,ub2,rms_err,max_err
0,SMA,5,2,0.00756561400288,0.00125970272456,0.885573765017,1.46440879461,0.054128873268,8.95376496598,-0.482988204245,0.56834422388,-1.266445736,0.0585669545379,0.0360446080845,6.41327779019,3.30217939209,58.0307308195,0.735740605895,0.0766916025637,0.0647735774818,0.261073157391,0.75,0.99,0.00520511377137,0.0169435011763
