,ftype,K,d,c1,c2,c3,c4,c5,e11,e12,e21,e22,e31,e32,e41,e42,e51,e52,a1,lb1,ub1,lb2,ub2,rms_err,max_err
0,SMA,5,2,2.96164260275e-05,0.599052932168,0.00454973261667,0.0191452539464,0.935518292212,-2.0001115579,-0.965254978647,2.94129625092,6.04030297744,-0.678820409669,4.15916377807,0.429318890497,42.757822248,0.0156269437985,0.0167368560249,0.0380198570052,0.0647735774818,0.261073157391,0.75,0.99,0.00525485220194,0.0178370443456
