,ftype,K,d,c1,c2,c3,c4,c5,e11,e12,e21,e22,e31,e32,e41,e42,e51,e52,a1,lb1,ub1,lb2,ub2,rms_err,max_err
0,SMA,5,2,2.52119931841e-06,0.95922504128,8.12511669203,0.013593260726,0.0513208001815,0.667088729229,-3.55588661094,0.473582539551,0.503078653055,12.4942672986,3.45986981715,9.15243567397,-0.713561079332,54.4691387355,0.0359815042599,0.650672286139,0.0647735774818,0.261073157391,0.75,0.99,0.00461827815595,0.0144284654578
