,ftype,K,d,c1,c2,c3,c4,c5,e11,e12,e21,e22,e31,e32,e41,e42,e51,e52,a1,lb1,ub1,lb2,ub2,rms_err,max_err
0,SMA,5,2,0.0541962119771,1.46618386315,0.00757340715638,0.88543510568,0.00126101646215,0.735817663214,58.0353433564,3.30223622217,6.41375129404,-0.482987831241,8.95500766939,0.0360914380599,0.0586468733764,-1.26645489012,0.568533338862,0.0767916476366,0.0647735774818,0.261073157391,0.75,0.99,0.0052051207919,0.0169434539565
