,ftype,K,d,c1,c2,c3,c4,c5,e11,e12,e21,e22,e31,e32,e41,e42,e51,e52,a1,lb1,ub1,lb2,ub2,rms_err,max_err
0,MA,5,2,0.801221611431,1.20071821222,0.0355868367576,0.149992030895,0.0121924186259,0.510849854779,6.69988720579,0.939449165397,2.08271006905,-0.802366565238,1.64597688073,-0.194593790375,1.82304917321,-1.29486593713,1.79164746115,1,0.0647735774818,0.261073157391,0.75,0.99,0.0306736723001,0.0777222747714
