,ftype,K,d,c1,c2,c3,c4,c5,e11,e12,e21,e22,e31,e32,e41,e42,e51,e52,a1,lb1,ub1,lb2,ub2,rms_err,max_err
0,SMA,5,2,0.120679544855,0.0469764672971,0.00875039918602,10.4361846125,0.769814881246,-0.717218546252,-0.209030861305,36.6006794615,0.432612357409,3.28051772347,-0.858585344849,9.10475643239,5.15100444068,0.371112037253,0.159848505756,0.1139472967,0.0647735774818,0.261073157391,0.75,0.99,0.00544866648505,0.0176039371501
