,ftype,K,d,c1,c2,c3,c4,c5,e11,e12,e21,e22,e31,e32,e41,e42,e51,e52,a1,lb1,ub1,lb2,ub2,rms_err,max_err
0,SMA,5,2,6.92099743792,0.00415679994263,0.86028272402,0.000654258859034,0.0444315276323,8.1544257951,4.35622200358,1.86731658468,-1.11799399283,0.144489678992,0.0690645723279,-5.29924869059,-0.646111311648,32.8073052863,0.254269959025,0.115916288656,0.0647735774818,0.261073157391,0.75,0.99,0.00548148329698,0.0183043001104
