,ftype,K,d,c1,c2,c3,c4,c5,e11,e12,e21,e22,e31,e32,e41,e42,e51,e52,a1,lb1,ub1,lb2,ub2,rms_err,max_err
0,MA,5,2,0.400521939884,3.00948534911,3.03739475995,0.303593674155,3.03648632898,0.409076551713,2.13462644675,1.18565138603,4.32560621749,1.28915437955,1.15133596709,0.194442716892,6.47488646809,1.18324408603,3.99704904179,1,0.0647735774818,0.261073157391,0.75,0.99,0.028866250114,0.0784659197999
