,ftype,K,d,c1,c2,c3,c4,e11,e12,e21,e22,e31,e32,e41,e42,a1,lb1,ub1,lb2,ub2,rms_err,max_err
0,SMA,4,2,1.82767478026e-06,2.57382732078,50.1740654317,2.34633469639e-05,52.2788319884,-2.72992184762,30.2741878443,3.35213929369,5.12515654987,5.74715140283,2.54053467621,-2.04371021229,3.40106507791,0.0647735774818,0.261073157391,0.75,0.99,0.0288600347496,0.0845959824899
