,ftype,K,d,c1,c2,c3,c4,c5,e11,e12,e21,e22,e31,e32,e41,e42,e51,e52,a1,lb1,ub1,lb2,ub2,rms_err,max_err
0,SMA,5,2,0.0139046774781,1.45351097076e-05,10.9056113869,0.786460874459,0.0634550261115,-0.675950539951,7.82865538319,-2.96178873697,0.540724937457,3.86465039501,8.84775542551,0.313844573096,0.352036089019,0.0557651844526,41.5924818081,0.501014850694,0.0647735774818,0.261073157391,0.75,0.99,0.00433000207009,0.0133249757179
