,ftype,K,d,c1,c2,c3,c4,c5,e11,e12,e21,e22,e31,e32,e41,e42,e51,e52,a1,lb1,ub1,lb2,ub2,rms_err,max_err
0,SMA,5,2,0.000345488490201,3.41897624624e-06,1.36002396728e-15,2.65687387998e-18,1.03588060976e-06,2.68003319097,80.2146360804,6.2153748887,-0.158174455369,-7.66562887887,7.79004551015,-10.3410527134,35.168130577,0.697944680939,22.9856635883,10.9624586264,0.0647735774818,0.261073157391,0.75,0.99,0.0179723093577,0.0532753883074
