,ftype,K,d,c1,c2,c3,c4,c5,e11,e12,e21,e22,e31,e32,e41,e42,e51,e52,a1,lb1,ub1,lb2,ub2,rms_err,max_err
0,MA,5,2,0.066740137394,0.455248812771,0.155619699247,0.0533028488104,0.459026239414,-0.54686553618,2.41907562751,0.447408279675,1.70149587684,-0.175526810771,1.75984682339,-0.587610281374,0.664017162472,0.261686567308,5.64879586323,1,0.0647735774818,0.261073157391,0.75,0.99,0.0155307297456,0.0404253391724
