,ftype,K,d,c1,c2,c3,c4,c5,e11,e12,e21,e22,e31,e32,e41,e42,e51,e52,a1,lb1,ub1,lb2,ub2,rms_err,max_err
0,MA,5,2,0.236620411516,5.82598505695,0.160491123253,5.91843355038,5.76124704234,0.242432518146,5.90425756936,1.65009749475,2.20777157525,0.205985664627,1.59276503016,1.50907463016,21.2459095235,1.72210423911,1.10794970683,1,0.0647735774818,0.237144445492,0.75,0.99,0.0499120777002,0.147538745786
