,ftype,K,d,c1,c2,c3,c4,c5,e11,e12,e21,e22,e31,e32,e41,e42,e51,e52,a1,lb1,ub1,lb2,ub2,rms_err,max_err
0,SMA,5,2,17.4415280015,19.1941375818,65.1113069142,1.40746979897e-05,6.37038075252e-09,5.65332797433,3.43410936186,5.25700292125,14.440438571,5.65900637845,63.1502284095,-1.02480066429,46.5301416535,-3.25279717201,10.2166262672,5.4475442623,0.0647735774818,0.261073157391,0.75,0.99,0.00914442453031,0.022948141854
