,ftype,K,d,c1,c2,c3,c4,c5,e11,e12,e21,e22,e31,e32,e41,e42,e51,e52,a1,lb1,ub1,lb2,ub2,rms_err,max_err
0,MA,5,2,0.168367970321,4.78146120287,0.272720172053,0.560049076733,4.98327535766,0.226187876462,1.55363233226,1.47288562804,4.31336873864,0.271635220488,6.64416165338,0.661913401605,2.04094116345,1.61183509916,1.23712951859,1,0.0647735774818,0.248821319711,0.75,0.99,0.0494695620506,0.133764532834
