,ftype,K,d,c1,c2,c3,c4,c5,e11,e12,e21,e22,e31,e32,e41,e42,e51,e52,a1,lb1,ub1,lb2,ub2,rms_err,max_err
0,SMA,5,2,0.000639413227811,0.505044850713,0.0654399947941,0.000564456573003,164.837909331,-1.81131086485,2.38814741265,0.433172977018,1.18304010003,-0.0769338713284,33.1975362419,-0.168468666028,-8.58166781365,6.19201235709,10.4044537112,0.835945373161,0.0647735774818,0.261073157391,0.75,0.99,0.00480873166955,0.0119322920191
