,ftype,K,d,c1,c2,c3,c4,c5,e11,e12,e21,e22,e31,e32,e41,e42,e51,e52,a1,lb1,ub1,lb2,ub2,rms_err,max_err
0,SMA,5,2,0.0173088029162,15.4221024351,1.00659026078e-05,0.851951701025,0.0575683271897,-0.613159831191,9.24109918977,3.99565204247,11.5025102869,-3.1007232803,0.787887784373,0.443548865989,0.449452299724,0.0481183133648,50.5962501636,0.629057900452,0.0647735774818,0.261073157391,0.75,0.99,0.00456504645097,0.0141126355547
