,ftype,K,d,c1,c2,c3,c4,c5,e11,e12,e21,e22,e31,e32,e41,e42,e51,e52,a1,lb1,ub1,lb2,ub2,rms_err,max_err
0,MA,5,2,0.134936300474,1.68434285462,0.00946621744898,0.91866530799,0.00898317661472,-0.212881420175,1.72171500418,1.15375435525,2.11128947845,-1.39641504882,2.59331871176,0.602417562714,6.73497893143,-1.39902295397,1.68895373951,1,0.0647735774818,0.261073157391,0.75,0.99,0.0349491363705,0.106347749661
