,ftype,K,d,c1,c2,c3,c4,c5,e11,e12,e21,e22,e31,e32,e41,e42,e51,e52,a1,lb1,ub1,lb2,ub2,rms_err,max_err
0,SMA,5,2,0.818248295445,0.0602944458151,13.2145766323,1.28276706582e-05,0.0162864006495,0.361316076019,0.374637471085,0.045348237029,44.4543801131,3.96942187371,9.89577672315,-3.02040892327,0.705323480374,-0.624778202237,8.31455335103,0.541902972719,0.0647735774818,0.261073157391,0.75,0.99,0.00444880803334,0.0138544616495
