,ftype,K,d,c1,c2,c3,c4,c5,e11,e12,e21,e22,e31,e32,e41,e42,e51,e52,a1,lb1,ub1,lb2,ub2,rms_err,max_err
0,SMA,5,2,24.3366721191,2.6429792003,1.36692237142,4.84228828592e-07,0.00028960389192,4.2674020767,2.41672178561,2.77323837495,57.463849545,2.41138612749,11.2667573406,-3.71353029245,32.6331257828,-1.68149050685,1.2650106889,2.21185566447,0.0647735774818,0.261073157391,0.75,0.99,0.0293339481808,0.0769131478007
