,ftype,K,d,c1,c2,c3,c4,c5,e11,e12,e21,e22,e31,e32,e41,e42,e51,e52,a1,lb1,ub1,lb2,ub2,rms_err,max_err
0,SMA,5,2,1.70945377805e-10,1125.0014672,437.572900474,1.86504572844e-07,384.390959318,-2.54644338375,16.4981535195,8.65844555937,90.3478411862,9.35740127517,6.57045437032,-0.856757251074,62.5800034371,8.58577645474,23.2087149954,8.39743578804,0.0647735774818,0.261073157391,0.75,0.99,0.0129579384318,0.0345309067654
