,ftype,K,d,c1,c2,c3,c4,c5,e11,e12,e21,e22,e31,e32,e41,e42,e51,e52,a1,lb1,ub1,lb2,ub2,rms_err,max_err
0,SMA,5,2,1.0925457541,0.00643948770871,3.30341898312e-07,3.29540678269,0.040614130987,0.638916090838,0.570570379605,-0.971159081135,8.94318808857,-4.20860259649,0.631189402464,2.62524862875,14.570237173,-0.0453851702416,58.704280353,0.762896497991,0.0647735774818,0.261073157391,0.75,0.99,0.00487016345045,0.0144836898963
