,ftype,K,d,c1,c2,c3,c4,c5,e11,e12,e21,e22,e31,e32,e41,e42,e51,e52,a1,lb1,ub1,lb2,ub2,rms_err,max_err
0,MA,5,2,0.0866262404457,1.43850013054,0.0433848710429,0.217432514549,1.29004388575,1.12479257654,-0.357683842609,5.86989132659,0.980113812034,0.804309476163,-0.636716173198,3.34610362293,-0.00692016130661,1.61725543412,1.10178563898,1,0.0647735774818,0.261073157391,0.75,0.99,0.021602810427,0.0705389823981
