,ftype,K,d,c1,c2,c3,c4,c5,e11,e12,e21,e22,e31,e32,e41,e42,e51,e52,a1,lb1,ub1,lb2,ub2,rms_err,max_err
0,SMA,5,2,0.0444672506839,5.07073052841,0.0877477275998,0.819298685378,0.00727938861299,-1.14270119956,-0.312542907034,5.71302209921,4.48564797619,36.8981779111,0.658146660329,0.270007942162,0.115745906323,3.15959934456,-0.929308065107,0.121061397024,0.0647735774818,0.261073157391,0.75,0.99,0.0052536853661,0.0149953493023
