,ftype,K,d,c1,c2,c3,c4,c5,e11,e12,e21,e22,e31,e32,e41,e42,e51,e52,a1,lb1,ub1,lb2,ub2,rms_err,max_err
0,SMA,5,2,0.0206049356723,2.16136328517,0.00151651487068,0.733072128389,0.257303134971,-0.323242673583,11.6395126958,3.08641661168,5.27820496558,-1.38854076302,1.11643425015,0.0723429607138,0.141667928929,1.18795169937,92.5446924604,0.184041757923,0.0647735774818,0.261073157391,0.75,0.99,0.00504344558503,0.0152109996209
