,ftype,K,d,c1,c2,c3,c4,e11,e12,e21,e22,e31,e32,e41,e42,a1,lb1,ub1,lb2,ub2,rms_err,max_err
0,SMA,4,2,13338.5695085,3.5560818419e-11,14440.9822408,5.33504044375e-09,11.088265698,53.3942254982,-1.66369053347,23.2090753066,12.2994349389,10.7641520401,-0.84829120561,82.2562452078,10.3244567273,0.0647735774818,0.261073157391,0.75,0.99,0.0199313075049,0.0519769219505
