,ftype,K,d,c1,c2,c3,c4,c5,e11,e12,e21,e22,e31,e32,e41,e42,e51,e52,a1,lb1,ub1,lb2,ub2,rms_err,max_err
0,MA,5,2,0.252308103313,0.181619951053,3.84038719322,4.1355369419,4.22397326972,6.82361907378,0.21529454486,1.76609556537,0.229246060503,5.97143030732,1.33451829316,1.06530958818,1.52009263232,2.00158221894,1.45750248508,1,0.0647735774818,0.261073157391,0.75,0.99,0.0490171788878,0.117439227635
