,ftype,K,d,c1,c2,c3,c4,c5,e11,e12,e21,e22,e31,e32,e41,e42,e51,e52,a1,lb1,ub1,lb2,ub2,rms_err,max_err
0,SMA,5,2,0.0575687382986,1.0067750177e-05,0.851950792228,0.0173094025277,15.4234104111,0.0481251229454,50.5974415256,-3.10066636329,0.787978571672,0.443563367046,0.449473947818,-0.613140804379,9.24143627999,3.99570868783,11.5028254155,0.629077661505,0.0647735774818,0.261073157391,0.75,0.99,0.00456504644852,0.0141126555493
