,ftype,K,d,c1,c2,c3,c4,c5,e11,e12,e21,e22,e31,e32,e41,e42,e51,e52,a1,lb1,ub1,lb2,ub2,rms_err,max_err
0,MA,5,2,0.122184714552,0.0166864109007,0.157711057144,6.74090212664,6.35582239751,0.100458992329,1.61257759785,-0.639263050721,1.54018119276,0.0944815762716,5.49589124096,1.80314545421,1.23141022239,1.64879502982,4.55971319337,1,0.0647735774818,0.226015552419,0.75,0.99,0.0479713765155,0.120626008078
