,ftype,K,d,c1,c2,c3,c4,c5,e11,e12,e21,e22,e31,e32,e41,e42,e51,e52,a1,lb1,ub1,lb2,ub2,rms_err,max_err
0,MA,5,2,0.122868791795,0.0348143899607,0.217868750289,0.497822019715,0.398251234757,-0.306822162921,1.31243157841,-0.855318306378,1.2927430063,-0.0790708287115,1.96470082678,0.239770716827,5.56762642651,0.273020909608,1.854293469,1,0.0647735774818,0.261073157391,0.75,0.99,0.0184772828652,0.0618479490821
