,ftype,K,d,c1,c2,c3,c4,c5,e11,e12,e21,e22,e31,e32,e41,e42,e51,e52,a1,lb1,ub1,lb2,ub2,rms_err,max_err
0,SMA,5,2,0.00503638652821,0.906455832622,0.0265886278601,0.0274294530826,3.15176215365,-0.874486203986,2.9439290332,0.0596132425295,0.135849544916,0.421247949167,35.4374521024,-0.335064848659,-1.19598675736,4.57953353948,7.48944326629,0.0580557744469,0.0647735774818,0.261073157391,0.75,0.99,0.00540687147554,0.0174800482578
