,ftype,K,d,c1,c2,c3,c4,c5,e11,e12,e21,e22,e31,e32,e41,e42,e51,e52,a1,lb1,ub1,lb2,ub2,rms_err,max_err
0,SMA,5,2,0.382007660252,0.000782805509456,0.0675796025547,276.941479824,0.000549243584621,0.568235960692,1.52616604348,-1.68439498016,2.94451633011,0.0353606275108,35.0821659122,6.59795775353,12.9265218362,-0.23245997642,-7.55081020045,1.0782340596,0.0647735774818,0.261073157391,0.75,0.99,0.0052085483689,0.0154498047401
