,ftype,K,d,c1,c2,c3,c4,c5,e11,e12,e21,e22,e31,e32,e41,e42,e51,e52,a1,lb1,ub1,lb2,ub2,rms_err,max_err
0,SMA,5,2,1.19934771119e-08,1.25443281149e-13,1.23908811688e-28,5.89436481906e-30,4.02913225468e-08,10.9276638044,30.3324792022,0.975327386532,52.7027206241,-12.9772552195,16.051718304,-15.0641954533,73.0635454394,5.6758468824,145.528429399,22.3161422438,0.0647735774818,0.261073157391,0.75,0.99,0.0167614267131,0.0438361674284
