,ftype,K,d,c1,c2,c3,c4,c5,e11,e12,e21,e22,e31,e32,e41,e42,e51,e52,a1,lb1,ub1,lb2,ub2,rms_err,max_err
0,SMA,5,2,0.611355017987,0.00233509376058,14.2896764922,0.0977544286471,0.000997286178411,0.517557301127,0.196977917293,2.37676870688,-1.45933454086,7.59897511968,4.31864100408,34.0355640597,0.22959673476,-6.11084344155,-0.48368199781,0.38990360401,0.0647735774818,0.261073157391,0.75,0.99,0.00547785766571,0.0158488637215
