,ftype,K,d,c1,c2,c3,c4,c5,e11,e12,e21,e22,e31,e32,e41,e42,e51,e52,a1,lb1,ub1,lb2,ub2,rms_err,max_err
0,SMA,5,2,2.63581578031,4.97832310616e-07,1.37842375521,24.3716097348,0.000289021713218,57.047433888,2.77083366145,32.5493836646,-3.70316216245,11.1927495072,2.41695375539,2.40806026029,4.27148881901,1.26453803473,-1.6819181037,2.21225529929,0.0647735774818,0.261073157391,0.75,0.99,0.0293339488815,0.0768542613686
