,ftype,K,d,c1,c2,c3,c4,c5,e11,e12,e21,e22,e31,e32,e41,e42,e51,e52,a1,lb1,ub1,lb2,ub2,rms_err,max_err
0,SMA,5,2,1.25416809118e-13,4.0284930957e-08,1.23850863233e-28,5.89320583871e-30,1.19932985021e-08,0.97534915124,52.7029333888,5.67587156466,145.529209618,-12.9773476041,16.0518446027,-15.0641913189,73.0636324734,10.9278420436,30.3326413076,22.3163093488,0.0647735774818,0.261073157391,0.75,0.99,0.016761426507,0.0438359713305
