,ftype,K,d,c1,c2,c3,c4,c5,e11,e12,e21,e22,e31,e32,e41,e42,e51,e52,a1,lb1,ub1,lb2,ub2,rms_err,max_err
0,SMA,5,2,3.2808865845e-25,3.7096600433e-07,0.000423836926431,1.12171880986e-39,4.4086747818e-41,-4.07440194046,62.4257597535,13.9979514576,193.175052974,24.8990999702,51.2015251021,-18.439429483,92.8973228417,-18.2367524348,19.4526128819,31.0391456055,0.0647735774818,0.261073157391,0.75,0.99,0.0150362301959,0.0416998095196
