,ftype,K,d,c1,c2,c3,c4,c5,e11,e12,e21,e22,e31,e32,e41,e42,e51,e52,a1,lb1,ub1,lb2,ub2,rms_err,max_err
0,SMA,5,2,1.23011242661,1.41165538415e-13,1.04516989962,0.0490704277973,1.26651042555e-20,19.85898947,15.2930887889,34.7865332231,-2.97940144726,46.9192281847,13.0385572007,127.473622769,9.22896326243,9.37650426555,-8.99727597332,15.0016341085,0.0647735774818,0.261073157391,0.75,0.99,0.0199082525238,0.058842064338
