,ftype,K,d,c1,c2,c3,c4,c5,e11,e12,e21,e22,e31,e32,e41,e42,e51,e52,a1,lb1,ub1,lb2,ub2,rms_err,max_err
0,SMA,5,2,0.530119903069,3.00894755954e-05,26.5485616583,0.0231207433187,0.0361060298001,0.655746856916,1.42142629248,-3.09018227696,2.67706207343,3.9498656985,24.3937759091,-0.56999209124,45.6892121139,-0.396950429347,7.65519583312,2.01733832921,0.0647735774818,0.261073157391,0.75,0.99,0.00598487015983,0.0151562718735
