,ftype,K,d,c1,c2,c3,c4,c5,e11,e12,e21,e22,e31,e32,e41,e42,e51,e52,a1,lb1,ub1,lb2,ub2,rms_err,max_err
0,SMA,5,2,0.32235709532,0.0112263369629,0.41479655878,0.296728598563,38604.0646233,1.90737200601,14.0881172672,-0.54332343789,37.8877742462,-0.078285541046,0.920547513265,-0.135899867658,-0.436569406846,11.1529871812,3.2872259993,0.200206996019,0.0647735774818,0.261073157391,0.75,0.99,0.008556800112,0.0192057934632
