,ftype,K,d,c1,c2,c3,e11,e12,e21,e22,e31,e32,a1,lb1,ub1,lb2,ub2,rms_err,max_err
0,SMA,3,2,0.922029592173,0.0645013456957,0.0406144527162,-0.0262762847214,0.0310567707412,1.04271796892,10.2999108478,0.0378314471168,317.367068538,0.0488200238982,0.0647735774818,0.261073157391,0.75,0.99,0.0109911883946,0.0230406941166
