,ftype,K,d,c1,c2,c3,c4,c5,e11,e12,e21,e22,e31,e32,e41,e42,e51,e52,a1,lb1,ub1,lb2,ub2,rms_err,max_err
0,SMA,5,2,1.16747661398e-71,9.55341417108e-43,1540646.24991,8.14125007231e-29,0.011397225515,73.5238950029,-45.3526196304,45.7371600682,-13.9560876517,80.0855138309,43.5204909462,103.986291696,-2.48197019369,317.456567431,22.8902966848,41.1523740356,0.0647735774818,0.261073157391,0.75,0.99,0.0287484940644,0.0727830633907
