,ftype,K,d,c1,c2,c3,c4,c5,e11,e12,e21,e22,e31,e32,e41,e42,e51,e52,a1,lb1,ub1,lb2,ub2,rms_err,max_err
0,SMA,5,2,0.0140928445016,0.000291921982035,0.968309656344,1.97587110234,6.65767959972e-07,0.493636135594,28.2810794167,1.8197764387,-13.8029217804,-0.00612056408162,0.0376462407238,4.81025708415,1.78403228312,-3.12426784607,-0.595689045576,0.0318221162878,0.0647735774818,0.261073157391,0.75,0.99,0.00503366272731,0.0121742978099
