,ftype,K,d,c1,c2,c3,c4,c5,e11,e12,e21,e22,e31,e32,e41,e42,e51,e52,a1,lb1,ub1,lb2,ub2,rms_err,max_err
0,SMA,5,2,0.358105030094,0.0028176562599,0.0653720630779,65.9751454089,0.500746645019,-0.0276967773456,-0.451166535076,-0.69664938796,14.0674026006,1.15576964339,52.7707370479,6.43772637894,2.83669910362,-0.0482763510683,0.597287748271,0.0760724562511,0.0647735774818,0.261073157391,0.75,0.99,0.00904307506055,0.0270363665215
