,ftype,K,d,c1,c2,c3,c4,c5,e11,e12,e21,e22,e31,e32,e41,e42,e51,e52,a1,lb1,ub1,lb2,ub2,rms_err,max_err
0,SMA,5,2,3784.61887484,5.04326017073e-12,4.69941031776e-12,3888.21940044,109517.497848,11.0546723207,10.7203068826,-5.83811787086,81.5813188221,-4.50661944034,22.887710973,9.839455834,29.6626686473,10.4427739556,90.0641423198,13.1694913059,0.0647735774818,0.261073157391,0.75,0.99,0.0113432794906,0.0317370348023
