,ftype,K,d,c1,c2,c3,c4,c5,e11,e12,e21,e22,e31,e32,e41,e42,e51,e52,a1,lb1,ub1,lb2,ub2,rms_err,max_err
0,MA,5,2,0.016735292664,3.45196219061,0.0327008243984,2.17047843147,3.48132563651,-0.783026782558,1.78298599761,1.49175191538,1.491443515,-0.648506557885,6.45780212204,1.22771137041,2.89472344898,1.32981840217,5.89630090833,1,0.0647735774818,0.261073157391,0.75,0.99,0.0415193056658,0.117070821353
