,ftype,K,d,c1,c2,c3,c4,c5,e11,e12,e21,e22,e31,e32,e41,e42,e51,e52,a1,lb1,ub1,lb2,ub2,rms_err,max_err
0,MA,5,2,1.26674644323,0.121804393111,0.0235160967988,0.809411766908,0.0222894941309,1.96180879663,1.00205923323,1.54628426638,-0.263032341327,3.32650526108,-1.02227829637,7.4523072852,0.51681456137,1.45642182566,-0.998369521591,1,0.0647735774818,0.261073157391,0.75,0.99,0.0262505201664,0.0729028419858
