,ftype,K,d,c1,c2,c3,c4,c5,e11,e12,e21,e22,e31,e32,e41,e42,e51,e52,a1,lb1,ub1,lb2,ub2,rms_err,max_err
0,SMA,5,2,0.0171830419435,0.0305017403868,3.16474988172e-20,0.948756132678,14686.4354113,49.4078955761,0.809394554608,4.41230474284,0.637513615715,4392.80280137,-29.8838127585,0.0144344885183,-0.0145478418373,-0.173204118512,12.1953985992,0.0318472232993,0.0647735774818,0.261073157391,0.75,0.99,0.00539347977107,0.0148513720771
