,ftype,K,d,c1,c2,c3,e11,e12,e21,e22,e31,e32,a1,lb1,ub1,lb2,ub2,rms_err,max_err
0,MA,3,2,0.29216106232,0.0695994713974,0.159136717958,6.01499289512,0.0218976577195,5.1865284752,-0.880692725321,2.09661430553,-0.232455489932,1,0.0647735774818,0.261073157391,0.75,0.99,0.0356418676917,0.111622624721
