,ftype,K,d,c1,c2,c3,c4,c5,e11,e12,e21,e22,e31,e32,e41,e42,e51,e52,a1,lb1,ub1,lb2,ub2,rms_err,max_err
0,SMA,5,2,4.24031753944e+58,2.41887839711e-05,2.09312229562e-09,21.399732653,2.62374501006e-10,-5.72981636835,15461.2193482,2.61466701217,14.0358361829,-3.77963734305,16.3934440893,10.3141101861,60.1721961002,-7.20373265424,52.3933654535,9.32138968853,0.0647735774818,0.261073157391,0.75,0.99,0.0147313895381,0.0589677867601
