,ftype,K,d,c1,c2,c3,c4,c5,e11,e12,e21,e22,e31,e32,e41,e42,e51,e52,a1,lb1,ub1,lb2,ub2,rms_err,max_err
0,MA,5,2,1.49506784701,0.0175236064595,0.106272387485,0.899665010635,0.205764185498,1.07671972754,1.98798060637,-1.13705369764,1.80055324168,-0.30088372835,1.23076602233,0.547519385233,7.8344358972,-0.0613484065108,2.32506051864,1,0.0647735774818,0.261073157391,0.75,0.99,0.0294224881985,0.0760719840971
