lb1,lb0,e20,d,ub0,e11,e10,K,e00,e01,a1,ftype,max_err,ub1,c2,c1,c0,rms_err,e21
-1.4163179249050939,-1.3429546144171396,-0.0160832446365596,2,-0.2876820724517809,7.4247077395469949,0.89573549722783141,3,0.5556443546619777,368.73801335992545,0.032392831110109592,SMA,0.019382034563479311,-0.2876820724517809,0.94885880595894168,0.041655906363138775,0.17432780094559361,0.0091972315402206462,0.013581529200240576
