,ftype,K,d,c1,c2,c3,c4,c5,e11,e12,e21,e22,e31,e32,e41,e42,e51,e52,a1,lb1,ub1,lb2,ub2,rms_err,max_err
0,MA,5,2,0.168004844896,0.0705251693893,0.281249801834,0.151309596828,0.0778296884412,1.73535992546,-0.146552952288,6.6425808827,-0.89647052159,6.23886206923,-0.019937924288,2.5061628192,-0.300151615674,4.82829917264,-0.80811407473,1,0.0647735774818,0.261073157391,0.75,0.99,0.0287886537089,0.102143255218
