,ftype,K,d,c1,c2,c3,c4,c5,e11,e12,e21,e22,e31,e32,e41,e42,e51,e52,a1,lb1,ub1,lb2,ub2,rms_err,max_err
0,SMA,5,2,2.68568879411e-14,984222.618431,9.7300047366e-15,589531.985317,12006924.0671,-4.66161157714,30.0270957396,14.3058429613,34.0692805302,-6.79004240432,101.26642345,15.6365108489,13.0753330645,14.0686696332,103.018208092,16.5129512346,0.0647735774818,0.261073157391,0.75,0.99,0.0137700317763,0.0384819322468
