,ftype,K,d,c1,c2,c3,c4,c5,e11,e12,e21,e22,e31,e32,e41,e42,e51,e52,a1,lb1,ub1,lb2,ub2,rms_err,max_err
0,MA,5,2,0.0815744615882,4.42028802509,5.27801720089,0.124783685641,0.191501583529,-0.34855946721,1.85377622309,1.21265440599,4.08438487859,1.43052561588,1.02430231403,-0.324056784771,7.06803630535,-0.0758818318649,3.17608634308,1,0.0647735774818,0.261073157391,0.75,0.99,0.0478398523067,0.134237331394
