,ftype,K,d,c1,c2,c3,c4,c5,e11,e12,e21,e22,e31,e32,e41,e42,e51,e52,a1,lb1,ub1,lb2,ub2,rms_err,max_err
0,SMA,5,2,7542.5997923,0.23525011127,0.000645994627943,0.0167186926786,0.003423213502,9.45916345198,7.04395082345,0.982892223584,22.0042565986,-1.3728440785,-2.27926664882,-1.16809892308,3.46278239194,-1.73556110568,49.8059436987,2.21432752002,0.0647735774818,0.261073157391,0.75,0.99,0.00891499824761,0.0202294526596
