,ftype,K,d,c1,c2,c3,c4,c5,e11,e12,e21,e22,e31,e32,e41,e42,e51,e52,a1,lb1,ub1,lb2,ub2,rms_err,max_err
0,SMA,5,2,0.0289010817105,0.00412131943928,0.255081309398,885.776520052,0.00179442568442,-0.940188302586,3.99165347202,-1.08175780834,-0.806512479056,0.909264617896,29.8384467162,7.5789708409,6.81525629287,-1.8234915591,45.2786852227,1.83179672972,0.0647735774818,0.261073157391,0.75,0.99,0.00889282334723,0.0210355704966
