,ftype,K,d,c1,c2,c3,c4,c5,e11,e12,e21,e22,e31,e32,e41,e42,e51,e52,a1,lb1,ub1,lb2,ub2,rms_err,max_err
0,MA,5,2,0.121357900157,0.0212002017123,0.82496686672,0.239869000128,1.18028933222,1.29486721256,-0.2155487684,1.70047415843,-1.01283243569,7.57881505225,0.544657727603,2.55623884391,0.0353534162811,1.92540299485,0.976344532788,1,0.0647735774818,0.261073157391,0.75,0.99,0.0285823732266,0.0730865782598
