,ftype,K,d,c1,c2,c3,c4,c5,e11,e12,e21,e22,e31,e32,e41,e42,e51,e52,a1,lb1,ub1,lb2,ub2,rms_err,max_err
0,SMA,5,2,0.583961405377,0.0738817531383,20.7106812381,3.1717808407e-05,0.149514573617,-0.0628382567505,0.883580033364,0.0784179082401,33.2996805459,4.5311163266,8.23503682927,-2.83811419359,0.112671477327,0.716666903841,-2.24359183114,0.517447855907,0.0647735774818,0.261073157391,0.75,0.99,0.00529818612039,0.0138376624949
