,ftype,K,d,c1,c2,c3,c4,c5,e11,e12,e21,e22,e31,e32,e41,e42,e51,e52,a1,lb1,ub1,lb2,ub2,rms_err,max_err
0,MA,5,2,0.00150578658478,5.68574649953,0.0989903804128,7.57713605876,0.123550666994,-1.7738655098,2.08263634987,1.41101122526,4.45546416018,-0.191334633132,1.82811379491,1.69004236864,1.06058804193,-0.236979870551,6.69842675957,1,0.0647735774818,0.226015552419,0.75,0.99,0.0490887512619,0.141950664633
