,ftype,K,d,c1,c2,c3,e11,e12,e21,e22,e31,e32,a1,lb1,ub1,lb2,ub2,rms_err,max_err
0,SMA,3,2,0.110363257901,0.855067687858,0.259392868177,0.851614085912,7.40666479875,-0.0484289355744,0.0381165923674,0.531521238424,316.218339933,0.0947248506965,0.0647735774818,0.261073157391,0.75,0.99,0.00988446244378,0.0224558051756
