,ftype,K,d,c1,c2,c3,c4,e11,e12,e21,e22,e31,e32,e41,e42,a1,lb1,ub1,lb2,ub2,rms_err,max_err
0,SMA,4,2,0.509905081859,2.2177372615e+122,0.188075220021,0.284716838076,-0.200489551211,0.208656113648,213.155839327,2.55571979581,0.634254464595,105.671611925,0.691490661346,7.4579285446,0.4303698159,0.0647735774818,0.261073157391,0.75,0.99,0.00649166192353,0.0181281706566
