,ftype,K,d,c1,c2,c3,c4,c5,e11,e12,e21,e22,e31,e32,e41,e42,e51,e52,a1,lb1,ub1,lb2,ub2,rms_err,max_err
0,SMA,5,2,182050482.065,1239445864.83,411988135.831,3.56108373535e-17,1.58784912196e-16,20.2585791851,15.4542350558,17.5674228075,118.710781186,18.7953635779,39.39842578,-7.532362708,119.759927975,-4.87027261226,36.385015501,19.283282522,0.0647735774818,0.261073157391,0.75,0.99,0.0171764649825,0.0485008170322
