,ftype,K,d,c1,c2,c3,c4,c5,e11,e12,e21,e22,e31,e32,e41,e42,e51,e52,a1,lb1,ub1,lb2,ub2,rms_err,max_err
0,SMA,5,2,0.183813756203,1.20846149992,1.3656326372,1.13817442805e-07,6.03047471974e-06,3.67666953943,-3.583610829,2.5398914479,6.31027491545,2.30902198813,44.7827389897,-4.44637091279,13.1962059074,-2.89449133138,2.10367501837,2.72069150191,0.0647735774818,0.261073157391,0.75,0.99,0.0268538866708,0.0638733447212
