,ftype,K,d,c1,c2,c3,c4,c5,e11,e12,e21,e22,e31,e32,e41,e42,e51,e52,a1,lb1,ub1,lb2,ub2,rms_err,max_err
0,MA,5,2,0.491555506267,0.330147344215,0.213953654745,0.258237427642,0.332114245717,-0.151906890601,4.06489111304,-0.37143699419,2.53701827365,-0.500865666741,0.624551353669,-0.445941834153,1.02759467356,-0.323602103649,1.50865976923,1,0.0647735774818,0.261073157391,0.75,0.99,0.0102140325187,0.0212690993215
