,ftype,K,d,c1,c2,c3,c4,c5,e11,e12,e21,e22,e31,e32,e41,e42,e51,e52,a1,lb1,ub1,lb2,ub2,rms_err,max_err
0,MA,5,2,0.0405262003915,1.22051543022,0.0163181265908,0.280391655597,1.26093412184,38.9484131315,-0.847286120463,6.76326304086,0.799606568862,1.50627269884,-1.00992030462,1.64719306556,0.221886642633,1.74209872578,1.0461711827,1,0.0647735774818,0.261073157391,0.75,0.99,0.02134830381,0.0485291948384
