,ftype,K,d,c1,c2,c3,c4,c5,e11,e12,e21,e22,e31,e32,e41,e42,e51,e52,a1,lb1,ub1,lb2,ub2,rms_err,max_err
0,SMA,5,2,0.449248854023,3.9007694722e-06,0.0386274808867,0.537105039295,3.376083498e-114,0.135874738258,-0.156955045301,-26.5623765335,1.12345977865,26.7419161044,0.423075508483,0.0682059329483,0.252914142972,-1.08155502017,-93.0515858992,0.0963575657825,0.0647735774818,0.261073157391,0.75,0.99,0.00603385025986,0.0170645875383
