,ftype,K,d,c1,c2,c3,c4,c5,e11,e12,e21,e22,e31,e32,e41,e42,e51,e52,a1,lb1,ub1,lb2,ub2,rms_err,max_err
0,SMA,5,2,1.58784912196e-16,1239445864.83,182050482.065,411988135.831,3.56108373535e-17,36.385015501,-4.87027261226,118.710781186,17.5674228075,15.4542350558,20.2585791851,39.39842578,18.7953635779,119.759927975,-7.532362708,19.283282522,0.0647735774818,0.261073157391,0.75,0.99,0.0171764649825,0.0485008170322
