,ftype,K,d,c1,c2,c3,c4,c5,e11,e12,e21,e22,e31,e32,e41,e42,e51,e52,a1,lb1,ub1,lb2,ub2,rms_err,max_err
0,SMA,5,2,6.14486795935e-18,26761151781.1,2.64868565622,2818241021.18,21858588972.9,-6.05841249611,41.0435699931,22.4702753535,15.5346137062,-7.24783958282,4029.63379448,18.0531183297,125.59773383,20.6494817082,41.3859121974,18.131496879,0.0647735774818,0.261073157391,0.75,0.99,0.0290716483343,0.0771904758462
