,ftype,K,d,c1,c2,c3,c4,c5,e11,e12,e21,e22,e31,e32,e41,e42,e51,e52,a1,lb1,ub1,lb2,ub2,rms_err,max_err
0,SMA,5,2,0.00234805510337,1.59713146075e-28,4.43777343238e-42,2.40288874006e-68,124844.598616,21.5537019798,305.63216844,-2.83039362359,99.2214628762,-14.0022087925,43.3283074971,-42.6300990636,70.0128869498,41.2770879731,77.225437101,39.8729653899,0.0647735774818,0.261073157391,0.75,0.99,0.0283459171631,0.071941573103
