,ftype,K,d,c1,c2,c3,c4,c5,e11,e12,e21,e22,e31,e32,e41,e42,e51,e52,a1,lb1,ub1,lb2,ub2,rms_err,max_err
0,SMA,5,2,26.5485616583,0.530119903069,0.0231207433187,3.00894755954e-05,0.0361060298001,24.3937759091,3.9498656985,1.42142629248,0.655746856916,45.6892121139,-0.56999209124,2.67706207343,-3.09018227696,7.65519583312,-0.396950429347,2.01733832921,0.0647735774818,0.261073157391,0.75,0.99,0.00598487015983,0.0151562718735
