,ftype,K,d,c1,c2,c3,c4,c5,e11,e12,e21,e22,e31,e32,e41,e42,e51,e52,a1,lb1,ub1,lb2,ub2,rms_err,max_err
0,MA,5,2,6.4652744004,0.116435632159,7.12136782985,0.0793634369166,4.58711525933,1.78599191828,1.51330300273,6.78227439204,-0.304698693433,0.802004861913,1.64875287185,1.84612645894,-0.321928114769,7.58113431402,1.2414454155,1,0.0647735774818,0.231513137534,0.75,0.99,0.0460266256865,0.136678530591
