,ftype,K,d,c1,c2,c3,e11,e12,e21,e22,e31,e32,a1,lb1,ub1,lb2,ub2,rms_err,max_err
0,SMA,3,2,0.0673816877973,0.918824883014,0.0849861532264,9.49382280486,1.01535934486,0.0291277173204,-0.0272443762248,341.283607129,0.269625855224,0.0511726752271,0.0647735774818,0.261073157391,0.75,0.99,0.0109875603043,0.0237028632444
