,ftype,K,d,c1,c2,c3,e11,e12,e21,e22,e31,e32,a1,lb1,ub1,lb2,ub2,rms_err,max_err
0,SMA,3,2,0.000184196664953,1.33699017169e-07,4.14816209509e-05,-4.22239329007,612.609334065,-5.22700600885,31.4723370482,-0.580164943024,9.61271184815,5.84961296427,0.0647735774818,0.261073157391,0.75,0.99,0.0293265959473,0.110939782698
