,ftype,K,d,c1,c2,c3,c4,c5,e11,e12,e21,e22,e31,e32,e41,e42,e51,e52,a1,lb1,ub1,lb2,ub2,rms_err,max_err
0,MA,5,2,7.4419177338,6.12803827593,0.0635504021882,0.0361341758946,2.90406714072,1.75614820226,1.14560017895,1.51957256526,4.6691969388,-0.422826410102,6.23707284004,-0.523936686533,1.76795504384,1.35808336518,1.12653168484,1,0.0647735774818,0.22064851472,0.75,0.99,0.0488053432918,0.123466010963
