,ftype,K,d,c1,c2,c3,c4,c5,e11,e12,e21,e22,e31,e32,e41,e42,e51,e52,a1,lb1,ub1,lb2,ub2,rms_err,max_err
0,SMA,5,2,0.0601432348188,4.3488365522e-05,0.4712786051,0.160443099724,26.8603047519,-0.17891756927,38.7385650479,-2.91501467869,0.911553426828,0.445328326351,-0.00732288195041,-0.251252181829,2.89180017841,4.26773086778,14.8407751304,1.07751686999,0.0647735774818,0.261073157391,0.75,0.99,0.00563520975365,0.0146577715968
