,ftype,K,d,c1,c2,c3,c4,c5,e11,e12,e21,e22,e31,e32,e41,e42,e51,e52,a1,lb1,ub1,lb2,ub2,rms_err,max_err
0,MA,5,2,0.141618485745,0.0140363718566,2.83889216971,3.05299968335,0.0266189459289,0.0845445195662,2.00490964754,-0.868639961947,1.67775811967,1.40385544266,1.57731671537,1.27569679,6.03235157489,-0.739329985108,6.08763052405,1,0.0647735774818,0.261073157391,0.75,0.99,0.0293418311744,0.0946664352112
