,ftype,K,d,c1,c2,c3,c4,c5,e11,e12,e21,e22,e31,e32,e41,e42,e51,e52,a1,lb1,ub1,lb2,ub2,rms_err,max_err
0,SMA,5,2,3.16279908539e-10,1.90723575898e+50,62.5350127913,2.48395489848e-05,5.64956449527e-09,-7.18653633952,50.87693311,-5.7366119671,13505.980347,11.0865024026,52.3083651979,2.69284659778,12.2104258501,-3.41742709042,16.5685189308,8.97526667974,0.0647735774818,0.261073157391,0.75,0.99,0.0155876119464,0.0621156380319
