,ftype,K,d,c1,c2,c3,e11,e12,e21,e22,e31,e32,a1,lb1,ub1,lb2,ub2,rms_err,max_err
0,SMA,3,2,0.906383774343,0.0740049902159,0.150775953782,-0.0312329115242,0.0287480618006,0.942523354914,8.24637868909,0.448759676154,338.942188767,0.0590089039205,0.0647735774818,0.261073157391,0.75,0.99,0.0108555070098,0.0240378302862
