,ftype,K,d,c1,c2,c3,c4,e11,e12,e21,e22,e31,e32,e41,e42,a1,lb1,ub1,lb2,ub2,rms_err,max_err
0,SMA,4,2,0.0634134927409,0.17754935913,0.395978615994,95765094128.3,0.0803110336957,109.001570934,0.436314027667,10.4531856277,-0.295656909048,0.383001239692,21.6781312407,6.6776423306,0.537973330428,0.0647735774818,0.261073157391,0.75,0.99,0.00941729933192,0.0206985635937
