,ftype,K,d,c1,c2,c3,e11,e12,e21,e22,e31,e32,a1,lb1,ub1,lb2,ub2,rms_err,max_err
0,SMA,3,2,6.97171737744e+33,9.83459089857e-05,6.6147661521e-07,9012.49398786,-3.41665691842,7.97539592105,-0.483039928438,28.9668555293,-4.70076051363,5.32047373575,0.0647735774818,0.261073157391,0.75,0.99,0.0265364289804,0.0995223618246
