,ftype,K,d,c1,c2,c3,c4,c5,e11,e12,e21,e22,e31,e32,e41,e42,e51,e52,a1,lb1,ub1,lb2,ub2,rms_err,max_err
0,MA,5,2,0.0910902785372,20.6060682751,6.00267761555,0.049087644505,7.89062012084,-0.331630189278,6.33799321359,2.33630199629,3.26582223201,1.46150853038,4.44339636616,-0.450815542347,1.83859656426,1.73306835178,1.08478115558,1,0.0647735774818,0.22064851472,0.75,0.99,0.0491263161428,0.127987619489
