,ftype,K,d,c1,c2,c3,c4,c5,e11,e12,e21,e22,e31,e32,e41,e42,e51,e52,a1,lb1,ub1,lb2,ub2,rms_err,max_err
0,SMA,5,2,2.77657135989e-10,10.2643336433,1.3108771141,5.02250360928,5.79542065912e-10,-5.60268961697,36.2286258142,4.61673210303,65.2566553965,4.78520629021,4.84478450469,4.86552508951,17.0552970697,-5.11252835077,5.82640156483,4.63041495041,0.0647735774818,0.261073157391,0.75,0.99,0.0249972938952,0.0564486245375
