,ftype,K,d,c1,c2,c3,c4,c5,e11,e12,e21,e22,e31,e32,e41,e42,e51,e52,a1,lb1,ub1,lb2,ub2,rms_err,max_err
0,SMA,5,2,3.64802020422e-05,1.43110366754,5.82429426203e-05,0.641098536828,3.19566682729,-4.82251118757,762.081641719,2.2160195035,121.165556944,-2.40271467766,1.794567282,1.84599274548,16.7693221612,2.72300903768,2.46037435176,2.06655923681,0.0647735774818,0.261073157391,0.75,0.99,0.0263117299277,0.0601400890192
