,ftype,K,d,c1,c2,c3,c4,c5,e11,e12,e21,e22,e31,e32,e41,e42,e51,e52,a1,lb1,ub1,lb2,ub2,rms_err,max_err
0,SMA,5,2,0.968200304989,0.000101678369722,0.00874106258245,4.45395658347,0.0102671769972,0.0908704565629,0.0515055749411,-2.07672706415,-1.46769228266,-0.836795650515,3.11745875855,3.92284649786,7.21270781261,-0.351942398633,38.6546505348,0.129841898083,0.0647735774818,0.261073157391,0.75,0.99,0.00626545522922,0.0201960229054
