,ftype,K,d,c1,c2,c3,c4,c5,e11,e12,e21,e22,e31,e32,e41,e42,e51,e52,a1,lb1,ub1,lb2,ub2,rms_err,max_err
0,SMA,5,2,0.00363287347955,0.5968920977,0.304592391402,0.37300616652,2.50310978202e-06,-0.10060922951,31.2852854689,0.0308701187195,-0.159525714803,2.66608192572,2.7213416306,-0.0466878457118,0.294026956404,-2.65327482306,-0.80075993144,0.0234462198801,0.0647735774818,0.261073157391,0.75,0.99,0.006316911583,0.0172445844285
