,ftype,K,d,c1,c2,c3,c4,c5,e11,e12,e21,e22,e31,e32,e41,e42,e51,e52,a1,lb1,ub1,lb2,ub2,rms_err,max_err
0,MA,5,2,0.0192041762848,1.2965523989,0.186661441571,0.0607399063933,0.891916794572,-0.946770497946,1.13348275669,1.07942678014,1.71108019297,0.0192100256947,1.49139391597,-0.795212164528,67.2253907973,0.672206769094,6.32177718324,1,0.0647735774818,0.261073157391,0.75,0.99,0.0225894021191,0.0598463345778
