,ftype,K,d,c1,c2,c3,c4,c5,e11,e12,e21,e22,e31,e32,e41,e42,e51,e52,a1,lb1,ub1,lb2,ub2,rms_err,max_err
0,MA,5,2,0.555453083745,0.00890978032837,0.087637064588,0.0118480220598,0.709349175163,0.400416967584,7.51048543778,-1.37592261373,1.48498181953,-0.382790692795,1.58542851582,-1.28570071501,3.2191742042,0.750004095675,2.02054488206,1,0.0647735774818,0.261073157391,0.75,0.99,0.0286129536247,0.0786761807699
