,ftype,K,d,c1,c2,c3,c4,c5,e11,e12,e21,e22,e31,e32,e41,e42,e51,e52,a1,lb1,ub1,lb2,ub2,rms_err,max_err
0,SMA,5,2,0.397972646012,2.22865060187e-05,0.00254775578022,0.979449347467,0.00463277345341,3.24100726606,3.7276722415,-1.94271136581,-1.39226626555,-0.148317549686,36.2589463278,0.00839875000287,0.00234847239202,-0.506213548304,2.21712637907,0.0196165444791,0.0647735774818,0.261073157391,0.75,0.99,0.00615656335748,0.0183112202847
