,ftype,K,d,c1,c2,c3,c4,c5,e11,e12,e21,e22,e31,e32,e41,e42,e51,e52,a1,lb1,ub1,lb2,ub2,rms_err,max_err
0,MA,5,2,0.719476605733,0.0103202494323,0.522028744756,0.582095777033,0.0855031408504,0.687034854247,3.1945823599,-1.32094367623,1.5549104703,0.358788242458,7.86873410843,0.678114338507,1.65892084622,-0.398667017322,1.60461560386,1,0.0647735774818,0.261073157391,0.75,0.99,0.0253235449497,0.0689090129195
