,ftype,K,d,c1,c2,c3,c4,c5,e11,e12,e21,e22,e31,e32,e41,e42,e51,e52,a1,lb1,ub1,lb2,ub2,rms_err,max_err
0,SMA,5,2,0.00295509734316,9.76563857779e-10,0.00169764516196,0.115295852597,0.988393538005,0.49216922234,8.06863568041,-4.70117041968,9.58292615183,0.444214805494,46.4858448182,3.46275152723,0.717344825367,-0.00192694133808,0.00355198201675,0.00426043840435,0.0647735774818,0.261073157391,0.75,0.99,0.00752312189843,0.0187210869473
