,ftype,K,d,c1,c2,c3,c4,c5,e11,e12,e21,e22,e31,e32,e41,e42,e51,e52,a1,lb1,ub1,lb2,ub2,rms_err,max_err
0,SMA,5,2,0.00868909575112,0.773275874329,7.75458477143e-08,0.171097267497,0.499168976221,0.236337290822,33.7614279176,-0.0118260726355,-0.0929328915884,-3.70284637595,-0.270224133697,0.00560502479762,0.708439456008,2.98736267604,1.62005162509,0.0294042364509,0.0647735774818,0.261073157391,0.75,0.99,0.00651310422159,0.0157840952059
