,ftype,K,d,c1,c2,c3,c4,c5,e11,e12,e21,e22,e31,e32,e41,e42,e51,e52,a1,lb1,ub1,lb2,ub2,rms_err,max_err
0,SMA,5,2,0.00505043523928,0.000408254404581,1.04104255546e-10,0.104060567985,0.992007810788,1.0790978464,10.2355851178,-0.119410035453,38.8589052233,-5.25124431203,3.42114786161,3.79230078659,0.514016465797,-0.0013438508056,0.00285664958196,0.00320286158817,0.0647735774818,0.261073157391,0.75,0.99,0.00717794274346,0.017816720205
