,ftype,K,d,c1,c2,c3,c4,e11,e12,e21,e22,e31,e32,e41,e42,a1,lb1,ub1,lb2,ub2,rms_err,max_err
0,SMA,4,2,6.46942679335e+18,2.21085673567e-30,5.10524810024e+20,6.89234772152e-27,36.794720717,112.447874426,-7.13809511688,38.5450780048,41.9188281199,26.0287414997,-6.97085012377,152.644054611,21.7817187524,0.0647735774818,0.215408924417,0.75,0.99,0.0488155200116,0.123602681103
