,ftype,K,d,c1,c2,c3,c4,c5,e11,e12,e21,e22,e31,e32,e41,e42,e51,e52,a1,lb1,ub1,lb2,ub2,rms_err,max_err
0,SMA,5,2,102334.766832,6.11268269092e-25,1205228.43863,23014.8916753,1.50389940353e-09,16.9587004587,32.4671920802,-11.919950269,15.1184749917,17.0479231719,95.2740535751,17.3095712909,15.0104289686,-10.2900701816,2982.79294402,13.6414727084,0.0647735774818,0.261073157391,0.75,0.99,0.0245183029919,0.0653292444224
