,ftype,K,d,c1,c2,c3,c4,c5,e11,e12,e21,e22,e31,e32,e41,e42,e51,e52,a1,lb1,ub1,lb2,ub2,rms_err,max_err
0,SMA,5,2,0.000131586500733,0.0118695030594,0.967255568974,0.0170457295031,9.62176956785,-2.17449150608,-1.26503457588,-0.873763177426,3.66624191447,0.187765130597,0.115135044631,-0.379936308173,40.7933341807,4.06777979966,8.85487051877,0.257780051,0.0647735774818,0.261073157391,0.75,0.99,0.00637646863274,0.0202513178409
