,ftype,K,d,c1,c2,c3,c4,c5,e11,e12,e21,e22,e31,e32,e41,e42,e51,e52,a1,lb1,ub1,lb2,ub2,rms_err,max_err
0,SMA,5,2,0.64017202575,0.306699872636,0.0100292463934,0.627059360595,5.7340127122e-08,1.92770469161,3.05847036063,0.525703902644,-0.00209122816408,34.6262650401,0.242140438575,-0.168044256041,-0.0148321712135,-0.349520535744,-3.83553856191,0.0342968325953,0.0647735774818,0.261073157391,0.75,0.99,0.00669074729523,0.0179810533507
