,ftype,K,d,c1,c2,c3,c4,c5,e11,e12,e21,e22,e31,e32,e41,e42,e51,e52,a1,lb1,ub1,lb2,ub2,rms_err,max_err
0,MA,5,2,0.0795907552575,0.151819189867,7.32962919062,0.00106458134589,6.37351930044,-0.261006160309,7.14246233613,0.140676134918,1.80870940832,1.80538388021,1.19897366683,-1.72442050063,1.93821982838,1.60350858805,4.62634294476,1,0.0647735774818,0.226015552419,0.75,0.99,0.0473131935578,0.131098748088
