,ftype,K,d,c1,c2,c3,c4,c5,e11,e12,e21,e22,e31,e32,e41,e42,e51,e52,a1,lb1,ub1,lb2,ub2,rms_err,max_err
0,MA,5,2,0.0181663876217,2.15782699258,1.56823280392,0.435698236678,0.0315353173538,-0.895748614061,0.962001769552,1.31941062156,1.61157401782,0.963156458642,5.88289821343,0.448159339362,1.46389541222,-0.745590144201,3.44833415258,1,0.0647735774818,0.261073157391,0.75,0.99,0.0208769302975,0.0635849861851
