,ftype,K,d,c1,c2,c3,c4,c5,e11,e12,e21,e22,e31,e32,e41,e42,e51,e52,a1,lb1,ub1,lb2,ub2,rms_err,max_err
0,SMA,5,2,0.638399964804,0.304096587534,5.71892188374e-08,0.0100006731003,0.629849665476,3.05847642828,1.92743618643,-0.0020081948206,0.528153994193,-3.83549255948,-0.349431101278,0.242156613916,34.6296830385,-0.0147718993086,-0.166525069221,0.0341973914366,0.0647735774818,0.261073157391,0.75,0.99,0.00669070267136,0.0179810135285
