,ftype,K,d,c1,c2,c3,c4,c5,e11,e12,e21,e22,e31,e32,e41,e42,e51,e52,a1,lb1,ub1,lb2,ub2,rms_err,max_err
0,SMA,5,2,1.62571464802,14.7232896836,0.00205385807859,1.34829211428e-05,0.00742961887734,1.29161296543,1.37639162673,3.30927176976,30.2696990045,-1.24969703264,64.8031067213,-3.02759583546,1.80210824674,-0.773965261023,13.7136119734,1.60454734272,0.0647735774818,0.261073157391,0.75,0.99,0.00762858226577,0.0203387663817
