,ftype,K,d,c1,c2,c3,c4,c5,e11,e12,e21,e22,e31,e32,e41,e42,e51,e52,a1,lb1,ub1,lb2,ub2,rms_err,max_err
0,SMA,5,2,9.57482536488e-07,0.301603869222,0.673054920226,0.00348814381385,0.22160209083,-0.629695345909,-2.85234894453,-0.284691506336,0.0411044383189,0.146137722448,-0.019604124653,30.9427285782,0.00248622593414,2.51122604103,2.59498740218,0.0175331753136,0.0647735774818,0.261073157391,0.75,0.99,0.00641658131478,0.018623059578
