,ftype,K,d,c1,c2,c3,c4,c5,e11,e12,e21,e22,e31,e32,e41,e42,e51,e52,a1,lb1,ub1,lb2,ub2,rms_err,max_err
0,SMA,5,2,0.00327248865343,0.00318222641922,0.982710012796,0.732360076424,4.56773600439e-05,2.62214814239,-0.71318649012,35.8821941746,-0.201244275309,0.00925068333168,0.0157560938653,4.76518198691,3.58768132928,-1.53327530749,-1.85554496598,0.0280460057304,0.0647735774818,0.261073157391,0.75,0.99,0.00603834077674,0.0179534969554
