,ftype,K,d,c1,c2,c3,c4,c5,e11,e12,e21,e22,e31,e32,e41,e42,e51,e52,a1,lb1,ub1,lb2,ub2,rms_err,max_err
0,MA,5,2,1.06362682673,0.775836336594,0.153712418675,0.027735133247,0.0176883446538,0.98045186803,1.69926300264,0.597352914859,6.23010358239,-0.0843575495626,1.52860574299,-0.868241027342,3.14624563953,-0.991658307282,1.0762006021,1,0.0647735774818,0.261073157391,0.75,0.99,0.0212852000469,0.0647943686145
