,ftype,K,d,c1,c2,c3,c4,e11,e12,e21,e22,e31,e32,e41,e42,a1,lb1,ub1,lb2,ub2,rms_err,max_err
0,MA,4,2,8.77654529981,0.0277482642296,9.23354700646,0.0190968959344,1.83721219326,4.4835305177,-0.609505069966,5.44659715189,1.98123816918,1.22992371632,-0.650760151217,1.53340239711,1,0.0647735774818,0.22064851472,0.75,0.99,0.0473289466489,0.109474795001
