,ftype,K,d,c1,c2,c3,c4,c5,e11,e12,e21,e22,e31,e32,e41,e42,e51,e52,a1,lb1,ub1,lb2,ub2,rms_err,max_err
0,SMA,5,2,0.000124489753387,0.0120094297202,14.1500740087,0.0264905651634,1.01437235762,-2.36016827033,-0.485799361824,-0.888045916601,5.14107647774,4.02656941873,11.2077552215,-0.358316945476,42.6342386677,0.355842198711,0.249806594733,0.469347041074,0.0647735774818,0.261073157391,0.75,0.99,0.00659590192747,0.0188908065287
