,ftype,K,d,c1,c2,c3,c4,c5,e11,e12,e21,e22,e31,e32,e41,e42,e51,e52,a1,lb1,ub1,lb2,ub2,rms_err,max_err
0,SMA,5,2,0.0149590149125,0.398980698786,2.7832745356,0.349582990111,7.32660549909e-08,31.3868088129,0.0559511798134,-0.450492683036,0.0139364276763,3.47490388316,3.21417724727,0.8655405339,-0.0969523344488,2.01264709318,-4.24823438968,0.112848660286,0.0647735774818,0.261073157391,0.75,0.99,0.00823839518812,0.0295449260492
