,ftype,K,d,c1,c2,c3,c4,e11,e12,e21,e22,e31,e32,e41,e42,a1,lb1,ub1,lb2,ub2,rms_err,max_err
0,MA,4,2,0.735016135109,0.00856319263263,0.571553664333,0.0890166876355,0.769676236962,2.02068238491,-1.40158345059,1.58082150325,0.418905162638,7.44739185565,-0.371416848087,1.55916852394,1,0.0647735774818,0.261073157391,0.75,0.99,0.0315091807758,0.0820051470503
