,ftype,K,d,c1,c2,c3,c4,c5,e11,e12,e21,e22,e31,e32,e41,e42,e51,e52,a1,lb1,ub1,lb2,ub2,rms_err,max_err
0,MA,5,2,0.0164072884568,0.0893602067788,0.15616931755,0.60023871218,0.698549362202,-1.09983939433,1.47480194598,-0.354498113518,1.44665550213,-0.139588530116,2.40726338464,0.44369174018,6.67789701191,0.759873265533,1.74941504132,1,0.0647735774818,0.261073157391,0.75,0.99,0.0220482831154,0.0580841622402
