,ftype,K,d,c1,c2,c3,c4,e11,e12,e21,e22,e31,e32,e41,e42,a1,lb1,ub1,lb2,ub2,rms_err,max_err
0,SMA,4,2,2.93371159853e-05,46.964297536,8.64675349325e-10,34.842342237,1204.06097431,-5.19885062061,40.8746719833,5.64506850441,4.97633744965,-4.71759151621,6.63213970185,6.06344712895,4.83106765332,0.0647735774818,0.261073157391,0.75,0.99,0.0275800606524,0.0638800538115
