,ftype,K,d,c1,c2,c3,c4,c5,e11,e12,e21,e22,e31,e32,e41,e42,e51,e52,a1,lb1,ub1,lb2,ub2,rms_err,max_err
0,SMA,5,2,5.4265870951e-05,0.979005871944,0.00442017863162,0.00415724699743,1.14294647518,-1.93125633779,-1.56255443761,0.0254557635368,0.0135226568456,-0.743913853392,2.75274080683,-0.26190883536,37.551016922,3.64939658785,5.25395102831,0.0417505112607,0.0647735774818,0.261073157391,0.75,0.99,0.00607311663399,0.0187040896089
