,ftype,K,d,c1,c2,c3,c4,c5,e11,e12,e21,e22,e31,e32,e41,e42,e51,e52,a1,lb1,ub1,lb2,ub2,rms_err,max_err
0,SMA,5,2,0.0966958345864,0.00321174247798,0.00110657883505,8.64077564644e-10,0.9905318169,3.5207804711,0.531302886626,0.660188902915,8.80545774083,0.318074111333,52.9681912514,-4.65185555425,9.10102521871,-0.00160359432244,0.00306888115802,0.00354752747667,0.0647735774818,0.261073157391,0.75,0.99,0.00754420334588,0.0200609891591
