,ftype,K,d,c1,c2,c3,c4,c5,e11,e12,e21,e22,e31,e32,e41,e42,e51,e52,a1,lb1,ub1,lb2,ub2,rms_err,max_err
0,MA,5,2,0.0768547749749,0.542933581099,0.668920455637,0.132221591922,0.0116609989031,-0.43255174954,1.43555419562,0.379450736494,7.71202796515,0.714821653652,2.01304734934,-0.223907918788,2.38622844368,-1.26674761879,1.53609096221,1,0.0647735774818,0.261073157391,0.75,0.99,0.0251760061762,0.0710616297087
