,ftype,K,d,c1,c2,c3,c4,c5,e11,e12,e21,e22,e31,e32,e41,e42,e51,e52,a1,lb1,ub1,lb2,ub2,rms_err,max_err
0,SMA,5,2,0.399665646206,0.43931151909,0.0147401633425,4.82329059102e-07,0.546525889909,0.38467344011,-0.0056664779623,1.21791133978,2.81987485,34.2142836173,0.385714201232,0.389133970017,-3.22561107891,-0.197112053129,-0.0083591466977,0.0314124047358,0.0647735774818,0.261073157391,0.75,0.99,0.00617820461479,0.0145730726598
