,ftype,K,d,c1,c2,c3,c4,c5,e11,e12,e21,e22,e31,e32,e41,e42,e51,e52,a1,lb1,ub1,lb2,ub2,rms_err,max_err
0,SMA,5,2,0.0633410619791,0.44355351165,4.55267828658,0.0949549670806,2.74689111202e-06,-0.0100102998855,6.60306970177,-0.102334891826,0.196028813378,3.11848963276,1.85033965788,0.378935409531,44.4697662957,-3.33410720154,0.514482407491,0.389874910723,0.0647735774818,0.261073157391,0.75,0.99,0.00628396953613,0.0150319891922
