,ftype,K,d,c1,c2,c3,c4,c5,e11,e12,e21,e22,e31,e32,e41,e42,e51,e52,a1,lb1,ub1,lb2,ub2,rms_err,max_err
0,MA,5,2,0.823396555865,0.0202162964768,2.0995609352,0.426201094273,2.06788504816,0.648979532529,5.01084509841,-0.884289811533,1.31961852089,1.1553410942,5.2114518099,0.446325566196,1.38021812672,1.30665274326,1.51181271253,1,0.0647735774818,0.261073157391,0.75,0.99,0.0258025700436,0.0877528275879
