,ftype,K,d,c1,c2,c3,c4,c5,e11,e12,e21,e22,e31,e32,e41,e42,e51,e52,a1,lb1,ub1,lb2,ub2,rms_err,max_err
0,MA,5,2,0.301454475723,0.0859469035838,0.659813675726,0.805852622521,0.00840841090636,0.112834531126,5.85249728692,-0.380938515577,1.49004237721,0.727539168078,1.82737381257,0.646938707186,6.45625337497,-1.40807917,1.57184363418,1,0.0647735774818,0.261073157391,0.75,0.99,0.0275135217669,0.0752847277422
