,ftype,K,d,c1,c2,c3,c4,c5,e11,e12,e21,e22,e31,e32,e41,e42,e51,e52,a1,lb1,ub1,lb2,ub2,rms_err,max_err
0,SMA,5,2,1470316.29913,7429538.79815,1.76748067792e-15,1.89543147036e-16,3884632.02867,17.4716426959,13.7113420975,16.0969889213,112.134067145,-4.94760184577,96.9298887124,-4.10155094052,25.0348627866,16.7736760472,35.2154847918,14.5235767819,0.0647735774818,0.261073157391,0.75,0.99,0.0260741847078,0.072201435588
