,ftype,K,d,c1,c2,c3,c4,c5,e11,e12,e21,e22,e31,e32,e41,e42,e51,e52,a1,lb1,ub1,lb2,ub2,rms_err,max_err
0,SMA,5,2,0.342188244831,3.92967312749e-10,0.624204520602,0.00838502006989,0.401571445583,0.00200040686224,0.264952401333,-5.39918971817,6.2483781806,-0.00953823444868,-0.106709678838,0.479606806636,27.7181932921,3.43616830155,1.43325609985,0.0136601138683,0.0647735774818,0.261073157391,0.75,0.99,0.00762127141543,0.0197874928701
