,ftype,K,d,c1,c2,c3,c4,c5,e11,e12,e21,e22,e31,e32,e41,e42,e51,e52,a1,lb1,ub1,lb2,ub2,rms_err,max_err
0,MA,5,2,0.22627059471,0.0760748902895,0.858560519313,0.720306719266,0.00822365752811,-0.00162397970771,3.85576931122,-0.424523029339,1.28248628063,0.665841058388,6.6504375021,0.76933423858,1.84726924009,-1.42000609946,1.54762362569,1,0.0647735774818,0.261073157391,0.75,0.99,0.0297986990651,0.0889650654324
