,ftype,K,d,c1,c2,c3,c4,c5,e11,e12,e21,e22,e31,e32,e41,e42,e51,e52,a1,lb1,ub1,lb2,ub2,rms_err,max_err
0,SMA,5,2,2.04075864654e-06,0.0450851160518,0.00142914221475,0.962437407819,0.331340701186,-2.74529549042,-0.202404247244,1.5418983348,22.2676258213,-0.540757978458,22.8618911466,-0.00241660865781,0.0239122949333,2.91385651532,0.75406557686,0.025257525623,0.0647735774818,0.261073157391,0.75,0.99,0.00631887938662,0.0147157557154
