,ftype,K,d,c1,c2,c3,c4,c5,e11,e12,e21,e22,e31,e32,e41,e42,e51,e52,a1,lb1,ub1,lb2,ub2,rms_err,max_err
0,SMA,5,2,0.00598351977226,0.000470715363633,7.53396205222e-11,0.103709357772,0.99133322501,1.19341362424,9.95505858109,-0.157550895467,33.7652622974,-5.35062882755,1.22379985456,3.68404765696,0.790733869405,-0.00144234945843,0.00310707930806,0.00364477635402,0.0647735774818,0.261073157391,0.75,0.99,0.00693611847789,0.0165356098958
