,ftype,K,d,c1,c2,c3,c4,c5,e11,e12,e21,e22,e31,e32,e41,e42,e51,e52,a1,lb1,ub1,lb2,ub2,rms_err,max_err
0,SMA,5,2,0.774177212483,0.0063192787751,0.394065396438,1.81349075419e-05,0.55161682293,3.21887515426,2.88778883871,32.8079401526,-0.198541460551,0.409171159609,-0.0656806168857,-0.730255910894,-2.3110603768,-0.241016697955,0.0617401210998,0.0516255076637,0.0647735774818,0.261073157391,0.75,0.99,0.00635600786336,0.0169771086861
