,ftype,K,d,c1,c2,c3,c4,c5,e11,e12,e21,e22,e31,e32,e41,e42,e51,e52,a1,lb1,ub1,lb2,ub2,rms_err,max_err
0,MA,5,2,0.0203060906763,7.76648433193,7.76299246753,7.49867258869,0.0152347904668,-0.729400969792,3.54799425755,1.84612925273,2.11013453793,1.91335971458,1.14158130987,1.75363342176,6.7088520848,-0.746551204524,1.32160554134,1,0.0647735774818,0.231513137534,0.75,0.99,0.0474970481503,0.117710778082
