,ftype,K,d,c1,c2,c3,c4,c5,e11,e12,e21,e22,e31,e32,e41,e42,e51,e52,a1,lb1,ub1,lb2,ub2,rms_err,max_err
0,SMA,5,2,0.00282603556895,0.982914836925,3.20349183694e-05,0.00295329136381,0.517405816123,-0.136919703744,37.0361102376,0.0104302914314,0.00653922541736,-1.87739891428,-1.49062536157,-0.649820105606,2.65670483933,3.45329585312,4.10646933151,0.0217252827468,0.0647735774818,0.261073157391,0.75,0.99,0.00606558639316,0.0186151231408
