,ftype,K,d,c1,c2,c3,c4,e11,e12,e21,e22,e31,e32,e41,e42,a1,lb1,ub1,lb2,ub2,rms_err,max_err
0,MA,4,2,0.069225257873,0.0795907552577,6.37351953675,7.30802321196,-0.175944736854,1.87622590625,-0.261006160308,7.14246233613,1.60350860711,4.62634293265,1.80340456153,1.20180124412,1,0.0647735774818,0.226015552419,0.75,0.99,0.0494436692466,0.131969179771
