,ftype,K,d,c1,c2,c3,c4,e11,e12,e21,e22,e31,e32,e41,e42,a1,lb1,ub1,lb2,ub2,rms_err,max_err
0,MA,4,2,2.75786248846,2.73314678196,0.0190377561712,1.32423752833,1.43327584448,1.39008614652,4.7895233157,1.24132677172,1.41353720215,-0.849744532269,1.35610082222,1.0031496642,1,0.0647735774818,0.261073157391,0.75,0.99,0.0280983804099,0.0835662920261
