,ftype,K,d,c1,c2,c3,c4,c5,e11,e12,e21,e22,e31,e32,e41,e42,e51,e52,a1,lb1,ub1,lb2,ub2,rms_err,max_err
0,SMA,5,2,0.00911550691164,0.579374025825,0.261528645665,0.681249950195,2.22889308176e-08,0.274375157897,34.8345987801,3.11602223852,2.05738457687,0.00276775356279,0.541783811196,-0.0138334623491,-0.136504969609,-4.10474608686,0.0860084376682,0.0288284769326,0.0647735774818,0.261073157391,0.75,0.99,0.00680239537547,0.0177840896313
