,ftype,K,d,c1,c2,c3,c4,e11,e12,e21,e22,e31,e32,e41,e42,a1,lb1,ub1,lb2,ub2,rms_err,max_err
0,MA,4,2,0.710903509784,0.084119305968,0.00842823197833,0.719286374869,0.54125423313,6.80006238827,-0.402866009026,1.5281352808,-1.410605657,1.54757860312,0.768151667438,1.84888828261,1,0.0647735774818,0.261073157391,0.75,0.99,0.0331891943195,0.0878223014608
