,ftype,K,d,c1,c2,c3,c4,c5,e11,e12,e21,e22,e31,e32,e41,e42,e51,e52,a1,lb1,ub1,lb2,ub2,rms_err,max_err
0,MA,5,2,0.823016026037,0.160908809152,0.0277366561445,1.00265620025,0.0181747269433,0.630809124879,6.16813149683,-0.068004550305,1.59036436608,-0.868214415916,3.14033992809,0.955474329117,1.61063104321,-0.979177921787,1.04807156111,1,0.0647735774818,0.261073157391,0.75,0.99,0.0213063129742,0.0626800587727
