,ftype,K,d,c1,c2,c3,c4,c5,e11,e12,e21,e22,e31,e32,e41,e42,e51,e52,a1,lb1,ub1,lb2,ub2,rms_err,max_err
0,SMA,5,2,3.55592194997e-07,5.61809528174,0.333247269151,51.6037802734,0.000339510464181,-3.56147632756,5.85679526423,3.02363823658,5.48955550545,3.12761606708,-2.67702340885,4.43283323924,41.3041200852,-1.36860800409,43.3353348665,3.51720537642,0.0647735774818,0.261073157391,0.75,0.99,0.00991399071456,0.024894157768
