,ftype,K,d,c1,c2,c3,c4,c5,e11,e12,e21,e22,e31,e32,e41,e42,e51,e52,a1,lb1,ub1,lb2,ub2,rms_err,max_err
0,SMA,5,2,80.0686917827,538.307865193,1.6363664158e-09,4.59285518939e-07,24.9373168335,6.32789384904,15.8546381607,6.9615790997,59.7751867381,-3.75449587694,10.8531645675,-2.37734775448,58.8973152817,6.32600334798,4.45025832677,6.6763593146,0.0647735774818,0.261073157391,0.75,0.99,0.0128736659073,0.0328819601126
