,ftype,K,d,c1,c2,c3,c4,c5,e11,e12,e21,e22,e31,e32,e41,e42,e51,e52,a1,lb1,ub1,lb2,ub2,rms_err,max_err
0,SMA,5,2,0.0807717708869,0.00218188943704,0.992690888925,3.75794740341e-10,0.0003615454031,3.40204222112,1.66561053549,0.589203853329,10.3547338725,-0.00119063755174,0.00231024441028,-4.77496821925,1.49193101431,-0.0994382203385,49.2186456522,0.00310141969408,0.0647735774818,0.261073157391,0.75,0.99,0.00692352126338,0.0171814095746
