,ftype,K,d,c1,c2,c3,c4,c5,e11,e12,e21,e22,e31,e32,e41,e42,e51,e52,a1,lb1,ub1,lb2,ub2,rms_err,max_err
0,SMA,5,2,0.405449993268,0.00384051192158,0.00282600582045,6.32882398152e-10,0.965918798167,3.81400959365,3.28058517368,24.3948829791,0.0845956506706,-6.62163322941,1.95054295914,2.56351528173,-5.18618713496,0.0176851035044,-0.00511931177262,0.0130338439667,0.0647735774818,0.261073157391,0.75,0.99,0.00795745468667,0.0260737674059
