,ftype,K,d,c1,c2,c3,c4,c5,e11,e12,e21,e22,e31,e32,e41,e42,e51,e52,a1,lb1,ub1,lb2,ub2,rms_err,max_err
0,MA,5,2,0.0261184192053,0.0381722959877,3.78792287232,9.9493673419,9.16591897155,-0.514702852445,1.58494321231,-0.48068782779,5.83467835218,1.48240470269,4.16430309435,2.01133777554,1.20028230432,1.84431440758,4.60067174284,1,0.0647735774818,0.215408924417,0.75,0.99,0.0488828051201,0.126305894897
