,ftype,K,d,c1,c2,c3,c4,c5,e11,e12,e21,e22,e31,e32,e41,e42,e51,e52,a1,lb1,ub1,lb2,ub2,rms_err,max_err
0,SMA,5,2,0.0275832244568,1.5301521929e-06,0.00216708044042,0.118009097982,24.2845815555,-0.0590743963267,28.9982988164,-1.57438984114,-14.6252991022,-1.42534166189,3.78909269746,-0.00934133917626,1.09712880597,4.65125226782,7.57885024716,0.996862546857,0.0647735774818,0.261073157391,0.75,0.99,0.00861283231765,0.0296224073948
