,ftype,K,d,c1,c2,c3,c4,c5,e11,e12,e21,e22,e31,e32,e41,e42,e51,e52,a1,lb1,ub1,lb2,ub2,rms_err,max_err
0,MA,5,2,0.561391705193,0.0158709398176,0.622298472245,0.0118166148409,0.0897328929284,0.401394574921,7.14518916782,-1.16905484418,5.05582156887,0.686907449862,1.87962421185,-1.25556058291,1.46076032322,-0.375202315705,1.6020587072,1,0.0647735774818,0.261073157391,0.75,0.99,0.0241705179479,0.06563996515
