,ftype,K,d,c1,c2,c3,c4,c5,e11,e12,e21,e22,e31,e32,e41,e42,e51,e52,a1,lb1,ub1,lb2,ub2,rms_err,max_err
0,MA,5,2,3.26157571323,0.0254947010719,2.82029412052,2.60185850919,0.0153895497184,1.33219567509,4.64486944628,-0.750421002393,3.79093747269,1.33879258126,1.91428337715,1.34463907946,1.26660664369,-0.874632837304,1.02250630667,1,0.0647735774818,0.261073157391,0.75,0.99,0.0189400258518,0.0589333936818
