,ftype,K,d,c1,c2,c3,c4,c5,e11,e12,e21,e22,e31,e32,e41,e42,e51,e52,a1,lb1,ub1,lb2,ub2,rms_err,max_err
0,SMA,5,2,0.000132381985672,1.01614328779,14.9283754793,0.0269095783616,0.0120167260967,-0.437750141887,-2.34730389706,0.262464168458,0.367891541296,11.3696466026,4.0493696976,42.8876647245,-0.357586944715,5.26702355764,-0.885567015554,0.485986495431,0.0647735774818,0.261073157391,0.75,0.99,0.00659574980901,0.0188351711029
