,ftype,K,d,c1,c2,c3,c4,c5,e11,e12,e21,e22,e31,e32,e41,e42,e51,e52,a1,lb1,ub1,lb2,ub2,rms_err,max_err
0,SMA,5,2,0.00264479913805,0.00293580390046,6.04617178989e-10,0.316929051653,0.965593467053,0.0800358549288,28.6593233517,0.29939447786,-3.39572254301,-5.15984862552,1.95720165291,3.10094258316,3.03503941564,-0.00541549742009,0.0270385258223,0.0121461310174,0.0647735774818,0.261073157391,0.75,0.99,0.00807363142526,0.0271848197765
