,ftype,K,d,c1,c2,c3,c4,c5,e11,e12,e21,e22,e31,e32,e41,e42,e51,e52,a1,lb1,ub1,lb2,ub2,rms_err,max_err
0,SMA,5,2,4.55293647755,0.0949731592091,0.0633672274175,0.443453664392,2.74593160835e-06,1.85046495998,3.1184577409,44.4597373658,0.378892033153,6.59787875608,-0.0101283497261,0.195892658379,-0.102355019556,0.514515661092,-3.33424927937,0.389937526312,0.0647735774818,0.261073157391,0.75,0.99,0.00628396998545,0.0150318203812
