,ftype,K,d,c1,c2,c3,c4,c5,e11,e12,e21,e22,e31,e32,e41,e42,e51,e52,a1,lb1,ub1,lb2,ub2,rms_err,max_err
0,SMA,5,2,116.314221224,2.67723937503e-05,3.66392432397e-08,2.24444082797,14.1470143718,5.30370536819,46.8365607211,-1.7675661243,49.8991046695,-3.72249274939,7.84628474712,4.31997466065,0.57513748216,4.27764595457,8.66528723952,4.75947704268,0.0647735774818,0.261073157391,0.75,0.99,0.0112302954353,0.0280065369068
