,ftype,K,d,c1,c2,c3,c4,c5,e11,e12,e21,e22,e31,e32,e41,e42,e51,e52,a1,lb1,ub1,lb2,ub2,rms_err,max_err
0,SMA,5,2,15.2621621741,4.55206484575e-05,0.00850064455439,0.00919000881693,1.34513768136,25.9107380884,3.46572028393,1.1858268064,-2.73165575934,57.1008131426,-0.798283931078,11.5291057886,-0.812865181084,0.941519061761,0.937541199308,1.1826186561,0.0647735774818,0.261073157391,0.75,0.99,0.00726282016613,0.0194830134561
