,ftype,K,d,c1,c2,c3,c4,c5,e11,e12,e21,e22,e31,e32,e41,e42,e51,e52,a1,lb1,ub1,lb2,ub2,rms_err,max_err
0,MA,5,2,11.6385126929,8.54193372365,0.0566527461717,0.0602885258681,0.00191163274411,2.04552436751,1.43594706808,1.77060741987,8.15050474318,-0.206323497053,1.63083720201,-0.313908479714,6.34479303592,-1.4759434383,1.6942560711,1,0.0647735774818,0.200424931444,0.75,0.99,0.0478334955146,0.149267301572
