,ftype,K,d,c1,c2,c3,c4,c5,e11,e12,e21,e22,e31,e32,e41,e42,e51,e52,a1,lb1,ub1,lb2,ub2,rms_err,max_err
0,SMA,5,2,2.04884716061,16.5482438708,0.00459513299841,0.00065702317888,3.43364340695e-06,1.8573094727,1.67788658035,31.0795098735,3.35865928654,15.8262418155,-0.801141068963,85.9149321232,-1.59444128871,2.49747961293,-3.34316097453,2.04523840356,0.0647735774818,0.261073157391,0.75,0.99,0.00813608980607,0.0202400675299
