,ftype,K,d,c1,c2,c3,c4,c5,e11,e12,e21,e22,e31,e32,e41,e42,e51,e52,a1,lb1,ub1,lb2,ub2,rms_err,max_err
0,MA,5,2,0.0487647471924,1.1739844413,0.0195331996791,0.236433991362,1.48901184871,-0.65791709461,14.7454668314,0.828052217256,5.6996183603,-0.919418298397,1.10978931268,0.141818412623,1.47041895598,1.15689736138,1.57812549085,1,0.0647735774818,0.261073157391,0.75,0.99,0.022720608447,0.0612212224983
