,ftype,K,d,c1,c2,c3,c4,c5,e11,e12,e21,e22,e31,e32,e41,e42,e51,e52,a1,lb1,ub1,lb2,ub2,rms_err,max_err
0,SMA,5,2,178927782.162,1.44399690304e-05,2.84694801797e-17,13188331.5774,34251352.6226,15.0388962076,468.971179013,-5.47176809099,2345.5429734,-5.84753414821,26.8363706721,15.991143571,40.9226076293,17.7301735208,11.7944032029,11.5103642553,0.0647735774818,0.254873630576,0.75,0.99,0.0485509099841,0.128628352392
