,ftype,K,d,c1,c2,c3,c4,c5,e11,e12,e21,e22,e31,e32,e41,e42,e51,e52,a1,lb1,ub1,lb2,ub2,rms_err,max_err
0,SMA,5,2,0.0409939120108,2.64581078917,4.97922635149e-07,0.643475299085,0.0471829389814,8.94773958957,0.06190905395,1.70082881661,2.95077717951,0.00338545547576,-3.69909323957,0.139590150231,-0.0628910845625,47.9556433142,0.326053918606,0.209147574011,0.0647735774818,0.261073157391,0.75,0.99,0.00639828069413,0.0156051949062
