,ftype,K,d,c1,c2,c3,c4,c5,e11,e12,e21,e22,e31,e32,e41,e42,e51,e52,a1,lb1,ub1,lb2,ub2,rms_err,max_err
0,SMA,5,2,0.000580119905734,0.0038504839894,0.991905439385,2.74911538519e-10,0.0997134448312,0.054973080188,46.6771180823,0.894829736029,9.91225246804,-0.00136664312217,0.00286947651482,-4.95960324163,5.60551107446,3.7119787954,0.501502701576,0.00315541008623,0.0647735774818,0.261073157391,0.75,0.99,0.00733686111914,0.0194223056154
