,ftype,K,d,c1,c2,c3,c4,e11,e12,e21,e22,e31,e32,e41,e42,a1,lb1,ub1,lb2,ub2,rms_err,max_err
0,SMA,4,2,7.38003899382e-13,226238.758148,4.7219902199e-14,59023.5024363,-4.24535038166,82.761196909,12.9173026529,61.9120593591,-3.92095697256,20.3801231531,13.5927254248,13.6064756138,12.0596374769,0.0647735774818,0.261073157391,0.75,0.99,0.0219118551143,0.0611630657437
