,ftype,K,d,c1,c2,c3,c4,e11,e12,e21,e22,e31,e32,e41,e42,a1,lb1,ub1,lb2,ub2,rms_err,max_err
0,MA,4,2,0.015974833908,3.17810799613,3.51596554875,3.72316709853,-0.873724599992,1.52040800227,1.44814492102,1.23083552288,1.43441791604,2.21269422945,1.39103075182,5.74649011574,1,0.0647735774818,0.261073157391,0.75,0.99,0.0301564701083,0.0982604650216
