,ftype,K,d,c1,c2,c3,c4,c5,e11,e12,e21,e22,e31,e32,e41,e42,e51,e52,a1,lb1,ub1,lb2,ub2,rms_err,max_err
0,SMA,5,2,0.00109970070119,38.7642718364,0.370391671893,2.05174750222e-06,3.09404854709,-1.23801475549,39.3160487893,4.11196766249,41.1805230743,2.43921595586,-1.97962855129,-3.29840618195,4.61047273713,2.28280939084,4.65484150004,2.77466629118,0.0647735774818,0.261073157391,0.75,0.99,0.00895166992135,0.0221298628851
