,ftype,K,d,c1,c2,c3,c4,c5,e11,e12,e21,e22,e31,e32,e41,e42,e51,e52,a1,lb1,ub1,lb2,ub2,rms_err,max_err
0,SMA,5,2,0.497934180717,0.00429264411737,1.11502531929e-05,0.200491414552,0.763322206192,2.85193663667,3.17706664088,-0.186626631596,33.2047299489,-2.32701884573,-0.852342756424,-0.0932514494103,0.517289451103,0.0315766340698,-0.111250041715,0.0338993819122,0.0647735774818,0.261073157391,0.75,0.99,0.00633203132692,0.0169384505525
