,ftype,K,d,c1,c2,c3,c4,c5,e11,e12,e21,e22,e31,e32,e41,e42,e51,e52,a1,lb1,ub1,lb2,ub2,rms_err,max_err
0,SMA,5,2,3.5560656112e-07,0.331965793048,0.000339650162436,51.5891274862,5.61798858214,5.85638162701,-3.56154796146,-2.68609724107,3.12766543097,43.3330753805,-1.36852968937,41.2979661919,4.4325469018,5.48673983878,3.02345569066,3.51700289386,0.0647735774818,0.261073157391,0.75,0.99,0.0099139909792,0.0248945769476
