,ftype,K,d,c1,c2,c3,c4,c5,e11,e12,e21,e22,e31,e32,e41,e42,e51,e52,a1,lb1,ub1,lb2,ub2,rms_err,max_err
0,SMA,5,2,100003.33922,329645.548751,7.49349213916e-14,796918.081108,6.0102408892e-15,15.1685246671,12.1615190427,14.6980469774,31.8672502354,-4.40582036526,88.6387127204,14.2244011616,99.9119214077,-3.84237243025,22.4079644584,13.397784366,0.0647735774818,0.261073157391,0.75,0.99,0.0215297648036,0.0610383169459
