,ftype,K,d,c1,c2,c3,c4,c5,e11,e12,e21,e22,e31,e32,e41,e42,e51,e52,a1,lb1,ub1,lb2,ub2,rms_err,max_err
0,MA,5,2,0.0195552720897,0.615296602041,2.26083837256,1.006851717,2.36124153561,-0.876912067843,1.31979298953,0.625370227065,1.39554237052,1.16919473696,5.24976768807,0.754444739791,4.81041682542,1.35690448067,1.49241642306,1,0.0647735774818,0.261073157391,0.75,0.99,0.026619208574,0.0904336972359
