,ftype,K,d,c1,c2,c3,c4,c5,e11,e12,e21,e22,e31,e32,e41,e42,e51,e52,a1,lb1,ub1,lb2,ub2,rms_err,max_err
0,SMA,5,2,0.264297603728,8.28767636172,0.262436270454,0.341340483344,0.0259624808916,1.24460081582,0.223775176029,4.00008818384,4.62301254731,0.163381662841,-0.210006687389,-0.412061951029,0.0793213772381,34.922127899,0.162182396592,0.108239175392,0.0647735774818,0.261073157391,0.75,0.99,0.00715227048526,0.0173580461679
