,ftype,K,d,c1,c2,c3,c4,c5,e11,e12,e21,e22,e31,e32,e41,e42,e51,e52,a1,lb1,ub1,lb2,ub2,rms_err,max_err
0,SMA,5,2,0.724932523682,0.0314556140789,0.0310248629595,0.244843708964,12.0441373093,-0.0214921165221,-0.0296234712253,39.4089947245,0.301030166859,1.8580480091,-0.374177439657,4.14936780502,1.24956622901,-0.491121910929,5.55698676804,0.0987445326498,0.0647735774818,0.261073157391,0.75,0.99,0.00808153734752,0.01946706841
