,ftype,K,d,c1,c2,c3,c4,c5,e11,e12,e21,e22,e31,e32,e41,e42,e51,e52,a1,lb1,ub1,lb2,ub2,rms_err,max_err
0,SMA,5,2,0.644464806679,2.63775561469,0.0470513620588,0.0409173715472,4.95827036657e-07,-0.0626779545415,0.139071153772,2.95034869721,1.6992217222,0.325975671071,47.9473068074,0.0621837297672,8.94385403209,-3.69950885756,0.00244927477829,0.208401766224,0.0647735774818,0.261073157391,0.75,0.99,0.00639827946901,0.0156041320088
