,ftype,K,d,c1,c2,c3,c4,c5,e11,e12,e21,e22,e31,e32,e41,e42,e51,e52,a1,lb1,ub1,lb2,ub2,rms_err,max_err
0,SMA,5,2,0.101315664159,0.08553055099,3.80237719552e-06,3.28886852438,0.542811089216,-0.000219074063603,3.30983573252,0.39102505549,39.1917972985,-3.1645038605,0.694857949445,3.04945382218,1.49937647583,-0.0654017068741,0.00399496685394,0.255779570329,0.0647735774818,0.261073157391,0.75,0.99,0.00620917093598,0.0143221693923
