,ftype,K,d,c1,c2,c3,c4,c5,e11,e12,e21,e22,e31,e32,e41,e42,e51,e52,a1,lb1,ub1,lb2,ub2,rms_err,max_err
0,MA,5,2,0.0130191404882,6.62349293414,5.70839718335,0.0220713829047,6.86962069199,-0.84357954392,1.35283376828,1.81839006506,1.27636968685,1.81056500449,0.956963881359,-0.730864511532,4.86473163149,1.72364553739,4.39196802139,1,0.0647735774818,0.237144445492,0.75,0.99,0.0409229499927,0.11670907521
