,ftype,K,d,c1,c2,c3,c4,c5,e11,e12,e21,e22,e31,e32,e41,e42,e51,e52,a1,lb1,ub1,lb2,ub2,rms_err,max_err
0,SMA,5,2,0.0236294354545,0.000165623517724,0.01240798065,0.984575245008,15.5153430339,42.4568902701,-0.370455084466,-0.734696612702,-2.22839776613,4.68395248783,-0.88006084083,0.205400151686,0.29747825318,10.2082918407,4.18293993514,0.402878295433,0.0647735774818,0.261073157391,0.75,0.99,0.00651063754807,0.020087995822
