,ftype,K,d,c1,c2,c3,c4,c5,e11,e12,e21,e22,e31,e32,e41,e42,e51,e52,a1,lb1,ub1,lb2,ub2,rms_err,max_err
0,SMA,5,2,0.0014385172419,2.45320507299e-06,0.101744810636,0.0371756760071,25.1904518017,-1.55540396466,5.74793517696,-2.43598748793,-6.55965847139,-0.0471633074263,1.21582766387,0.17793188226,44.3671925583,4.70939700045,7.99650395022,1.0646062706,0.0647735774818,0.261073157391,0.75,0.99,0.00872940227265,0.0300614997432
