,ftype,K,d,c1,c2,c3,c4,e11,e12,e21,e22,e31,e32,e41,e42,a1,lb1,ub1,lb2,ub2,rms_err,max_err
0,SMA,4,2,95894031.8005,6.80273035644e-07,3.33588893935e-17,755809179.661,16.7265652403,63.3341402893,-5.20925090269,2060.42465955,-5.40490794747,26.5360544501,19.3622646946,13.2006681043,11.5171115632,0.0647735774818,0.237144445492,0.75,0.99,0.0499223899714,0.148133567003
