,ftype,K,d,c1,c2,c3,c4,e11,e12,e21,e22,e31,e32,e41,e42,a1,lb1,ub1,lb2,ub2,rms_err,max_err
0,SMA,4,2,0.1789979385,4.02093732275e-07,0.00153195833302,0.992570733727,3.96430637654,2.62184842442,-2.56424028964,2.05027687784,0.278849565394,22.778423845,-0.000936227301529,0.0035502283305,0.0029914583115,0.0647735774818,0.261073157391,0.75,0.99,0.00827022646068,0.0275411073945
