,ftype,K,d,c1,c2,c3,c4,c5,e11,e12,e21,e22,e31,e32,e41,e42,e51,e52,a1,lb1,ub1,lb2,ub2,rms_err,max_err
0,MA,5,2,8.85811074762,3.045501617,8.53752735927,0.0276578280251,0.0189663516823,1.96194930363,1.22591938645,1.53516465319,1.40872327992,1.82460011939,4.48944406328,-0.610860075533,5.45235348944,-0.653393864591,1.53353448422,1,0.0647735774818,0.226015552419,0.75,0.99,0.049958108323,0.117476075837
