,ftype,K,d,c1,c2,c3,c4,e11,e12,e21,e22,e31,e32,e41,e42,a1,lb1,ub1,lb2,ub2,rms_err,max_err
0,SMA,4,2,12424963.7541,1.10435894639e-15,11490257.4257,4.00603456062e-17,17.583781444,15.3806083709,-5.37684393032,95.8990749752,15.9697330448,67.2292932833,-4.98674227544,24.4786780427,13.0622501567,0.0647735774818,0.261073157391,0.75,0.99,0.0373495461301,0.0958819214554
