,ftype,K,d,c1,c2,c3,c4,c5,e11,e12,e21,e22,e31,e32,e41,e42,e51,e52,a1,lb1,ub1,lb2,ub2,rms_err,max_err
0,MA,5,2,1.00583812003,4.42866762928,6.95070396855,5.11273913365,0.0149205337678,0.874020785951,4.4560539934,1.63177481866,1.11613210018,1.90942465153,2.12475591783,1.58818800855,3.0334189479,-0.857267924956,1.76278006725,1,0.0647735774818,0.261073157391,0.75,0.99,0.0483573456743,0.130910587918
