,ftype,K,d,c1,c2,c3,c4,c5,e11,e12,e21,e22,e31,e32,e41,e42,e51,e52,a1,lb1,ub1,lb2,ub2,rms_err,max_err
0,SMA,5,2,0.0102237052355,1.07774922267,0.000128412827252,17.3768887895,0.028169417847,-0.916717021137,6.74544256941,0.476510112753,0.389593048126,-2.40252149099,-0.0653336191029,4.01495488351,14.5532359889,-0.361399531572,46.8094364488,0.61590554944,0.0647735774818,0.261073157391,0.75,0.99,0.00676977074296,0.0180007182855
