,ftype,K,d,c1,c2,c3,c4,c5,e11,e12,e21,e22,e31,e32,e41,e42,e51,e52,a1,lb1,ub1,lb2,ub2,rms_err,max_err
0,SMA,5,2,0.991905179914,0.0997166385299,2.74920345736e-10,0.000580138432278,0.00385060726118,-0.00136668710815,0.00286956895242,3.71197880125,0.501502881874,-4.95960325589,5.60551134144,0.0549730327518,46.6771190072,0.894829743158,9.91225324912,0.00315551166245,0.0647735774818,0.261073157391,0.75,0.99,0.00733686116716,0.0194223059137
