,ftype,K,d,c1,c2,c3,c4,c5,e11,e12,e21,e22,e31,e32,e41,e42,e51,e52,a1,lb1,ub1,lb2,ub2,rms_err,max_err
0,SMA,5,2,9.76361819186,0.0119015366383,0.0171906575351,0.000133488802877,0.967066014573,4.07192579712,8.87598714772,-0.874245085317,3.68168989989,-0.379761568373,40.823371807,-2.1727486527,-1.2580837451,0.189853497563,0.11692808148,0.260767183477,0.0647735774818,0.261073157391,0.75,0.99,0.00637646348674,0.0202425221761
