,ftype,K,d,c1,c2,c3,c4,c5,e11,e12,e21,e22,e31,e32,e41,e42,e51,e52,a1,lb1,ub1,lb2,ub2,rms_err,max_err
0,SMA,5,2,2.45319700766e-06,0.101744790646,0.00143851804239,25.1903896781,0.0371757079006,-2.43599008365,-6.55964667989,-0.0471635211457,1.21582716559,-1.55540373366,5.74793934236,4.70939493571,7.99650090407,0.177932399202,44.3672030506,1.06460617042,0.0647735774818,0.261073157391,0.75,0.99,0.00872940227281,0.0300614979631
