,ftype,K,d,c1,c2,c3,c4,c5,e11,e12,e21,e22,e31,e32,e41,e42,e51,e52,a1,lb1,ub1,lb2,ub2,rms_err,max_err
0,SMA,5,2,3.43362904335e-06,0.00459498218539,16.5478648283,0.000657111224387,2.0488277318,-3.34316974509,2.49741763747,-0.801163127182,15.826004712,3.35864085003,31.0792848542,-1.59439481953,85.9137195114,1.67786537987,1.85728225613,2.04521189111,0.0647735774818,0.261073157391,0.75,0.99,0.00813608980995,0.0202401896222
