,ftype,K,d,c1,c2,c3,c4,c5,e11,e12,e21,e22,e31,e32,e41,e42,e51,e52,a1,lb1,ub1,lb2,ub2,rms_err,max_err
0,SMA,5,2,0.00757607508974,0.289764279132,3.75779239465e-07,0.408427106977,0.55334960735,0.216773590944,34.5800748377,2.58506350218,2.09681774136,-3.19129159074,-0.497356164349,-0.0280201944583,0.307313017276,0.0133490524659,-0.186194634623,0.0229521767038,0.0647735774818,0.261073157391,0.75,0.99,0.0065320995365,0.0183532675195
