,ftype,K,d,c1,c2,c3,c4,c5,e11,e12,e21,e22,e31,e32,e41,e42,e51,e52,a1,lb1,ub1,lb2,ub2,rms_err,max_err
0,SMA,5,2,0.00282670564371,0.00295394525772,0.982910823294,0.517533197591,3.20427727819e-05,-0.136919226305,37.0361431975,-0.649822315919,2.65672560367,0.0104328106113,0.0065409048471,3.45330399615,4.10648993233,-1.87739626804,-1.49061785209,0.0217305356384,0.0647735774818,0.261073157391,0.75,0.99,0.00606558868422,0.018615123515
