,ftype,K,d,c1,c2,c3,c4,c5,e11,e12,e21,e22,e31,e32,e41,e42,e51,e52,a1,lb1,ub1,lb2,ub2,rms_err,max_err
0,SMA,5,2,0.272663639618,0.263680369346,0.331336554696,0.0260410255567,8.22691290608,0.219267730516,1.20639566619,-0.209558478292,0.160232444557,0.079349511227,-0.428865832044,0.162925285763,34.877689684,4.61505151462,4.01012795423,0.10828985611,0.0647735774818,0.261073157391,0.75,0.99,0.00715270133504,0.0173526600334
