,ftype,K,d,c1,c2,c3,c4,c5,e11,e12,e21,e22,e31,e32,e41,e42,e51,e52,a1,lb1,ub1,lb2,ub2,rms_err,max_err
0,SMA,5,2,24.2846085307,0.00216707421209,0.118008207992,0.0275830873821,1.53025414925e-06,4.65125544971,7.57886942117,-1.42534206757,3.78910404761,-0.00934081031863,1.09713384369,-0.0590747217864,28.9983609427,-1.57438620367,-14.6251192038,0.996866519987,0.0647735774818,0.261073157391,0.75,0.99,0.00861283231716,0.0296224022237
