,ftype,K,d,c1,c2,c3,c4,c5,e11,e12,e21,e22,e31,e32,e41,e42,e51,e52,a1,lb1,ub1,lb2,ub2,rms_err,max_err
0,MA,5,2,0.63196265763,0.00891305037114,0.0814222440084,0.863076050641,0.297023075482,0.463372125632,7.14910887733,-1.389426587,1.5394056473,-0.409925729319,1.41253767863,0.82828040912,2.33957278019,0.757077971782,-1.2296376004,1,0.0647735774818,0.261073157391,0.75,0.99,0.0328929424954,0.0880731468143
