,ftype,K,d,c1,c2,c3,c4,c5,e11,e12,e21,e22,e31,e32,e41,e42,e51,e52,a1,lb1,ub1,lb2,ub2,rms_err,max_err
0,SMA,5,2,16.7186270101,9.58855098069e-05,0.0214790846182,0.0093725813034,1.17269889085,3.76752661656,19.4833268677,-2.52476876542,0.514641112069,-0.482610777959,51.508903668,-0.892223471773,8.82814153519,0.649889292898,0.595811835747,0.828855047723,0.0647735774818,0.261073157391,0.75,0.99,0.0069942394239,0.017864664499
