,ftype,K,d,c1,c2,c3,c4,e11,e12,e21,e22,e31,e32,e41,e42,a1,lb1,ub1,lb2,ub2,rms_err,max_err
0,MA,4,2,0.00813474250696,0.614027961567,0.779038896382,0.0878602061139,-1.42371747159,1.55763352138,0.456500011377,7.39017720429,0.797044135292,2.03833628892,-0.374108401279,1.49387617158,1,0.0647735774818,0.261073157391,0.75,0.99,0.033550799482,0.0854861495983
