,ftype,K,d,c1,c2,c3,c4,c5,e11,e12,e21,e22,e31,e32,e41,e42,e51,e52,a1,lb1,ub1,lb2,ub2,rms_err,max_err
0,MA,5,2,0.135125795123,0.743554290992,0.864683332361,0.0493982638815,0.0178266603441,-0.161045734292,1.60779464821,0.575135522386,6.27329281773,0.877867073544,1.64356748479,-0.796616385757,37.8087913437,-1.01830252024,1.22990842752,1,0.0647735774818,0.261073157391,0.75,0.99,0.0212848539004,0.0507701673102
