,ftype,K,d,c1,c2,c3,c4,c5,e11,e12,e21,e22,e31,e32,e41,e42,e51,e52,a1,lb1,ub1,lb2,ub2,rms_err,max_err
0,SMA,5,2,0.0391315131701,8.00836116508e-06,3.57507270944,0.00222683206093,0.874263925043,0.601208815062,15.9671312321,-2.49396601604,2.55840941114,4.26002111369,1.90200040316,-0.373379973118,56.8025220747,-0.01768270836,0.0588373773315,0.0534045881421,0.0647735774818,0.261073157391,0.75,0.99,0.00760045404761,0.0238712226919
