,ftype,K,d,c1,c2,c3,c4,c5,e11,e12,e21,e22,e31,e32,e41,e42,e51,e52,a1,lb1,ub1,lb2,ub2,rms_err,max_err
0,SMA,5,2,15.515457605,0.984575460558,0.0236294600051,0.012407980362,0.000165625398373,4.182944144,10.2083168611,0.297479213718,0.205401224547,-0.370455263226,42.4569132774,-0.880060581059,4.68396459187,-2.22839510946,-0.734691063318,0.402879550466,0.0647735774818,0.261073157391,0.75,0.99,0.00651063754788,0.0200879890056
