,ftype,K,d,c1,c2,c3,c4,c5,e11,e12,e21,e22,e31,e32,e41,e42,e51,e52,a1,lb1,ub1,lb2,ub2,rms_err,max_err
0,SMA,5,2,4367.53524428,3.29446745462e-11,3.17273994444e-09,263.434014091,1098.98718309,80.0668317583,9.15281808545,14.4776235592,-3.73625635748,67.9492711996,-3.0269796496,7.19918033837,9.01762638109,22.7095191627,8.98387352529,9.00335416303,0.0647735774818,0.261073157391,0.75,0.99,0.0150516646744,0.0416509974995
