,ftype,K,d,c1,c2,c3,c4,c5,e11,e12,e21,e22,e31,e32,e41,e42,e51,e52,a1,lb1,ub1,lb2,ub2,rms_err,max_err
0,SMA,5,2,0.0227151886901,1.07181997968,0.874803534063,1.19923411385e-08,0.00756467545801,-0.233385280822,2.68223011653,3.12853911792,3.27712542705,-0.00862936728746,-0.00668135320168,-4.51667934746,1.25039165965,0.211514928186,34.3067056661,0.0419354444467,0.0647735774818,0.261073157391,0.75,0.99,0.00818857793342,0.0290886056883
