,ftype,K,d,c1,c2,c3,c4,c5,e11,e12,e21,e22,e31,e32,e41,e42,e51,e52,a1,lb1,ub1,lb2,ub2,rms_err,max_err
0,MA,5,2,0.234470139504,0.00233354743718,4.67370524793,0.100935388386,4.64363666424,0.24301006684,1.86927028083,-1.49568092681,2.00046638666,1.53247916054,1.22099278672,-0.231612948877,7.01436533497,1.40774249396,4.29803131799,1,0.0647735774818,0.254873630576,0.75,0.99,0.0462550554336,0.124212724538
