,ftype,K,d,c1,c2,c3,c4,c5,e11,e12,e21,e22,e31,e32,e41,e42,e51,e52,a1,lb1,ub1,lb2,ub2,rms_err,max_err
0,MA,5,2,0.116529084929,0.763753010425,0.633779958639,0.0162204038291,0.023027564269,1.60938592269,-0.238284963005,1.70678573178,0.807550128104,6.33875158892,0.479308893423,1.22267619875,-1.06963986559,2.88348509943,-0.972737787059,1,0.0647735774818,0.261073157391,0.75,0.99,0.0203146330566,0.0535852200601
