,ftype,K,d,c1,c2,c3,c4,c5,e11,e12,e21,e22,e31,e32,e41,e42,e51,e52,a1,lb1,ub1,lb2,ub2,rms_err,max_err
0,MA,5,2,0.759881597627,0.788143669068,0.382488694647,0.110031706967,0.0177884240347,0.803797037698,1.71147055377,0.622631610523,6.26044862404,0.234029444113,5.49565697634,-0.261840121741,1.56298145859,-1.05246960442,1.45024594112,1,0.0647735774818,0.261073157391,0.75,0.99,0.0219167382241,0.0605591759875
