,ftype,K,d,c1,c2,c3,c4,c5,e11,e12,e21,e22,e31,e32,e41,e42,e51,e52,a1,lb1,ub1,lb2,ub2,rms_err,max_err
0,SMA,5,2,2.24560047395,2.67539924561e-05,3.66278921702e-08,116.34071663,14.1499515493,0.576178399718,4.32029101218,49.9008034692,-1.76767496842,7.84683388503,-3.72241755471,46.8389175926,5.3039748569,8.66652463873,4.27798282691,4.75984631426,0.0647735774818,0.261073157391,0.75,0.99,0.0112302954134,0.0280062005735
