,ftype,K,d,c1,c2,c3,c4,e11,e12,e21,e22,e31,e32,e41,e42,a1,lb1,ub1,lb2,ub2,rms_err,max_err
0,MA,4,2,0.0756475914518,4.52306980236,0.0141339365611,3.95030429174,117.317250837,-0.7304577681,4.45384971504,1.50411508673,1.33564510461,-0.875793281481,1.32057903802,1.54769676449,1,0.0647735774818,0.261073157391,0.75,0.99,0.0295172109907,0.0916946684397
