,ftype,K,d,c1,c2,c3,c4,c5,e11,e12,e21,e22,e31,e32,e41,e42,e51,e52,a1,lb1,ub1,lb2,ub2,rms_err,max_err
0,SMA,5,2,0.660285457339,0.00392888514633,0.120720980581,0.324133895224,1.57334986648e-07,-0.0045377273276,0.119427062633,0.332509567888,34.7007966241,2.6964162588,1.48013101339,0.00323234906614,-0.205653378584,-3.20155294437,0.191227021435,0.0090384089942,0.0647735774818,0.261073157391,0.75,0.99,0.0063045090135,0.0164314033694
