,ftype,K,d,c1,c2,c3,c4,c5,e11,e12,e21,e22,e31,e32,e41,e42,e51,e52,a1,lb1,ub1,lb2,ub2,rms_err,max_err
0,MA,5,2,0.57483455591,0.644767106829,0.0836092957024,0.0146608479089,0.137758079467,6.87224523283,0.415675764878,1.78552507396,0.71374291157,1.45916198419,-0.392040732037,1.49534026095,-1.15733178878,2.3603102976,-0.202300806644,1,0.0647735774818,0.261073157391,0.75,0.99,0.0221807664552,0.059323342509
