,ftype,K,d,c1,c2,c3,c4,c5,e11,e12,e21,e22,e31,e32,e41,e42,e51,e52,a1,lb1,ub1,lb2,ub2,rms_err,max_err
0,SMA,5,2,0.00620292334445,0.110729728272,0.000398950412903,8.79003934428e-11,0.991316360991,10.4457642788,1.1616741678,0.591531005604,3.78090869525,35.7758675248,-0.190883379587,2.02710959387,-5.3169358475,0.00309375465707,-0.00144887064774,0.00357258192946,0.0647735774818,0.261073157391,0.75,0.99,0.00701310113547,0.0167607985918
