,ftype,K,d,c1,c2,c3,c4,c5,e11,e12,e21,e22,e31,e32,e41,e42,e51,e52,a1,lb1,ub1,lb2,ub2,rms_err,max_err
0,MA,5,2,0.00956475889523,0.00777391504557,0.672355355162,0.0890760822352,0.670065908987,-1.37415398421,3.25205190836,-1.43363648506,1.48151289419,0.516647352851,6.82965371413,-0.37402220156,1.58142381493,0.734057409335,1.82517058264,1,0.0647735774818,0.261073157391,0.75,0.99,0.0311828679184,0.0902513267729
