,ftype,K,d,c1,c2,c3,c4,c5,e11,e12,e21,e22,e31,e32,e41,e42,e51,e52,a1,lb1,ub1,lb2,ub2,rms_err,max_err
0,SMA,5,2,1.4313134836e-17,103178982.568,25734202.096,13519966.7964,1.70888446872e-16,-4.46132265846,26.624631901,17.1826088927,251.975878623,18.0341793179,39.6964362488,19.0318310716,14.7283257642,-5.31938348579,101.868876694,14.9009258346,0.0647735774818,0.261073157391,0.75,0.99,0.0312888059307,0.0830905063651
