,ftype,K,d,c1,c2,c3,c4,c5,e11,e12,e21,e22,e31,e32,e41,e42,e51,e52,a1,lb1,ub1,lb2,ub2,rms_err,max_err
0,SMA,5,2,3.12769989759e-10,0.015513749395,0.927764431831,0.532856882109,0.390774023905,-5.70545952595,3.5443019765,0.358908240015,26.1785225006,3.40848030621,2.05325239392,-0.0164377435398,0.242261947713,-0.00762226989255,-0.221574612128,0.0308381748006,0.0647735774818,0.261073157391,0.75,0.99,0.00757141016881,0.0201134322995
