,ftype,K,d,c1,c2,c3,c4,c5,e11,e12,e21,e22,e31,e32,e41,e42,e51,e52,a1,lb1,ub1,lb2,ub2,rms_err,max_err
0,SMA,5,2,19.5799878905,2.81142325508,7.47278104108e-07,0.00173031897174,0.000298182595865,3.52070572351,30.7456766002,2.17751799188,2.46478264414,-3.64878614738,3.40106992012,-0.92129664777,17.7790161521,-1.77406349343,103.794223896,2.59294488201,0.0647735774818,0.261073157391,0.75,0.99,0.00886753554554,0.0214696401407
