,ftype,K,d,c1,c2,c3,c4,c5,e11,e12,e21,e22,e31,e32,e41,e42,e51,e52,a1,lb1,ub1,lb2,ub2,rms_err,max_err
0,SMA,5,2,0.289188346858,0.00346946974313,0.664948577818,0.306413699779,2.37495044431e-06,2.66406347349,2.71803230393,-0.0979693267679,31.3551899763,0.0258748481115,-0.131429290934,-0.0530252798445,0.330198329628,-2.65292928631,-0.817571865837,0.0222861082014,0.0647735774818,0.261073157391,0.75,0.99,0.00631512908157,0.0172418524285
