,ftype,K,d,c1,c2,c3,c4,c5,e11,e12,e21,e22,e31,e32,e41,e42,e51,e52,a1,lb1,ub1,lb2,ub2,rms_err,max_err
0,MA,5,2,0.0146608479113,0.200871445456,0.0852146279225,0.64338561933,0.610708846752,-1.15733178872,1.49534026096,-0.051093754323,3.37404891324,-0.389436281053,1.51661238964,0.71318357422,1.77871706721,0.453399216387,6.92610386114,1,0.0647735774818,0.261073157391,0.75,0.99,0.0219867040614,0.0593233424963
