,ftype,K,d,c1,c2,c3,c4,c5,e11,e12,e21,e22,e31,e32,e41,e42,e51,e52,a1,lb1,ub1,lb2,ub2,rms_err,max_err
0,SMA,5,2,8.54849615512e-05,0.00750899795076,0.00688948741764,0.967798670091,2.52090451561,-2.00649896589,-1.55417404312,-0.305969604039,39.8902190089,-0.801131575424,3.10136421214,0.0551212481009,0.031183149135,3.74825173055,5.97830546667,0.0855763127023,0.0647735774818,0.261073157391,0.75,0.99,0.00615876094012,0.0199281949817
