,ftype,K,d,c1,c2,c3,c4,c5,e11,e12,e21,e22,e31,e32,e41,e42,e51,e52,a1,lb1,ub1,lb2,ub2,rms_err,max_err
0,SMA,5,2,0.00950774227491,0.963808546795,5.33519920858,0.0118070505856,0.000120124240723,-0.842975009116,3.22381348442,0.106196170285,0.0627491779659,3.95243331087,7.3331301807,-0.349809112034,38.8450940897,-2.06772135038,-1.42347544102,0.152448983755,0.0647735774818,0.261073157391,0.75,0.99,0.00626581277512,0.0201584566775
