,ftype,K,d,c1,c2,c3,c4,c5,e11,e12,e21,e22,e31,e32,e41,e42,e51,e52,a1,lb1,ub1,lb2,ub2,rms_err,max_err
0,SMA,5,2,0.00598320327816,0.103703939102,0.000470690691882,7.53357888183e-11,0.99133367815,1.19341310008,9.95505875824,3.68404745354,0.79073425305,-0.157550870034,33.7652684632,-5.35062837227,1.22380066709,-0.00144227371465,0.00310691581442,0.00364458489613,0.0647735774818,0.261073157391,0.75,0.99,0.00693611840871,0.0165356105455
