,ftype,K,d,c1,c2,c3,c4,c5,e11,e12,e21,e22,e31,e32,e41,e42,e51,e52,a1,lb1,ub1,lb2,ub2,rms_err,max_err
0,SMA,5,2,0.992691537547,0.000361513491292,0.0807645994995,0.00218169609523,3.75761288447e-10,0.00231003831761,-0.00119053151193,49.2186406658,-0.0994380398511,1.66560999267,3.40204212696,10.3547308621,0.589203852036,1.49193078025,-4.77496829148,0.00310114337638,0.0647735774818,0.261073157391,0.75,0.99,0.00692352111404,0.0171814089224
