,ftype,K,d,c1,c2,c3,c4,c5,e11,e12,e21,e22,e31,e32,e41,e42,e51,e52,a1,lb1,ub1,lb2,ub2,rms_err,max_err
0,MA,5,2,2.25354507073,0.303435704778,2.62293924915,0.0127143185474,0.167890579568,1.05946179679,1.15858319252,0.182543674565,1.50852357922,1.02931217307,4.16403835435,-1.02015591571,1.66648900867,-0.16694455684,5.63443029877,1,0.0647735774818,0.261073157391,0.75,0.99,0.016796744548,0.0513152365453
