,ftype,K,d,c1,c2,c3,c4,c5,e11,e12,e21,e22,e31,e32,e41,e42,e51,e52,a1,lb1,ub1,lb2,ub2,rms_err,max_err
0,SMA,5,2,0.00689024941704,0.00751009911433,2.52133206627,0.967794097946,8.54985138732e-05,3.101426372,-0.801135909915,39.8903305398,-0.305968084133,5.97836564222,3.74826984345,0.0311889190866,0.055129824703,-1.55415004702,-2.00649453525,0.085589861304,0.0647735774818,0.261073157391,0.75,0.99,0.00615876176894,0.019928180969
