,ftype,K,d,c1,c2,c3,c4,c5,e11,e12,e21,e22,e31,e32,e41,e42,e51,e52,a1,lb1,ub1,lb2,ub2,rms_err,max_err
0,SMA,5,2,6.73336779052e-07,0.00540457293465,0.271016873258,0.567659190858,0.399594091547,-2.98207016287,-0.806169813158,0.10766091045,32.4384353354,2.58730573556,2.53167481463,-0.027103085926,0.203416031381,0.0333407926307,-0.250019178003,0.0211530386213,0.0647735774818,0.261073157391,0.75,0.99,0.00663091288941,0.0195157438682
