,ftype,K,d,c1,c2,c3,c4,c5,e11,e12,e21,e22,e31,e32,e41,e42,e51,e52,a1,lb1,ub1,lb2,ub2,rms_err,max_err
0,SMA,5,2,0.00500514548251,8.75046607451e-10,0.00397011172302,0.533213889326,0.955398553767,0.0825904841599,24.3654260606,-5.16789364952,2.5730928306,1.98432394312,-6.53659937951,3.28701637179,3.8598955182,-0.00672721097091,0.023233777435,0.0171589431725,0.0647735774818,0.261073157391,0.75,0.99,0.00795801084498,0.0260580355461
