,ftype,K,d,c1,c2,c3,c4,c5,e11,e12,e21,e22,e31,e32,e41,e42,e51,e52,a1,lb1,ub1,lb2,ub2,rms_err,max_err
0,MA,5,2,0.0855031408638,0.719476608625,0.0103202494323,0.582095777033,0.522028744815,1.60461560391,-0.398667017248,3.19458235888,0.687034856913,1.5549104703,-1.32094367623,1.65892084622,0.678114338507,7.86873410848,0.358788242518,1,0.0647735774818,0.261073157391,0.75,0.99,0.0253235449497,0.0689090129195
