,ftype,K,d,c1,c2,c3,c4,e11,e12,e21,e22,e31,e32,e41,e42,a1,lb1,ub1,lb2,ub2,rms_err,max_err
0,SMA,4,2,15412358.7241,26948060.495,1.15863436815e-17,8.88994678635e-16,65.4301655324,15.9921144732,14.7154787935,17.843751038,24.2169398137,-5.48505623375,94.5942429069,-5.49430565809,12.499433188,0.0647735774818,0.261073157391,0.75,0.99,0.0435677987414,0.109494566938
