,ftype,K,d,c1,c2,c3,c4,c5,e11,e12,e21,e22,e31,e32,e41,e42,e51,e52,a1,lb1,ub1,lb2,ub2,rms_err,max_err
0,SMA,5,2,0.398116748659,0.00463430425273,0.979442221761,0.00254864800651,2.22946736114e-05,3.24101749502,3.72770071857,-0.506216107931,2.21714914757,0.00840175728863,0.00234944563673,-0.148317489057,36.2589860855,-1.94270655156,-1.3922570675,0.0196235590161,0.0647735774818,0.261073157391,0.75,0.99,0.00615656772183,0.0183112179291
