,ftype,K,d,c1,c2,c3,c4,c5,e11,e12,e21,e22,e31,e32,e41,e42,e51,e52,a1,lb1,ub1,lb2,ub2,rms_err,max_err
0,SMA,5,2,0.000128402992119,0.010223639843,17.3761240693,1.07774528337,0.0281695136642,-2.40254083494,-0.0653924186104,-0.916724973684,6.74524912569,4.0149323795,14.5529371086,0.476499291944,0.389579208327,-0.361397288001,46.8089945575,0.615891415582,0.0647735774818,0.261073157391,0.75,0.99,0.00676977074711,0.0180007865465
