,ftype,K,d,c1,c2,c3,c4,c5,e11,e12,e21,e22,e31,e32,e41,e42,e51,e52,a1,lb1,ub1,lb2,ub2,rms_err,max_err
0,SMA,5,2,3.16721981651e-09,263.6288384,3.2915522999e-11,1099.97043639,4371.09930435,-3.02717110763,67.9539676241,9.01861139788,7.20033297594,-3.73601823169,14.479126022,8.98486656017,22.7124121381,9.15370653666,80.0742996881,9.00433590793,0.0647735774818,0.261073157391,0.75,0.99,0.0150516646128,0.0416511077968
