,ftype,K,d,c1,c2,c3,c4,c5,e11,e12,e21,e22,e31,e32,e41,e42,e51,e52,a1,lb1,ub1,lb2,ub2,rms_err,max_err
0,SMA,5,2,0.0792615356002,0.0606354121016,4.10825303141e-06,0.599426968366,3.23627691829,0.400870792627,42.5121081034,0.0575402599789,5.72891701084,-3.13297695073,0.712612213302,-0.0609500861022,0.109832408115,3.06046687971,1.47095934836,0.247101371403,0.0647735774818,0.261073157391,0.75,0.99,0.00620764878266,0.014399126041
