,ftype,K,d,c1,c2,c3,c4,c5,e11,e12,e21,e22,e31,e32,e41,e42,e51,e52,a1,lb1,ub1,lb2,ub2,rms_err,max_err
0,SMA,5,2,0.37174386325,4.40888514942e-07,0.39893587015,0.579397905633,0.0133950756758,-0.00486234187495,0.386744372428,-3.22364601842,0.387776041428,2.81911108537,1.21107959957,-0.00761317196173,-0.175664914467,0.385937177725,34.2178779604,0.0284544503495,0.0647735774818,0.261073157391,0.75,0.99,0.00617794767396,0.0145661590568
