,ftype,K,d,c1,c2,c3,c4,c5,e11,e12,e21,e22,e31,e32,e41,e42,e51,e52,a1,lb1,ub1,lb2,ub2,rms_err,max_err
0,SMA,5,2,0.217109014739,0.0446354181074,0.00364060413452,7.12376734734e-11,0.976895468678,4.24601725905,3.19435182801,-4.32843966627,3.85029262187,23.6037587219,0.1895136574,3.31875494175,-5.79144479526,0.0107364155979,-0.00366052978086,0.00898047508531,0.0647735774818,0.261073157391,0.75,0.99,0.00737828625695,0.0177585117066
