,ftype,K,d,c1,c2,c3,c4,c5,e11,e12,e21,e22,e31,e32,e41,e42,e51,e52,a1,lb1,ub1,lb2,ub2,rms_err,max_err
0,MA,5,2,0.587084566595,0.0131577587726,0.0861660779218,0.517471355257,0.67081084945,0.684563715581,1.63274354553,-1.21107168546,1.51831153016,-0.394445418828,1.59117831553,0.352298214744,7.32295450941,0.640636475337,3.18931761886,1,0.0647735774818,0.261073157391,0.75,0.99,0.0228789964099,0.062997785518
