,ftype,K,d,c1,c2,c3,c4,c5,e11,e12,e21,e22,e31,e32,e41,e42,e51,e52,a1,lb1,ub1,lb2,ub2,rms_err,max_err
0,SMA,5,2,0.034636259056,0.0113811293755,2.55293902161e-07,0.33258919835,19.5382740645,-0.132808604331,101.039793855,-0.910514108075,15.4165251128,-4.10628115296,0.808194039347,-0.163752541903,0.473940106462,4.35368301718,1.83618957295,0.416713502483,0.0647735774818,0.261073157391,0.75,0.99,0.0117974983536,0.0365962222676
