,ftype,K,d,c1,c2,c3,c4,c5,e11,e12,e21,e22,e31,e32,e41,e42,e51,e52,a1,lb1,ub1,lb2,ub2,rms_err,max_err
0,SMA,5,2,1.83441519666e-07,0.133682507543,0.0235831621606,0.010771009764,20.1715867059,-4.35724085031,2.35089931212,-0.292711972523,0.799738834636,-0.50785035456,144.262014439,-0.994558268505,16.3548585687,4.37542946636,2.74661810701,0.758809599526,0.0647735774818,0.261073157391,0.75,0.99,0.0131762833038,0.0401824014489
