,ftype,K,d,c1,c2,c3,c4,c5,e11,e12,e21,e22,e31,e32,e41,e42,e51,e52,a1,lb1,ub1,lb2,ub2,rms_err,max_err
0,SMA,5,2,0.237912102318,4.43171196096,4.15233513398e-05,0.64788163757,0.0513241677807,0.0674659608903,0.905496100216,4.32141040498,1.4974494383,-1.84038006502,40.0769387002,-0.0553970512352,-0.124572373306,0.823375339891,33.4983583523,0.0724223795626,0.0647735774818,0.261073157391,0.75,0.99,0.00724079922517,0.0177607267757
