,ftype,K,d,c1,c2,c3,c4,c5,e11,e12,e21,e22,e31,e32,e41,e42,e51,e52,a1,lb1,ub1,lb2,ub2,rms_err,max_err
0,SMA,5,2,0.013196779962,0.441531178476,0.0927661850676,8.18205366965,0.460116767505,34.1397441827,0.206579828461,0.387604698836,0.00508819737296,8.25408399202,1.64104309414,0.262923326537,5.3862880624,-0.213355443611,-0.0493744362562,0.0519996686573,0.0647735774818,0.261073157391,0.75,0.99,0.00764096562262,0.0200308683959
