,ftype,K,d,c1,c2,c3,c4,c5,e11,e12,e21,e22,e31,e32,e41,e42,e51,e52,a1,lb1,ub1,lb2,ub2,rms_err,max_err
0,SMA,5,2,0.116108764986,0.449414265462,0.0439623812006,35.9029289655,0.0487203290012,0.352070581966,8.25618097328,-0.132786482786,0.125762249721,-0.338471313839,0.542075316692,5.15911116304,1.80758223806,0.114709397079,48.1476269577,0.2841898299,0.0647735774818,0.261073157391,0.75,0.99,0.00828025710145,0.0202171981867
