,ftype,K,d,c1,c2,c3,c4,c5,e11,e12,e21,e22,e31,e32,e41,e42,e51,e52,a1,lb1,ub1,lb2,ub2,rms_err,max_err
0,SMA,5,2,8.13749953184,0.019625653007,0.405435138713,0.180870673629,0.322990211463,4.7090769805,2.24896731246,0.170272086775,36.0638470861,0.0470023365381,-0.256172823468,-0.210908962965,-0.0135752752009,0.063924240717,0.683636301232,0.0796913675826,0.0647735774818,0.261073157391,0.75,0.99,0.00718848430848,0.0197009553428
