,ftype,K,d,c1,c2,c3,c4,c5,e11,e12,e21,e22,e31,e32,e41,e42,e51,e52,a1,lb1,ub1,lb2,ub2,rms_err,max_err
0,SMA,5,2,0.0631055698549,0.0152206797988,7.96197150995e-05,0.944568466086,19.7510609454,-0.0804355140881,39.919747637,-0.940200662309,4.63778023199,-2.56159041746,-0.74406417904,0.427417456272,0.298814888062,4.0946363335,9.62965145952,0.657166824796,0.0647735774818,0.261073157391,0.75,0.99,0.00762824408161,0.020406989521
