,ftype,K,d,c1,c2,c3,c4,c5,e11,e12,e21,e22,e31,e32,e41,e42,e51,e52,a1,lb1,ub1,lb2,ub2,rms_err,max_err
0,SMA,5,2,0.0451397388913,0.808563608177,6.43056267982e-05,10.5455021165,0.0437766000315,-0.165475011359,38.3540126918,0.278878516655,0.0157604673833,-2.54279917952,-1.07465443482,3.68873824349,5.25160983734,-0.630924692941,3.03727443139,0.466255534379,0.0647735774818,0.261073157391,0.75,0.99,0.00731689733303,0.0212734005738
