,ftype,K,d,c1,c2,c3,c4,c5,e11,e12,e21,e22,e31,e32,e41,e42,e51,e52,a1,lb1,ub1,lb2,ub2,rms_err,max_err
0,SMA,5,2,0.0530728440894,0.0261744754635,0.879186378998,14.9022982019,7.58032606126e-05,-0.130590295549,38.0533869605,-0.783030352546,3.64702392142,0.344343243513,0.144166330386,3.94298887258,7.00601353637,-2.52990345118,-0.977486498065,0.5438394415,0.0647735774818,0.261073157391,0.75,0.99,0.0074498586924,0.0209438729859
