,ftype,K,d,c1,c2,c3,c4,c5,e11,e12,e21,e22,e31,e32,e41,e42,e51,e52,a1,lb1,ub1,lb2,ub2,rms_err,max_err
0,SMA,5,2,7.11033736162,0.364261665384,0.0200650195048,0.0501811746238,0.480216822638,2.42670565391,4.54123109232,0.0598780320682,-0.125920005779,44.1262348813,0.178993248036,4.03966002579,0.327836035565,-0.00678159925206,0.0563015642588,0.0852068401118,0.0647735774818,0.261073157391,0.75,0.99,0.0073595346291,0.0203592905838
