,ftype,K,d,c1,c2,c3,c4,c5,e11,e12,e21,e22,e31,e32,e41,e42,e51,e52,a1,lb1,ub1,lb2,ub2,rms_err,max_err
0,SMA,5,2,0.940796273991,9.88987914109e-08,2.56712448884,0.00519661691649,0.00177767860436,-0.00869733270878,0.0235920189861,-3.44663528221,-2.05798959025,4.48129362473,1.13808504862,0.116744166044,49.7173064712,-0.714131371008,9.89210294392,0.0230942213172,0.0647735774818,0.261073157391,0.75,0.99,0.0109383738885,0.0358548640958
