,ftype,K,d,c1,c2,c3,c4,c5,e11,e12,e21,e22,e31,e32,e41,e42,e51,e52,a1,lb1,ub1,lb2,ub2,rms_err,max_err
0,SMA,5,2,4.36426225153e-05,0.0376747362074,6.74430140812,0.0635977643308,0.773156921087,-2.58213606813,-1.2467042022,-0.160113087126,37.0182968161,3.43052299229,4.04596910757,-0.519288873467,2.35740054837,0.199609958176,-0.0784574665906,0.349105927196,0.0647735774818,0.261073157391,0.75,0.99,0.00724211820606,0.0214478527221
