,ftype,K,d,c1,c2,c3,c4,c5,e11,e12,e21,e22,e31,e32,e41,e42,e51,e52,a1,lb1,ub1,lb2,ub2,rms_err,max_err
0,SMA,5,2,6.02051132269e-11,0.257589962176,0.00276015685983,0.988458507861,0.000479043787692,-5.46644918042,-0.698969621663,3.7159988271,1.2823338115,0.49593626367,14.8024703425,-0.00250041221081,0.00498751670477,-0.218167989173,61.2349218124,0.00653895841609,0.0647735774818,0.261073157391,0.75,0.99,0.00691271220782,0.0187873761239
