,ftype,K,d,c1,c2,c3,c4,c5,e11,e12,e21,e22,e31,e32,e41,e42,e51,e52,a1,lb1,ub1,lb2,ub2,rms_err,max_err
0,SMA,5,2,6.19128030835e-07,0.284270309303,0.0023035745907,0.0490200888471,0.934883649286,-2.83246581046,-1.72146905708,3.09257825998,2.06869390057,-0.00427293709664,37.6995121854,-0.137794548911,0.658603490175,0.00673011305472,-0.0273699045438,0.0133649311502,0.0647735774818,0.261073157391,0.75,0.99,0.00704148032384,0.0220149225713
