,ftype,K,d,c1,c2,c3,c4,c5,e11,e12,e21,e22,e31,e32,e41,e42,e51,e52,a1,lb1,ub1,lb2,ub2,rms_err,max_err
0,SMA,5,2,0.0332525954002,2.91070577558e-06,0.850281332596,2.98543623253,0.0438625718319,-0.00795794081426,3.12411925976,-2.76017690764,32.2248661654,-0.0281309818998,0.00715258381618,4.18240880636,0.302380324726,0.831443198069,31.347378422,0.0491685753951,0.0647735774818,0.261073157391,0.75,0.99,0.00979323533895,0.0250467796206
