,ftype,K,d,c1,c2,c3,c4,e11,e12,e21,e22,e31,e32,e41,e42,a1,lb1,ub1,lb2,ub2,rms_err,max_err
0,SMA,4,2,2.09578920947e-18,10.3384563985,9.3717838727e-10,1.32191183013,13.1219817045,-10.9263129376,54.3084221876,7.36587060859,1519.0279436,-9.15472087594,12.6585041329,7.49479498984,8.27953728741,0.0647735774818,0.261073157391,0.75,0.99,0.0303203270424,0.0649635917905
