,ftype,K,d,c1,c2,c3,c4,c5,e11,e12,e21,e22,e31,e32,e41,e42,e51,e52,a1,lb1,ub1,lb2,ub2,rms_err,max_err
0,SMA,5,2,0.0345228205432,0.494803341808,3.06273309334e-08,0.400013814306,4.60365780777,34.0612606393,0.657869486742,-0.273203524978,-0.0380694089619,33.2968425054,-4.24933449535,0.586348440012,-0.00750248151423,0.505372515734,4.6290868326,0.0478423359474,0.0647735774818,0.261073157391,0.75,0.99,0.00904153066134,0.0230697244221
