,ftype,K,d,c1,c2,c3,c4,c5,e11,e12,e21,e22,e31,e32,e41,e42,e51,e52,a1,lb1,ub1,lb2,ub2,rms_err,max_err
0,MA,5,2,0.0846520837992,3.08489799926,0.432030037573,0.0952399312616,3.33115200118,-0.370912696752,1.76517921097,1.17615621384,1.19496450595,0.265121955831,2.59582039669,-0.429745028015,5.78100545053,1.09729372638,4.3904383228,1,0.0647735774818,0.261073157391,0.75,0.99,0.0285432508198,0.0764003424931
