,ftype,K,d,c1,c2,c3,c4,e11,e12,e21,e22,e31,e32,e41,e42,a1,lb1,ub1,lb2,ub2,rms_err,max_err
0,SMA,4,2,8.05520317857e-18,1.99326823202e-16,6375888.34176,1087076.32719,-7.19819406696,25.4041054826,-7.39842642505,91.219047637,14.6986765619,74.4843222947,15.6012157403,16.4364289595,14.2972317243,0.0647735774818,0.261073157391,0.75,0.99,0.0237970548305,0.0639600762334
