,ftype,K,d,c1,c2,c3,c4,c5,e11,e12,e21,e22,e31,e32,e41,e42,e51,e52,a1,lb1,ub1,lb2,ub2,rms_err,max_err
0,SMA,5,2,0.00254618843604,0.756638055072,9.57809279254e-11,0.970437303849,2.30472715378,-0.181184734096,18.1648756518,4.15762783751,0.386982656201,-5.65971326927,1.33497369603,-0.00574212719775,0.0144696377334,3.16686594502,364.831857976,0.0110912711033,0.0647735774818,0.261073157391,0.75,0.99,0.0101183207711,0.027256143819
