,ftype,K,d,c1,c2,c3,c4,c5,e11,e12,e21,e22,e31,e32,e41,e42,e51,e52,a1,lb1,ub1,lb2,ub2,rms_err,max_err
0,SMA,5,2,0.0773298660931,0.0344037655839,5.21685747375,0.745103584302,2.6990606305e-05,-0.454013384965,1.98561150797,-0.131792079841,36.248042132,3.28658951194,3.26046663026,0.148319346301,-0.109029877015,-2.65719409331,-1.39701294497,0.287701566521,0.0647735774818,0.261073157391,0.75,0.99,0.00719638284251,0.0218434329798
