,ftype,K,d,c1,c2,c3,c4,c5,e11,e12,e21,e22,e31,e32,e41,e42,e51,e52,a1,lb1,ub1,lb2,ub2,rms_err,max_err
0,SMA,5,2,2.50673082531e-07,0.332677676688,0.0113733670151,0.0345111883322,19.502898025,0.805842903744,-4.11218495869,0.473729857372,-0.163752012238,15.4105338048,-0.910666032348,100.627580029,-0.13305551276,1.83561802345,4.35216659401,0.416564877074,0.0647735774818,0.261073157391,0.75,0.99,0.0117974974648,0.0365923706535
