,ftype,K,d,c1,c2,c3,c4,c5,e11,e12,e21,e22,e31,e32,e41,e42,e51,e52,a1,lb1,ub1,lb2,ub2,rms_err,max_err
0,SMA,5,2,1031.06073658,18.0904429345,1.65906466537e-08,26.8328278217,1.23671294631e-10,7.04034427358,73.4259948281,6.2947062948,5.73733025236,-3.85253819021,54.8417091941,5.81180640107,18.7165928027,-5.00048169602,12.0847857608,7.72349869115,0.0647735774818,0.261073157391,0.75,0.99,0.0123609605179,0.0369181492423
