,ftype,K,d,c1,c2,c3,c4,e11,e12,e21,e22,e31,e32,e41,e42,a1,lb1,ub1,lb2,ub2,rms_err,max_err
0,MA,4,2,12.802067802,17.7081711505,0.0258501441946,0.0450496042713,1.97529857,4.4000358749,2.25839974441,1.16369009608,-0.523790647182,1.65606524043,-0.437854335716,6.58348198989,1,0.0647735774818,0.19101923937,0.75,0.99,0.0496863203267,0.145999346334
