,ftype,K,d,c1,c2,c3,c4,e11,e12,e21,e22,e31,e32,e41,e42,a1,lb1,ub1,lb2,ub2,rms_err,max_err
0,SMA,4,2,6.47230877116e-10,1.57843982033e-07,265.870116156,21.0390342363,-4.83453632413,10.4788726037,-3.34031190047,46.4559659506,5.88090151884,50.9917223258,5.3485716568,7.37452473056,6.68903087106,0.0647735774818,0.261073157391,0.75,0.99,0.0132986378008,0.0347957278011
