,ftype,K,d,c1,c2,c3,c4,c5,e11,e12,e21,e22,e31,e32,e41,e42,e51,e52,a1,lb1,ub1,lb2,ub2,rms_err,max_err
0,SMA,5,2,0.0683082442513,1.11147714204,3.98613796068e-05,20.9576724429,0.00614525382684,-0.011178883772,53.8836572628,0.805097747605,0.924910058692,-2.87733988607,0.719934560512,3.75298753836,20.0634612435,-1.10886521744,9.40008850672,1.22467389075,0.0647735774818,0.261073157391,0.75,0.99,0.00813773552758,0.0197400677042
