,ftype,K,d,c1,c2,c3,c4,c5,e11,e12,e21,e22,e31,e32,e41,e42,e51,e52,a1,lb1,ub1,lb2,ub2,rms_err,max_err
0,SMA,5,2,0.960087041662,2.04889429639e-08,0.00413457770399,0.00140858103698,1.52562590294,-0.00638765072478,0.01633493013,-3.82606692215,-1.74042614372,0.214704340867,47.7083785018,-0.594735695976,9.73518837396,4.39444762561,0.966110614566,0.0151749816491,0.0647735774818,0.261073157391,0.75,0.99,0.0106732144791,0.0343171510941
