,ftype,K,d,c1,c2,c3,c4,c5,e11,e12,e21,e22,e31,e32,e41,e42,e51,e52,a1,lb1,ub1,lb2,ub2,rms_err,max_err
0,SMA,5,2,3.95361740279,1.9234174951e-06,148.794296478,4.6463929051,8.54039443029e-09,3.56297954781,4.2901879211,44.9133151797,-2.87576355635,60.8428710685,5.240185842,13.3740513626,3.88761350782,8.47569773257,-4.43667054116,5.60002711696,0.0647735774818,0.261073157391,0.75,0.99,0.0110185166351,0.0319527275846
