,ftype,K,d,c1,c2,c3,c4,c5,e11,e12,e21,e22,e31,e32,e41,e42,e51,e52,a1,lb1,ub1,lb2,ub2,rms_err,max_err
0,SMA,5,2,0.116084528681,0.0309947892744,0.175014877117,37.2696764303,0.259644135525,-0.514913039119,-0.300904414427,68.9467677737,-0.180831395155,15.5185242837,0.646858576949,1.93856853467,5.02519672275,1.13014395177,-0.183691093643,0.449153231831,0.0647735774818,0.261073157391,0.75,0.99,0.00797296504281,0.0199554799926
