,ftype,K,d,c1,c2,c3,c4,c5,e11,e12,e21,e22,e31,e32,e41,e42,e51,e52,a1,lb1,ub1,lb2,ub2,rms_err,max_err
0,SMA,5,2,0.125324661558,0.973844729387,3.49638207728e-08,0.340996059994,0.00209893195325,2.90285678411,-1.3802374597,-0.00481416441278,0.0157576006295,-3.80481198283,-0.932490950252,3.35781858376,6.14938214534,-0.189423505516,28.2525828213,0.017140097059,0.0647735774818,0.261073157391,0.75,0.99,0.0069017471684,0.0177860821914
