,ftype,K,d,c1,c2,c3,c4,c5,e11,e12,e21,e22,e31,e32,e41,e42,e51,e52,a1,lb1,ub1,lb2,ub2,rms_err,max_err
0,SMA,5,2,8.53759847059,0.237997456101,0.280841136983,0.343399786416,0.0291573405633,4.5067846107,2.59163449349,0.136413931031,1.12779880659,-0.160673273655,0.115745657963,0.0116536030314,-0.33154386381,0.232550254584,40.4839922123,0.106804671707,0.0647735774818,0.261073157391,0.75,0.99,0.00737319780367,0.0202753241568
