,ftype,K,d,c1,c2,c3,c4,c5,e11,e12,e21,e22,e31,e32,e41,e42,e51,e52,a1,lb1,ub1,lb2,ub2,rms_err,max_err
0,SMA,5,2,2.19959350838,0.760559064433,8.63216250429e-06,0.0194132172079,0.128920012822,2.44243147994,3.09789298312,-0.133256880633,0.0653918510842,-1.55154493899,-2.73346887658,35.9803482732,-0.0483815499385,1.07200939072,-0.261247448928,0.121606211263,0.0647735774818,0.261073157391,0.75,0.99,0.00705006412482,0.0213206202395
