,ftype,K,d,c1,c2,c3,c4,c5,e11,e12,e21,e22,e31,e32,e41,e42,e51,e52,a1,lb1,ub1,lb2,ub2,rms_err,max_err
0,SMA,5,2,6.90549670725e-07,0.00406500125369,0.663275087902,0.301778459527,0.613565314565,-1.65175991346,-2.99521679457,37.9336793485,-0.0448680748268,0.17184869203,-0.0317245268749,-0.329042707381,0.0606123995306,2.12265575916,3.12867361147,0.0270761320864,0.0647735774818,0.261073157391,0.75,0.99,0.00703449819649,0.0217516221057
