,ftype,K,d,c1,c2,c3,c4,c5,e11,e12,e21,e22,e31,e32,e41,e42,e51,e52,a1,lb1,ub1,lb2,ub2,rms_err,max_err
0,MA,5,2,4.80072963893,0.0124322548904,5.34724770214,5.37510750331,0.00905703569763,1.49530671517,12.0903790106,-0.983179510075,3.57049303513,1.73133357749,1.15945506571,1.65377143098,2.30563498165,-1.01446840726,1.40148294162,1,0.0647735774818,0.231513137534,0.75,0.99,0.0409641646109,0.101399613985
