,ftype,K,d,c1,c2,c3,c4,c5,e11,e12,e21,e22,e31,e32,e41,e42,e51,e52,a1,lb1,ub1,lb2,ub2,rms_err,max_err
0,SMA,5,2,2.25513856686,0.0171097163402,6.00234122007e-06,0.42971529763,0.448264605059,3.08768820368,2.41270877547,-0.0812211507391,37.1048299665,-2.83221999684,-1.35842660363,0.126171051136,-0.4571431634,-0.106544938903,0.519914620251,0.118434711721,0.0647735774818,0.261073157391,0.75,0.99,0.00709788225992,0.0221131629996
