,ftype,K,d,c1,c2,c3,c4,e11,e12,e21,e22,e31,e32,e41,e42,a1,lb1,ub1,lb2,ub2,rms_err,max_err
0,SMA,4,2,0.53206785637,0.473101979001,0.00253729616054,0.000148941431964,0.183400576401,0.0192271714292,-0.166448798644,0.000902451112633,33.8208852265,-0.0171338106391,0.79849941582,-1.62799710783,0.0115400071308,0.0647735774818,0.261073157391,0.75,0.99,0.0109672169481,0.0313839760419
