,ftype,K,d,c1,c2,c3,c4,c5,e11,e12,e21,e22,e31,e32,e41,e42,e51,e52,a1,lb1,ub1,lb2,ub2,rms_err,max_err
0,SMA,5,2,0.97844027291,1.11600377284e-08,0.00173526839303,0.234404745435,0.140026443041,-0.00417099606064,0.0124820873034,-4.0543202929,-1.28877654011,-0.174107404619,28.1872785668,3.22789315528,6.58495606959,3.18524552913,-1.34221847035,0.0137874794346,0.0647735774818,0.261073157391,0.75,0.99,0.00690020779422,0.0175709846968
