,ftype,K,d,c1,c2,c3,c4,c5,e11,e12,e21,e22,e31,e32,e41,e42,e51,e52,a1,lb1,ub1,lb2,ub2,rms_err,max_err
0,SMA,5,2,7.70234180677e-05,0.00908484697627,0.0731569098504,25.4024366566,1.01936908833,-2.64000601867,-0.0813464935877,-1.05587626928,6.63165746321,-0.021423045288,44.6091266586,4.11639967324,14.4129527024,0.584610035831,0.564209924153,0.891539043931,0.0647735774818,0.261073157391,0.75,0.99,0.00784538986654,0.0187524964608
