,ftype,K,d,c1,c2,c3,c4,e11,e12,e21,e22,e31,e32,e41,e42,a1,lb1,ub1,lb2,ub2,rms_err,max_err
0,MA,4,2,0.00787924312856,1.49897631736,1.52338442677,0.842484203695,-1.28718906332,1.88513301978,0.945429315532,5.17628052394,1.11936404123,1.50367303918,0.78273097521,1.65188577962,1,0.0647735774818,0.261073157391,0.75,0.99,0.0301707123519,0.0934140994441
