,ftype,K,d,c1,c2,c3,c4,c5,e11,e12,e21,e22,e31,e32,e41,e42,e51,e52,a1,lb1,ub1,lb2,ub2,rms_err,max_err
0,SMA,5,2,0.99156711003,1.64689884921e-09,0.162446157167,3.75734555146e-06,0.00119283682248,0.00488349116284,-0.0017641074659,-1.79969347846,-4.25460533765,1.69991547672,3.42984783222,-16.4409874313,0.779556623757,29.7652932813,0.0850679102479,0.00511619889288,0.0647735774818,0.261073157391,0.75,0.99,0.00702550730439,0.018985056108
