,ftype,K,d,c1,c2,c3,c4,c5,e11,e12,e21,e22,e31,e32,e41,e42,e51,e52,a1,lb1,ub1,lb2,ub2,rms_err,max_err
0,MA,5,2,12.5290661184,1.74855302424e-05,0.104853376178,0.0384923201162,18.1035255951,4.48648832849,1.94435877172,4.58617518848,-3.31634322395,6.79576864473,-0.113849931562,1.65392221032,-0.368680818458,1.16019273775,2.24846101917,1,0.0647735774818,0.19101923937,0.75,0.99,0.0498029435169,0.150930627642
