,ftype,K,d,c1,c2,c3,c4,e11,e12,e21,e22,e31,e32,e41,e42,a1,lb1,ub1,lb2,ub2,rms_err,max_err
0,SMA,4,2,0.00233556820284,0.974075794088,1.73874315454,0.0104680860047,0.13903403185,46.909870519,-0.00600047766077,0.00666757724653,5.11048265592,1.09332344431,0.645406604125,7.94985081343,0.0110787903919,0.0647735774818,0.261073157391,0.75,0.99,0.00788517375672,0.0203590593709
