,ftype,K,d,c1,c2,c3,c4,c5,e11,e12,e21,e22,e31,e32,e41,e42,e51,e52,a1,lb1,ub1,lb2,ub2,rms_err,max_err
0,MA,5,2,10.2383363582,12.7706322362,0.0128390802793,0.0158090542778,0.025073170166,4.56802619894,1.89328159336,1.2217554931,2.12745443031,1.41870976177,-0.812201370295,2.57347685985,-0.790563449067,5.99288804952,-0.682081950001,1,0.0647735774818,0.195665576827,0.75,0.99,0.044677595618,0.13854598241
