,ftype,K,d,c1,c2,c3,c4,c5,e11,e12,e21,e22,e31,e32,e41,e42,e51,e52,a1,lb1,ub1,lb2,ub2,rms_err,max_err
0,MA,5,2,0.11809023111,0.0777391348257,11.0402583144,0.000129417997482,8.15464069719,-0.0165108634542,1.88986239023,-0.325497068233,7.05531003415,1.94292898605,1.11657390664,-2.55309968673,1.77344640669,1.67009622765,4.26200655298,1,0.0647735774818,0.210293755105,0.75,0.99,0.0486341141563,0.151239765486
