,ftype,K,d,c1,c2,c3,c4,c5,e11,e12,e21,e22,e31,e32,e41,e42,e51,e52,a1,lb1,ub1,lb2,ub2,rms_err,max_err
0,SMA,5,2,15766.5027773,191.402243127,360.096476847,4.29856015671e-11,6.28874245175e-13,86.842453117,9.50398655875,8.54792437369,9.01479526509,24.8852970523,8.43358226793,67.7946055978,-5.02489664087,16.6673778389,-5.6571418935,10.2992102626,0.0647735774818,0.261073157391,0.75,0.99,0.0141510584819,0.0405735624926
