,ftype,K,d,c1,c2,c3,c4,c5,e11,e12,e21,e22,e31,e32,e41,e42,e51,e52,a1,lb1,ub1,lb2,ub2,rms_err,max_err
0,SMA,5,2,2.86103062283,0.0412482828754,0.825890008319,0.063163650927,3.27319836099e-06,0.289240624762,4.19238194649,30.191024066,0.800492287024,-0.0284416148687,-0.0267412918672,1.90117223452,-0.015226496704,31.2047307591,-2.70225740014,0.0464409135965,0.0647735774818,0.261073157391,0.75,0.99,0.00980199609866,0.0251837922236
