,ftype,K,d,c1,c2,c3,c4,c5,e11,e12,e21,e22,e31,e32,e41,e42,e51,e52,a1,lb1,ub1,lb2,ub2,rms_err,max_err
0,SMA,5,2,6.56789392721e-07,0.316418379443,0.00386112751001,0.581275316511,0.650463658443,-2.99382302729,-1.65598169102,0.0568284664531,-0.308959429433,-0.0436063379303,37.9507913444,3.12838673618,2.11812881109,-0.0316677930948,0.171766806921,0.0256322227781,0.0647735774818,0.261073157391,0.75,0.99,0.00703403667079,0.0217536257594
