,ftype,K,d,c1,c2,c3,c4,e11,e12,e21,e22,e31,e32,e41,e42,a1,lb1,ub1,lb2,ub2,rms_err,max_err
0,SMA,4,2,3.26814531355e-05,0.131371926423,0.916407033728,0.033051049384,1.0288281807,-2.77728849101,1.78430978794,0.0619105783202,-0.0722597698204,0.0830489993364,36.0741422007,0.226222929781,0.0987701929289,0.0647735774818,0.261073157391,0.75,0.99,0.0136560326036,0.0382010699917
