,ftype,K,d,c1,c2,c3,c4,c5,e11,e12,e21,e22,e31,e32,e41,e42,e51,e52,a1,lb1,ub1,lb2,ub2,rms_err,max_err
0,MA,5,2,0.0193007643519,1.12864278688,1.11486090493,0.387125501117,0.00785917301592,30.2747425411,-1.11620859477,5.69550630631,0.794217058691,1.63652827982,0.971971298259,1.74955122805,0.377208473365,1.57017718413,-1.31756369793,1,0.0647735774818,0.261073157391,0.75,0.99,0.0249183704977,0.0643903280784
