,ftype,K,d,c1,c2,c3,c4,c5,e11,e12,e21,e22,e31,e32,e41,e42,e51,e52,a1,lb1,ub1,lb2,ub2,rms_err,max_err
0,MA,5,2,0.554689277207,0.0184028863016,0.450336722122,0.0340118458844,0.118160522649,0.375711485955,6.62639840483,-1.07508946589,1.25073276971,0.454032925253,1.77091077854,-0.88700307483,3.26453156624,-0.297404716139,1.71800983115,1,0.0647735774818,0.261073157391,0.75,0.99,0.0244781675893,0.0700854599492
