,ftype,K,d,c1,c2,c3,c4,c5,e11,e12,e21,e22,e31,e32,e41,e42,e51,e52,a1,lb1,ub1,lb2,ub2,rms_err,max_err
0,SMA,5,2,9.55843009873e-06,0.126426595217,0.0214535279022,2.46234282769,0.751200152225,-2.73286022875,-1.53803443103,-0.274127850783,1.13347228136,-0.0476192493873,36.0560595141,3.11072623782,2.46722599948,0.0696979247658,-0.136220346916,0.135787896591,0.0647735774818,0.261073157391,0.75,0.99,0.00705238182774,0.0213483333868
