,ftype,K,d,c1,c2,c3,c4,c5,e11,e12,e21,e22,e31,e32,e41,e42,e51,e52,a1,lb1,ub1,lb2,ub2,rms_err,max_err
0,SMA,5,2,0.978121645207,6.51010110312e-12,0.391839465014,0.536318875462,0.00230232537316,-0.0043860614902,0.0103508142057,-6.49224872564,2.2629733957,3.63023050275,158.206814641,4.12020342996,0.520240102164,-0.0742412631624,18.0585700447,0.00818677000319,0.0647735774818,0.261073157391,0.75,0.99,0.00999855147156,0.026135724882
