,ftype,K,d,c1,c2,c3,c4,c5,e11,e12,e21,e22,e31,e32,e41,e42,e51,e52,a1,lb1,ub1,lb2,ub2,rms_err,max_err
0,SMA,5,2,64734070099.9,1.52036720082e+11,5.5326882963e-24,7.5352579787e+11,3.13721618238e-08,22.4610975378,48.3392771277,24.5420617282,16.5158195239,-9.72871470132,36.626873186,20.6199588724,538.138803145,-9.45717109495,3220.50489869,16.9941836455,0.0647735774818,0.261073157391,0.75,0.99,0.0455752598173,0.118145100732
