,ftype,K,d,c1,c2,c3,c4,c5,e11,e12,e21,e22,e31,e32,e41,e42,e51,e52,a1,lb1,ub1,lb2,ub2,rms_err,max_err
0,SMA,5,2,0.965898793829,2.72780620245,0.0043485202187,0.0135480142691,1.46702255439e-13,-0.00785249123404,0.00698119352881,5.29671672377,0.986199768624,0.321249462072,40.3237910761,0.580335287206,6.05402753502,-7.87943399664,23.2044664636,0.0144568677905,0.0647735774818,0.261073157391,0.75,0.99,0.00770326818801,0.0204918416676
