,ftype,K,d,c1,c2,c3,c4,c5,e11,e12,e21,e22,e31,e32,e41,e42,e51,e52,a1,lb1,ub1,lb2,ub2,rms_err,max_err
0,MA,5,2,0.113390664158,0.0177551917638,0.457456553133,0.199399612807,0.717709397655,1.55256677393,-0.291389047091,1.54566485956,-1.10760963527,1.77131916808,0.468430769978,4.54143084841,-0.118504312381,6.41334852192,0.554890130094,1,0.0647735774818,0.261073157391,0.75,0.99,0.024308622476,0.0811731631485
