,ftype,K,d,c1,c2,c3,c4,c5,e11,e12,e21,e22,e31,e32,e41,e42,e51,e52,a1,lb1,ub1,lb2,ub2,rms_err,max_err
0,MA,5,2,2.10544464942,0.00818396059645,2.2239468048,1.13631761894,2.44616830397,1.25173675072,1.44848654904,-1.21430307127,1.99555210634,1.15215326745,4.87240923449,0.932296252183,2.1775373186,1.35918411172,2.23042806192,1,0.0647735774818,0.261073157391,0.75,0.99,0.031982040381,0.0994102382709
