,ftype,K,d,c1,c2,c3,c4,e11,e12,e21,e22,e31,e32,e41,e42,a1,lb1,ub1,lb2,ub2,rms_err,max_err
0,MA,4,2,0.0817965762686,4.04259468595,4.06816453217,0.0639388396784,-0.446880099696,6.24425840555,1.22490463505,4.21587969645,1.34594674905,1.16969399469,-0.427325324237,1.85761998235,1,0.0647735774818,0.261073157391,0.75,0.99,0.0391229132675,0.0996099124662
