,ftype,K,d,c1,c2,c3,c4,c5,e11,e12,e21,e22,e31,e32,e41,e42,e51,e52,a1,lb1,ub1,lb2,ub2,rms_err,max_err
0,MA,5,2,0.0363074165314,17.6892674582,9.73493032021,13.2385217921,0.0675065532701,-0.415509879281,1.77102662983,2.22202257513,1.10151570765,1.78397103106,7.236849118,2.00036854733,2.50746268952,-0.316064443146,6.95792694492,1,0.0647735774818,0.19101923937,0.75,0.99,0.0491391257763,0.1438195805
