,ftype,K,d,c1,c2,c3,c4,e11,e12,e21,e22,e31,e32,e41,e42,a1,lb1,ub1,lb2,ub2,rms_err,max_err
0,SMA,4,2,5488875205.96,2.67921080951e-22,57187152511.7,2.51580970941e-19,19.3013995931,75.0289804125,-8.96047467367,27.5350399951,22.4032278602,15.9847776033,-8.22856827964,106.56602676,14.5726527097,0.0647735774818,0.254873630576,0.75,0.99,0.049331411663,0.139810382307
