,ftype,K,d,c1,c2,c3,c4,c5,e11,e12,e21,e22,e31,e32,e41,e42,e51,e52,a1,lb1,ub1,lb2,ub2,rms_err,max_err
0,SMA,5,2,0.00148804279151,0.00370697529532,8.89027586332e-08,0.981161045606,0.24847912452,36.0401938815,-0.0916957163844,-2.62929538746,0.421693221091,-1.54197721069,-3.33458569652,0.0167086607527,-0.00353590784718,1.99310205129,3.11750764506,0.0106831034053,0.0647735774818,0.261073157391,0.75,0.99,0.0070082741435,0.0208069928033
