,ftype,K,d,c1,c2,c3,c4,c5,e11,e12,e21,e22,e31,e32,e41,e42,e51,e52,a1,lb1,ub1,lb2,ub2,rms_err,max_err
0,MA,5,2,9.82582793779e-05,15.9639967111,0.104379156275,0.0726639570417,9.99036006258,-2.62667290566,1.80863856179,2.14012289817,1.1582703827,-0.0302887084305,1.85159817549,-0.318222736862,7.13156122848,1.78764172244,4.46003135716,1,0.0647735774818,0.19101923937,0.75,0.99,0.0440469208851,0.139048793214
