,ftype,K,d,c1,c2,c3,c4,e11,e12,e21,e22,e31,e32,e41,e42,a1,lb1,ub1,lb2,ub2,rms_err,max_err
0,MA,4,2,0.0079824375504,0.0331978893234,2.73646313146,2.74695308429,-1.1651294375,1.71339181408,-0.969308370335,79.7608473395,1.38441233193,1.38398972958,1.26098464468,4.69015002139,1,0.0647735774818,0.261073157391,0.75,0.99,0.0304266248414,0.0954834161068
