,ftype,K,d,c1,c2,c3,c4,c5,e11,e12,e21,e22,e31,e32,e41,e42,e51,e52,a1,lb1,ub1,lb2,ub2,rms_err,max_err
0,SMA,5,2,0.0152206789447,19.7510714689,0.94456849173,0.0631055679471,7.96197812423e-05,-0.940200648045,4.63778094829,4.09463668529,9.62965365741,0.427417528676,0.298814986773,-0.0804355484114,39.9197488066,-2.56159020153,-0.744063741642,0.657166927382,0.0647735774818,0.261073157391,0.75,0.99,0.0076282440816,0.0204069887576
