,ftype,K,d,c1,c2,c3,c4,c5,e11,e12,e21,e22,e31,e32,e41,e42,e51,e52,a1,lb1,ub1,lb2,ub2,rms_err,max_err
0,MA,5,2,1.53109420195,0.859250163231,1.32269274782,0.563624540019,0.0081119590594,0.975467009864,5.44786993239,0.671137186376,5.01283122012,1.0566614489,1.57558229013,0.579355269478,1.65750226164,-1.30063851649,1.83145241621,1,0.0647735774818,0.261073157391,0.75,0.99,0.0289554991091,0.0891694609364
