,ftype,K,d,c1,c2,c3,c4,c5,e11,e12,e21,e22,e31,e32,e41,e42,e51,e52,a1,lb1,ub1,lb2,ub2,rms_err,max_err
0,SMA,5,2,0.80856360807,0.0451397388481,6.4305626813e-05,10.5455020841,0.0437766001061,0.278878515523,0.0157604668159,-0.16547501086,38.3540127009,-2.54279917958,-1.07465443139,3.68873824252,5.25160981961,-0.630924691818,3.03727443164,0.466255532959,0.0647735774818,0.261073157391,0.75,0.99,0.00731689733303,0.02127340059
