,ftype,K,d,c1,c2,c3,c4,c5,e11,e12,e21,e22,e31,e32,e41,e42,e51,e52,a1,lb1,ub1,lb2,ub2,rms_err,max_err
0,MA,5,2,0.000465934610123,0.0375767304166,16.1028095677,0.023899894836,12.2573215075,-2.03883255033,1.86094609579,-0.512644348087,6.5692164141,2.22771158536,1.18967883649,-0.559512556419,1.59507678818,1.96870081636,4.48184889512,1,0.0647735774818,0.19101923937,0.75,0.99,0.045470504447,0.128620243418
