,ftype,K,d,c1,c2,c3,c4,c5,e11,e12,e21,e22,e31,e32,e41,e42,e51,e52,a1,lb1,ub1,lb2,ub2,rms_err,max_err
0,MA,5,2,0.0743265970443,0.0521577360637,7.97336833944,7.99750345455,9.51440807721,-0.37438470679,6.93957140211,-0.376630915865,1.89298066753,1.68726326895,2.43014300556,1.49491851402,32.1113218488,1.86041597074,1.02013353212,1,0.0647735774818,0.215408924417,0.75,0.99,0.0476386301609,0.125012542114
