,ftype,K,d,c1,c2,c3,c4,c5,e11,e12,e21,e22,e31,e32,e41,e42,e51,e52,a1,lb1,ub1,lb2,ub2,rms_err,max_err
0,MA,5,2,5.86627293088,6.83277534807,0.0868135370193,0.137438596453,0.00026269764255,1.46674144797,4.11333233073,1.66891033399,1.0886241093,-0.346905735783,7.25391666388,-0.0223240342614,1.83577887986,-2.38403849169,2.09192414296,1,0.0647735774818,0.242912728957,0.75,0.99,0.0498236119487,0.164556902922
