,ftype,K,d,c1,c2,c3,c4,c5,e11,e12,e21,e22,e31,e32,e41,e42,e51,e52,a1,lb1,ub1,lb2,ub2,rms_err,max_err
0,SMA,5,2,0.0035655501582,1.82661361755e-08,0.965592994804,1.3197311228,0.00121923012329,47.641078453,0.214258470446,-1.74412328903,-3.81463116415,0.0140330410537,-0.00548745248476,0.962766969301,4.39655279404,9.71235617825,-0.59332884052,0.0130456407961,0.0647735774818,0.261073157391,0.75,0.99,0.0106724327257,0.0343147542388
