,ftype,K,d,c1,c2,c3,c4,c5,e11,e12,e21,e22,e31,e32,e41,e42,e51,e52,a1,lb1,ub1,lb2,ub2,rms_err,max_err
0,MA,5,2,0.0177551917658,0.457456553132,0.199399612673,0.717709397656,0.11339066416,-1.10760963523,1.54566485957,0.468430769978,1.77131916808,-0.118504312687,4.5414308472,0.554890130095,6.41334852192,-0.291389047082,1.55256677394,1,0.0647735774818,0.261073157391,0.75,0.99,0.024308622476,0.0811731631433
