,ftype,K,d,c1,c2,c3,c4,c5,e11,e12,e21,e22,e31,e32,e41,e42,e51,e52,a1,lb1,ub1,lb2,ub2,rms_err,max_err
0,SMA,5,2,0.217665605698,0.000125217156741,0.0477409164428,0.682474444503,2.73710823451,0.0684311623782,0.859093143104,-1.44557915415,39.148353295,0.88484697641,34.1203868878,-0.0476575343613,-0.105950274047,4.00375358547,1.35110501234,0.0633468336813,0.0647735774818,0.261073157391,0.75,0.99,0.00721170999625,0.0177572456529
