,ftype,K,d,c1,c2,c3,c4,c5,e11,e12,e21,e22,e31,e32,e41,e42,e51,e52,a1,lb1,ub1,lb2,ub2,rms_err,max_err
0,SMA,5,2,46.5259097745,0.350057337205,0.0373784681873,0.143119941921,0.0465122809273,5.24441138027,1.93161250805,-0.185953178691,0.278852893199,-0.398524897879,0.27030774506,0.403102459586,10.3178957828,0.0107329969573,53.6773766349,0.398889264553,0.0647735774818,0.261073157391,0.75,0.99,0.00811072812828,0.0201777050318
