,ftype,K,d,c1,c2,c3,c4,c5,e11,e12,e21,e22,e31,e32,e41,e42,e51,e52,a1,lb1,ub1,lb2,ub2,rms_err,max_err
0,MA,5,2,0.447640591832,0.0198101154764,0.036537416483,0.111738742665,0.546846600059,1.77424414593,0.445036768467,1.27810698075,-1.0528762391,3.23554984023,-0.862778970232,1.66241971869,-0.32628869853,6.61263292492,0.357828962796,1,0.0647735774818,0.261073157391,0.75,0.99,0.0241892370237,0.0688354422265
