,ftype,K,d,c1,c2,c3,c4,c5,e11,e12,e21,e22,e31,e32,e41,e42,e51,e52,a1,lb1,ub1,lb2,ub2,rms_err,max_err
0,SMA,5,2,0.398071675218,0.0604824611759,0.367194859462,0.0247732854474,12.6550566638,-0.014407558406,-0.15366342712,0.451119691244,7.75529741145,-0.102507484389,0.303569485034,0.173309713539,46.4288644317,4.9036548406,1.29629645908,0.104018573085,0.0647735774818,0.261073157391,0.75,0.99,0.0087136179204,0.0220393941715
