,ftype,K,d,c1,c2,c3,c4,c5,e11,e12,e21,e22,e31,e32,e41,e42,e51,e52,a1,lb1,ub1,lb2,ub2,rms_err,max_err
0,MA,5,2,1.75073075344,0.00783311298445,1.45511299852,1.33792252009,1.81246248789,1.17883593631,1.42585769285,-1.26159607706,1.94017909456,1.01276003118,2.37675195287,1.0304648231,1.48409555326,1.04533515174,5.02066506747,1,0.0647735774818,0.261073157391,0.75,0.99,0.0299991548381,0.0972799331387
