,ftype,K,d,c1,c2,c3,c4,c5,e11,e12,e21,e22,e31,e32,e41,e42,e51,e52,a1,lb1,ub1,lb2,ub2,rms_err,max_err
0,SMA,5,2,5.11845817642,2.54538694068,5.91527334199e-11,0.780041354635,0.0209449000085,0.646570908548,4.11283670817,94.1637717433,3.7538213564,2.45735650848,-6.54133460748,0.116711697061,-0.0492558050503,18.4353562836,-0.117696306526,0.0920155623116,0.0647735774818,0.261073157391,0.75,0.99,0.0100068759719,0.0259678406025
