,ftype,K,d,c1,c2,c3,c4,c5,e11,e12,e21,e22,e31,e32,e41,e42,e51,e52,a1,lb1,ub1,lb2,ub2,rms_err,max_err
0,SMA,5,2,0.773156912221,0.0635977642889,4.3642605187e-05,6.74430056112,0.0376747367259,-0.0784574747829,0.199609961153,2.35740050052,-0.519288886212,-1.24670433669,-2.58213618053,4.04596905966,3.43052285905,37.0182967307,-0.160113088237,0.349105933979,0.0647735774818,0.261073157391,0.75,0.99,0.00724211820606,0.0214478525939
