,ftype,K,d,c1,c2,c3,c4,c5,e11,e12,e21,e22,e31,e32,e41,e42,e51,e52,a1,lb1,ub1,lb2,ub2,rms_err,max_err
0,SMA,5,2,1.51287315327e-07,0.0174802137769,2.11671535632,2.52547057348,0.750526609966,-1.09358908435,-4.02182061618,28.5188006088,-0.237354628732,-0.671045331683,3.26709589864,8.74817738455,3.28553496867,0.166214047148,-0.0542568912514,0.183377270627,0.0647735774818,0.261073157391,0.75,0.99,0.00690824650395,0.017393381705
