,ftype,K,d,c1,c2,c3,c4,c5,e11,e12,e21,e22,e31,e32,e41,e42,e51,e52,a1,lb1,ub1,lb2,ub2,rms_err,max_err
0,SMA,5,2,0.0189085316106,0.949829752769,1.5703016512e-06,0.0101773017046,1.98865556805,4.03188161382,0.432011873284,0.00632880166285,-0.0113083370401,30.3073094122,-2.46500980579,39.2365121863,0.606949641588,1.30481042576,4.66972692645,0.0213439349618,0.0647735774818,0.261073157391,0.75,0.99,0.00729790434793,0.0186017286749
