,ftype,K,d,c1,c2,c3,c4,c5,e11,e12,e21,e22,e31,e32,e41,e42,e51,e52,a1,lb1,ub1,lb2,ub2,rms_err,max_err
0,MA,5,2,0.130274385773,11.2003194911,0.0952705711422,0.000101498315974,8.02128563347,0.0247557629411,1.85088708814,1.95018240496,1.12157809975,-0.246954032821,7.35432515334,-2.66734446964,2.09461851144,1.66150790724,4.26292417886,1,0.0647735774818,0.210293755105,0.75,0.99,0.048421498405,0.147489375315
