,ftype,K,d,c1,c2,c3,c4,c5,e11,e12,e21,e22,e31,e32,e41,e42,e51,e52,a1,lb1,ub1,lb2,ub2,rms_err,max_err
0,SMA,5,2,0.752923480862,0.0273785141944,3.49084308543,1.61092473493e-05,0.0948027224158,0.0976986941759,-0.121469940402,-0.0979227441779,35.4917674548,3.16272162966,2.7206747067,-2.69961789869,-1.49364479642,-0.367959904722,1.53502050522,0.198848543851,0.0647735774818,0.261073157391,0.75,0.99,0.00709737847095,0.0211012009694
