,ftype,K,d,c1,c2,c3,c4,e11,e12,e21,e22,e31,e32,e41,e42,a1,lb1,ub1,lb2,ub2,rms_err,max_err
0,MA,4,2,0.0534146203509,0.0770726014584,4.53055067962,4.60391439906,-0.466733912674,1.88383517451,-0.446577433344,6.49348680938,1.29857433093,4.19079529351,1.4281548878,1.12966450343,1,0.0647735774818,0.261073157391,0.75,0.99,0.0452976898477,0.120891118447
