,ftype,K,d,c1,c2,c3,c4,c5,e11,e12,e21,e22,e31,e32,e41,e42,e51,e52,a1,lb1,ub1,lb2,ub2,rms_err,max_err
0,MA,5,2,0.110158640218,15.0296904974,0.00014023517011,0.073726501043,9.91538731428,1.85639734924,-0.00956783815983,1.15176081897,2.11312466537,1.77758745822,-2.49338735637,7.12547056795,-0.312866055807,4.45408980782,1.78522027324,1,0.0647735774818,0.195665576827,0.75,0.99,0.0474806167996,0.162640586843
