,ftype,K,d,c1,c2,c3,c4,c5,e11,e12,e21,e22,e31,e32,e41,e42,e51,e52,a1,lb1,ub1,lb2,ub2,rms_err,max_err
0,SMA,5,2,0.0228420037017,0.57709432448,3.70147784556,4.36093033997e-11,0.340883097915,33.2294910876,0.51880012265,-0.198050589525,-0.0301691243613,0.822157547311,4.62148594768,36.1964181614,-6.39775198587,0.55826562124,0.000283229993154,0.0374128511327,0.0647735774818,0.261073157391,0.75,0.99,0.00877992696927,0.022234868124
