,ftype,K,d,c1,c2,c3,c4,c5,e11,e12,e21,e22,e31,e32,e41,e42,e51,e52,a1,lb1,ub1,lb2,ub2,rms_err,max_err
0,SMA,5,2,0.965896581947,1.46716106063e-13,2.72798249465,0.0135488793862,0.0043488030548,0.0069816561927,-0.00785300958773,23.2045036255,-7.87942383324,0.986201788273,5.29671644284,6.05403005567,0.580334858328,40.3237949777,0.321249428598,0.014457822592,0.0647735774818,0.261073157391,0.75,0.99,0.00770326826361,0.0204918403985
