,ftype,K,d,c1,c2,c3,c4,c5,e11,e12,e21,e22,e31,e32,e41,e42,e51,e52,a1,lb1,ub1,lb2,ub2,rms_err,max_err
0,SMA,5,2,9.58152567333e-11,0.00254710583227,2.30536319024,0.970426575093,0.756909820681,-5.65971603585,1.33499376154,-0.181185912344,18.1649083671,3.16689127523,364.819887809,-0.00574424327488,0.0144749738109,4.15762667381,0.386987611021,0.0110953575247,0.0647735774818,0.261073157391,0.75,0.99,0.0101183210598,0.0272561197411
