,ftype,K,d,c1,c2,c3,c4,c5,e11,e12,e21,e22,e31,e32,e41,e42,e51,e52,a1,lb1,ub1,lb2,ub2,rms_err,max_err
0,SMA,5,2,0.247931259189,0.00161120265094,0.980035469226,0.10334631585,6.08804050875e-09,3.45426679815,-0.330024203373,-0.165964191912,27.90419877,-0.00399524893366,0.0110554790589,2.88413186028,9.50152526798,-4.17623804819,-1.50993511808,0.01250601895,0.0647735774818,0.261073157391,0.75,0.99,0.0069491264452,0.0180619656864
