,ftype,K,d,c1,c2,c3,c4,e11,e12,e21,e22,e31,e32,e41,e42,a1,lb1,ub1,lb2,ub2,rms_err,max_err
0,SMA,4,2,0.00220087264337,0.469553901672,0.535768622039,0.000433861370495,32.7574241348,-0.0755055685344,0.201546540568,0.0279033822868,-0.141328033369,-0.00234068180236,0.750049696854,-1.31075117045,0.011434169599,0.0647735774818,0.261073157391,0.75,0.99,0.0104583155789,0.0319085083155
