,ftype,K,d,c1,c2,c3,c4,c5,e11,e12,e21,e22,e31,e32,e41,e42,e51,e52,a1,lb1,ub1,lb2,ub2,rms_err,max_err
0,SMA,5,2,0.0773298649182,5.216857884,0.745103591874,2.69906147138e-05,0.0344037653033,-0.454013380594,1.98561153947,3.2865896,3.26046665606,0.148319344565,-0.10902986918,-2.65719400289,-1.3970128532,-0.131792078164,36.2480421735,0.287701562586,0.0647735774818,0.261073157391,0.75,0.99,0.00719638284251,0.0218434330787
