,ftype,K,d,c1,c2,c3,c4,c5,e11,e12,e21,e22,e31,e32,e41,e42,e51,e52,a1,lb1,ub1,lb2,ub2,rms_err,max_err
0,SMA,5,2,1.54097128311e-05,2.76311485379e-06,0.0882644804905,1.22704356621,0.0985626609483,-2.57688895645,36.1615404728,-3.57034656988,3.24868154802,1.52474479017,3.09117257882,2.69492383591,59.9676270265,1.32158255496,13.6788816266,2.7497361208,0.0647735774818,0.261073157391,0.75,0.99,0.0269521007911,0.0650107232215
