,ftype,K,d,c1,c2,c3,c4,c5,e11,e12,e21,e22,e31,e32,e41,e42,e51,e52,a1,lb1,ub1,lb2,ub2,rms_err,max_err
0,SMA,5,2,0.349867555269,0.0229189479949,3.71268944843,0.567846566825,4.37592796907e-11,-0.000194178352326,0.548123064144,0.518732408159,33.216197278,4.62144657096,0.822460907494,-0.0304667450516,-0.203620147816,-6.39769134216,36.2085059793,0.037534255095,0.0647735774818,0.261073157391,0.75,0.99,0.00877995166873,0.0222339062524
