,ftype,K,d,c1,c2,c3,c4,c5,e11,e12,e21,e22,e31,e32,e41,e42,e51,e52,a1,lb1,ub1,lb2,ub2,rms_err,max_err
0,SMA,5,2,12.7073340486,0.346390810374,0.291616610869,0.250796473589,0.0239652829888,2.35685031423,4.84933771568,0.772442983984,0.0953854532302,-0.403514438873,0.112006696879,0.00115825453229,-0.21319756689,34.173408084,0.131746897983,0.110481778888,0.0647735774818,0.261073157391,0.75,0.99,0.00720728315895,0.0192720048444
