,ftype,K,d,c1,c2,c3,c4,c5,e11,e12,e21,e22,e31,e32,e41,e42,e51,e52,a1,lb1,ub1,lb2,ub2,rms_err,max_err
0,SMA,5,2,38.591850829,0.04920893742,0.111871408282,2.5597726172e-14,0.470158184108,1.83481207766,5.16224643032,51.797472407,0.115105244138,9.08148198097,0.316072403782,2.93617749655,-9.28111808342,0.197559754245,-0.166924820485,0.304740206799,0.0647735774818,0.261073157391,0.75,0.99,0.00819994813783,0.0203326384008
