,ftype,K,d,c1,c2,c3,c4,c5,e11,e12,e21,e22,e31,e32,e41,e42,e51,e52,a1,lb1,ub1,lb2,ub2,rms_err,max_err
0,SMA,5,2,86.8827632424,12.3006721041,0.474839229853,0.0665156695527,5.38668238756e-08,1.82630320527,594.432278389,4.24296594177,0.800557156944,-0.158518688086,0.301345004756,0.0732672124884,14.6366302786,-4.7393549806,53.3352301777,0.279856212699,0.0647735774818,0.261073157391,0.75,0.99,0.00947000599931,0.0231818942317
