,ftype,K,d,c1,c2,c3,c4,c5,e11,e12,e21,e22,e31,e32,e41,e42,e51,e52,a1,lb1,ub1,lb2,ub2,rms_err,max_err
0,SMA,5,2,2.06943088952e-06,0.08992182521,0.000661400650151,9.10785486082e-10,0.995329617425,0.776803813928,-16.4470376847,3.42921460594,1.6953373042,0.0857136483877,29.761766153,-4.25482754869,-1.80213232319,-0.000975229338568,0.00269973483923,0.00282801766646,0.0647735774818,0.261073157391,0.75,0.99,0.00702472962248,0.0189811482194
