,ftype,K,d,c1,c2,c3,c4,c5,e11,e12,e21,e22,e31,e32,e41,e42,e51,e52,a1,lb1,ub1,lb2,ub2,rms_err,max_err
0,SMA,5,2,1.49852678657e-05,0.776078153598,0.0879461907635,3.10502894967,0.0249385695391,-2.6876646929,-1.53692621077,0.086461255099,-0.106760808905,-0.36807174447,1.50728126345,3.15466087861,2.66609239178,-0.092652379393,35.4009174508,0.175873524272,0.0647735774818,0.261073157391,0.75,0.99,0.00709686278577,0.0210954312031
