,ftype,K,d,c1,c2,c3,c4,c5,e11,e12,e21,e22,e31,e32,e41,e42,e51,e52,a1,lb1,ub1,lb2,ub2,rms_err,max_err
0,SMA,5,2,0.421879050527,6.21959166368e-06,2.34219950675,0.0177787231614,0.451691823542,-0.114341138337,0.556150050004,-2.83080419045,-1.36981141657,3.09099343916,2.41960886205,-0.0788961655086,37.2042683153,0.121479050379,-0.434835285629,0.123080005928,0.0647735774818,0.261073157391,0.75,0.99,0.00709724139168,0.0221186100943
