,ftype,K,d,c1,c2,c3,c4,e11,e12,e21,e22,e31,e32,e41,e42,a1,lb1,ub1,lb2,ub2,rms_err,max_err
0,MA,4,2,5.14148553737,0.0100214088565,0.0566910120518,4.83815880845,1.25600409148,1.69985077493,1.74784878339,-1.00616990422,116.376124451,-0.84420563773,4.47587397947,1.54332482037,1,0.0647735774818,0.242912728957,0.75,0.99,0.0470151363935,0.143611531655
