,ftype,K,d,c1,c2,c3,c4,c5,e11,e12,e21,e22,e31,e32,e41,e42,e51,e52,a1,lb1,ub1,lb2,ub2,rms_err,max_err
0,SMA,5,2,4.64646533976,148.788913677,3.95350822473,8.54132847114e-09,1.92370360112e-06,3.88758374274,13.3740747025,5.24014316601,60.8432829929,4.2901279351,3.5629327732,-4.43665953996,8.47560433536,-2.87572899536,44.9129814087,5.59995775856,0.0647735774818,0.261073157391,0.75,0.99,0.0110185166493,0.0319525762159
