,ftype,K,d,c1,c2,c3,c4,c5,e11,e12,e21,e22,e31,e32,e41,e42,e51,e52,a1,lb1,ub1,lb2,ub2,rms_err,max_err
0,MA,5,2,0.0185196800755,0.0340118450376,0.448896950786,0.114332269904,0.540231462044,-1.07456172535,1.27580322076,-0.887003084813,3.26453156289,0.451440108852,1.7739766007,-0.308321007802,1.66486197396,0.361619010034,6.44744216368,1,0.0647735774818,0.261073157391,0.75,0.99,0.0243916342807,0.0692454403133
