,ftype,K,d,c1,c2,c3,c4,c5,e11,e12,e21,e22,e31,e32,e41,e42,e51,e52,a1,lb1,ub1,lb2,ub2,rms_err,max_err
0,MA,5,2,0.56708709621,0.0112179630983,0.303417043229,0.175194564705,0.868010282305,0.60584673542,1.74600232007,-1.25684758902,1.65447876551,0.12368646384,4.70357490534,-0.0408854060299,1.64389734013,0.672207772115,6.4387934797,1,0.0647735774818,0.261073157391,0.75,0.99,0.0270649681525,0.0852465884692
