,ftype,K,d,c1,c2,c3,c4,e11,e12,e21,e22,e31,e32,e41,e42,a1,lb1,ub1,lb2,ub2,rms_err,max_err
0,MA,4,2,6.4240126587,0.0557324283084,0.0113863531072,7.18389091046,4.49195147685,1.67581885706,102.554857569,-0.77053727185,1.75855364285,-0.922255918305,1.23793868788,1.85620681591,1,0.0647735774818,0.226015552419,0.75,0.99,0.0493288726454,0.112903051812
