,ftype,K,d,c1,c2,c3,c4,c5,e11,e12,e21,e22,e31,e32,e41,e42,e51,e52,a1,lb1,ub1,lb2,ub2,rms_err,max_err
0,SMA,5,2,0.492132875871,0.0997040814038,0.307026127824,0.020131735008,7.96263400036,0.0522202016098,-0.0941594395597,0.16791720141,2.01755941468,-0.146413642402,0.0422379181753,0.169758539907,45.9383504995,4.65064579867,2.34627307325,0.0833608354663,0.0647735774818,0.261073157391,0.75,0.99,0.00725742979856,0.0207048868775
