,ftype,K,d,c1,c2,c3,c4,c5,e11,e12,e21,e22,e31,e32,e41,e42,e51,e52,a1,lb1,ub1,lb2,ub2,rms_err,max_err
0,SMA,5,2,0.0122069214056,1.93171606228e-10,0.00420554102429,1.74595764133,0.969735548468,0.559615969118,5.16627695681,-5.35851447118,20.012909973,0.366896341075,39.1972144917,4.99908928889,1.13400002143,-0.0069137906122,0.00558209139772,0.0131195194142,0.0647735774818,0.261073157391,0.75,0.99,0.00736567682524,0.0198369966286
