,ftype,K,d,c1,c2,c3,c4,c5,e11,e12,e21,e22,e31,e32,e41,e42,e51,e52,a1,lb1,ub1,lb2,ub2,rms_err,max_err
0,MA,5,2,0.0608847037605,18.1035320726,12.4923605472,0.076090817042,5.98196639313e-05,-0.189570734507,1.71263530591,2.24846120182,1.16019270124,1.94266070161,4.49699416951,-0.246922316513,7.13841751806,-2.78372848392,1.96597898607,1,0.0647735774818,0.19101923937,0.75,0.99,0.048504172538,0.150930568815
