,ftype,K,d,c1,c2,c3,c4,e11,e12,e21,e22,e31,e32,e41,e42,a1,lb1,ub1,lb2,ub2,rms_err,max_err
0,SMA,4,2,0.451160035269,6.21038043282e-05,0.555337678027,0.00392660032917,0.00780788872016,-0.198126694473,-1.98035803149,0.824133013719,0.016837801617,0.203564961325,0.0594948534253,33.9889167204,0.0150273969741,0.0647735774818,0.261073157391,0.75,0.99,0.0115970838655,0.0317319995342
