,ftype,K,d,c1,c2,c3,c4,c5,e11,e12,e21,e22,e31,e32,e41,e42,e51,e52,a1,lb1,ub1,lb2,ub2,rms_err,max_err
0,SMA,5,2,1.54179802112e-05,1.2270227248,0.0985943426912,0.0883170741213,2.76766931701e-06,36.1607935166,-2.5768004556,59.9674660434,2.69464847285,13.6786758641,1.32142612614,3.09077310384,1.52459799726,3.24807331683,-3.56992340162,2.74927012946,0.0647735774818,0.261073157391,0.75,0.99,0.0269521008965,0.0650094148557
