,ftype,K,d,c1,c2,c3,c4,c5,e11,e12,e21,e22,e31,e32,e41,e42,e51,e52,a1,lb1,ub1,lb2,ub2,rms_err,max_err
0,SMA,5,2,11.6784959481,0.0102153705841,0.763399825033,0.224895068497,0.0481561716773,5.01193961737,0.389747966666,-0.350398422128,17.1594159649,-0.00909172309732,0.136683264281,1.90474523932,31.7891657344,-0.330065511433,-0.0936634980882,0.0881383292402,0.0647735774818,0.261073157391,0.75,0.99,0.0101959473325,0.026449188102
