,ftype,K,d,c1,c2,c3,c4,c5,e11,e12,e21,e22,e31,e32,e41,e42,e51,e52,a1,lb1,ub1,lb2,ub2,rms_err,max_err
0,SMA,5,2,0.674699097232,0.000130432835729,0.0490679101911,2.80412846208,0.222883069044,-0.109433874838,-0.0490133183817,39.1644718605,-1.44079652045,34.1043291504,0.886832703879,1.35331093558,4.00350281144,0.857437577546,0.067298678947,0.065045684206,0.0647735774818,0.261073157391,0.75,0.99,0.00721189817909,0.0177537707269
