,ftype,K,d,c1,c2,c3,c4,c5,e11,e12,e21,e22,e31,e32,e41,e42,e51,e52,a1,lb1,ub1,lb2,ub2,rms_err,max_err
0,SMA,5,2,12.2985837032,0.474956319293,96.8184069571,0.0665083766301,5.38516650427e-08,4.24297221668,0.800400949366,-0.158466150033,0.301243423304,1.82623371549,605.236972394,0.0733139355028,14.6362348468,-4.73936159916,53.3343227211,0.279763245266,0.0647735774818,0.261073157391,0.75,0.99,0.0094700061277,0.0231819784563
