,ftype,K,d,c1,c2,c3,c4,c5,e11,e12,e21,e22,e31,e32,e41,e42,e51,e52,a1,lb1,ub1,lb2,ub2,rms_err,max_err
0,SMA,5,2,1.09079800181e-07,0.0747216525312,0.367343219564,16.3539459918,107.40549045,-4.56602559596,55.2587428046,0.0616593357876,13.9735502372,-0.215089205774,0.392382004801,4.35965859402,1.13251422396,1.48169192721,637.382719234,0.383165443414,0.0647735774818,0.261073157391,0.75,0.99,0.00925307971063,0.0228451476489
