,ftype,K,d,c1,c2,c3,c4,c5,e11,e12,e21,e22,e31,e32,e41,e42,e51,e52,a1,lb1,ub1,lb2,ub2,rms_err,max_err
0,MA,5,2,0.243865831404,0.508476081091,0.151370365865,0.0120338435745,0.801634156105,4.6546051114,0.00647092884757,1.75029974273,0.54195416316,1.61255790697,-0.120982448948,1.59975667853,-1.23731104355,6.46365359923,0.628225894431,1,0.0647735774818,0.261073157391,0.75,0.99,0.0263567998064,0.0866791615839
