,ftype,K,d,c1,c2,c3,c4,c5,e11,e12,e21,e22,e31,e32,e41,e42,e51,e52,a1,lb1,ub1,lb2,ub2,rms_err,max_err
0,SMA,5,2,0.00673246276268,0.176660940591,4.78651360939,0.760651508436,0.0135765719424,78.1685642137,0.00537088137975,-0.0394397100843,-0.15983861463,2.11540109246,4.70857363392,0.0586266856833,0.0336223831816,12.1716987838,0.306367656098,0.0456855321484,0.0647735774818,0.261073157391,0.75,0.99,0.00717964222271,0.0203507261337
