,ftype,K,d,c1,c2,c3,c4,c5,e11,e12,e21,e22,e31,e32,e41,e42,e51,e52,a1,lb1,ub1,lb2,ub2,rms_err,max_err
0,MA,5,2,1.53649315562,0.00787924312184,0.889286161287,1.49897631744,0.814096518212,1.12541587432,1.50174360911,-1.28718906365,1.88513301973,0.788541765004,1.96744109518,0.945429315562,5.17628052402,0.795224148265,1.41198031653,1,0.0647735774818,0.261073157391,0.75,0.99,0.0299567233862,0.0934140994783
