,ftype,K,d,c1,c2,c3,c4,c5,e11,e12,e21,e22,e31,e32,e41,e42,e51,e52,a1,lb1,ub1,lb2,ub2,rms_err,max_err
0,SMA,5,2,0.00420625726192,1.74625253053,0.0122089609894,0.969730423156,1.93212689769e-10,0.366896539215,39.1972217233,4.99908871433,1.13400419979,0.559615017496,5.16628168801,-0.00691497986402,0.0055830550919,-5.35850006255,20.0129784899,0.0131217770602,0.0647735774818,0.261073157391,0.75,0.99,0.00736567706891,0.0198369963687
