,ftype,K,d,c1,c2,c3,c4,c5,e11,e12,e21,e22,e31,e32,e41,e42,e51,e52,a1,lb1,ub1,lb2,ub2,rms_err,max_err
0,MA,5,2,0.650164993685,0.0102359815309,0.202720462876,0.353876579854,0.962861313843,1.72839707354,0.682900593442,1.67869369539,-1.28071065653,1.66940800822,0.0390819113117,4.78635336461,0.207388800004,6.33406105992,0.728932891311,1,0.0647735774818,0.261073157391,0.75,0.99,0.0272338120936,0.0863601971592
