,ftype,K,d,c1,c2,c3,c4,c5,e11,e12,e21,e22,e31,e32,e41,e42,e51,e52,a1,lb1,ub1,lb2,ub2,rms_err,max_err
0,SMA,5,2,0.203212902025,0.433097639684,0.0264197952357,0.000100749652085,0.404383892842,0.0642650122232,-0.668910253556,0.0771480134164,0.645895030968,0.143694121984,34.6803631688,-2.37149585525,1.00369896846,0.0757032140507,0.00841038841696,0.0901734733322,0.0647735774818,0.261073157391,0.75,0.99,0.0125636962102,0.0349765962945
