,ftype,K,d,c1,c2,c3,c4,c5,e11,e12,e21,e22,e31,e32,e41,e42,e51,e52,a1,lb1,ub1,lb2,ub2,rms_err,max_err
0,SMA,5,2,0.50565830517,0.355771207931,8.74123292024,0.0384429854683,0.0131386923464,-0.0236138004176,-0.0059606514653,0.122259798103,-0.0679858329524,1.29270340575,5.01931659533,8.18346897059,0.445793393993,49.1070176642,0.134000902719,0.0592363497091,0.0647735774818,0.261073157391,0.75,0.99,0.00847260902794,0.0206248662425
