,ftype,K,d,c1,c2,c3,c4,c5,e11,e12,e21,e22,e31,e32,e41,e42,e51,e52,a1,lb1,ub1,lb2,ub2,rms_err,max_err
0,SMA,5,2,0.0123587584772,7.57291179366,0.468278936186,0.0847791677378,0.438576339619,0.203960080685,34.2744100268,5.35874845105,0.292889875851,-0.0469799651517,-0.205440942227,1.61181887592,8.3387705103,0.00581107730893,0.376580547583,0.0490634620604,0.0647735774818,0.261073157391,0.75,0.99,0.00764077115862,0.0200054042735
