,ftype,K,d,c1,c2,c3,c4,e11,e12,e21,e22,e31,e32,e41,e42,a1,lb1,ub1,lb2,ub2,rms_err,max_err
0,MA,4,2,3.63981361003,0.00802018056198,0.0143540820126,3.54074047486,1.52917382181,1.30422607908,-1.11129765517,1.54327283736,-0.972276541143,4.83953130697,1.3893884467,4.49154958474,1,0.0647735774818,0.254873630576,0.75,0.99,0.0379304452524,0.102775016156
