,ftype,K,d,c1,c2,c3,c4,e11,e12,e21,e22,e31,e32,e41,e42,a1,lb1,ub1,lb2,ub2,rms_err,max_err
0,MA,4,2,0.295887953373,0.00892880397847,0.928527008948,0.957212927624,0.233427932165,1.77300896306,-1.30388012385,1.73921123468,0.876295397151,1.68424546265,0.700479802016,6.05033041967,1,0.0647735774818,0.261073157391,0.75,0.99,0.0310281524768,0.0871875437945
