,ftype,K,d,c1,c2,c3,c4,c5,e11,e12,e21,e22,e31,e32,e41,e42,e51,e52,a1,lb1,ub1,lb2,ub2,rms_err,max_err
0,SMA,5,2,0.713218618195,7.47650234672,0.0520824302705,0.140037601118,4.90831455645e-06,-0.0598061772294,-0.0558564399101,4.56175636192,1.65016894745,0.663877977397,33.8193808399,0.13561960708,1.6841357454,-2.59428589586,38.3795340401,0.0947772865333,0.0647735774818,0.261073157391,0.75,0.99,0.00731973203383,0.0184221453309
