,ftype,K,d,c1,c2,c3,c4,c5,e11,e12,e21,e22,e31,e32,e41,e42,e51,e52,a1,lb1,ub1,lb2,ub2,rms_err,max_err
0,SMA,5,2,6.08809359122e-09,0.98003529862,0.247933395104,0.00161121627238,0.103347196295,-4.17623800383,-1.50993501129,-0.00399528339498,0.0110555746013,3.4542668309,-0.330023945679,-0.165964234917,27.9041990279,2.88413187597,9.50152658864,0.0125061269841,0.0647735774818,0.261073157391,0.75,0.99,0.00694912645086,0.0180619657733
