,ftype,K,d,c1,c2,c3,c4,e11,e12,e21,e22,e31,e32,e41,e42,a1,lb1,ub1,lb2,ub2,rms_err,max_err
0,SMA,4,2,2.07606985683e+16,1.42943423318e-24,1.633776079e-20,3.38065691719e+20,29.383898992,81.1618871135,-7.27470959624,28.7347680735,-5.93563745523,120.069140851,36.1724769078,18.2560127042,16.0915319203,0.0647735774818,0.18648323533,0.75,0.99,0.0472727828542,0.119972291851
