,ftype,K,d,c1,c2,c3,c4,e11,e12,e21,e22,e31,e32,e41,e42,a1,lb1,ub1,lb2,ub2,rms_err,max_err
0,SMA,4,2,2.16999651948e-16,868759.047078,4.8815906579e-15,70268.0058877,-6.70118653903,23.1258842848,13.1122173183,73.0123863784,-6.82174631966,85.1323535483,13.5497787764,15.3354081189,13.4108727967,0.0647735774818,0.261073157391,0.75,0.99,0.0202414114535,0.0536200758669
