,ftype,K,d,c1,c2,c3,c4,c5,e11,e12,e21,e22,e31,e32,e41,e42,e51,e52,a1,lb1,ub1,lb2,ub2,rms_err,max_err
0,MA,5,2,2.01525088107,0.00558042775706,2.50289181328,0.18568228415,0.122473650863,0.929970917726,1.17292827582,-1.43934870619,1.64272291508,0.915346453975,4.76608335898,-0.124679734487,1.62373426423,-0.388227341362,5.21747109601,1,0.0647735774818,0.261073157391,0.75,0.99,0.0146610296843,0.0435155936867
