,ftype,K,d,c1,c2,c3,c4,e11,e12,e21,e22,e31,e32,e41,e42,a1,lb1,ub1,lb2,ub2,rms_err,max_err
0,SMA,4,2,94625838.7717,87246368.8145,6.44945153802e-18,1.15757693384e-19,18.3939634013,16.7712625334,16.5490568727,72.5275868084,-8.0092406221,97.8157894851,-7.95937478909,26.992315844,14.5684460903,0.0647735774818,0.261073157391,0.75,0.99,0.0330313281326,0.0856258942277
