,ftype,K,d,c1,c2,c3,c4,c5,e11,e12,e21,e22,e31,e32,e41,e42,e51,e52,a1,lb1,ub1,lb2,ub2,rms_err,max_err
0,MA,5,2,0.949534930163,2.74702256405,2.73581505494,0.00762132992017,0.0134237751925,0.965855917124,1.07068975131,1.2610210706,4.69093920349,1.38429061588,1.38382186856,-1.16859185036,1.54839174993,-1.02812145365,4.60760577768,1,0.0647735774818,0.261073157391,0.75,0.99,0.0295515702298,0.0954277031165
