,ftype,K,d,c1,c2,c3,c4,c5,e11,e12,e21,e22,e31,e32,e41,e42,e51,e52,a1,lb1,ub1,lb2,ub2,rms_err,max_err
0,SMA,5,2,0.00179228710627,0.940290736504,1.00340915126e-07,2.5906653357,0.00524051831038,-0.714263869446,9.89316982764,-0.00877299235498,0.0238022621259,-3.44477880662,-2.05641756883,4.4819000944,1.1385753485,0.116697888215,49.7209349388,0.023298770461,0.0647735774818,0.261073157391,0.75,0.99,0.0109383964167,0.035857929042
