,ftype,K,d,c1,c2,c3,c4,c5,e11,e12,e21,e22,e31,e32,e41,e42,e51,e52,a1,lb1,ub1,lb2,ub2,rms_err,max_err
0,SMA,5,2,0.0502007603953,0.933351898544,0.00235309920612,0.290508510251,6.32451776468e-07,-0.137602187145,0.657698655496,0.00689524622657,-0.028046806773,-0.00443036997935,37.6990424363,3.09270259934,2.0695492691,-2.83258532538,-1.72086813111,0.013659415599,0.0647735774818,0.261073157391,0.75,0.99,0.00704158427453,0.0220148308642
