,ftype,K,d,c1,c2,c3,c4,c5,e11,e12,e21,e22,e31,e32,e41,e42,e51,e52,a1,lb1,ub1,lb2,ub2,rms_err,max_err
0,MA,5,2,0.010235981531,0.739505378334,0.705498185814,0.197507802907,0.606185888548,-1.28071065652,1.67869369539,0.703469697393,2.43373578261,0.530089761829,6.41505848219,0.0160428992243,1.76276471298,0.684939048537,1.44089973472,1,0.0647735774818,0.261073157391,0.75,0.99,0.0305592380589,0.0863601971585
