,ftype,K,d,c1,c2,c3,c4,c5,e11,e12,e21,e22,e31,e32,e41,e42,e51,e52,a1,lb1,ub1,lb2,ub2,rms_err,max_err
0,SMA,5,2,1.01101827824,0.140450146838,4.31748414029e-05,0.172129178022,3.14042394272e-05,2.30266519304,61.4675144737,1.24569772758,14.2643145823,-2.2395655689,31.0014436263,1.58018386854,2.86958805038,-2.83146564631,2.78533440218,2.41567832002,0.0647735774818,0.261073157391,0.75,0.99,0.0248528627127,0.0564403054491
