,ftype,K,d,c1,c2,c3,c4,c5,e11,e12,e21,e22,e31,e32,e41,e42,e51,e52,a1,lb1,ub1,lb2,ub2,rms_err,max_err
0,MA,5,2,16.097642255,0.0320906536187,12.1376250082,2.46843771664,0.0184842442872,2.2275371412,1.1896234399,-0.573301432998,6.35512703854,1.96385659183,4.48708908734,1.48051549686,0.949847865816,-0.662519015224,1.59557476993,1,0.0647735774818,0.19101923937,0.75,0.99,0.0459765081017,0.12872315693
