,ftype,K,d,c1,c2,c3,c4,c5,e11,e12,e21,e22,e31,e32,e41,e42,e51,e52,a1,lb1,ub1,lb2,ub2,rms_err,max_err
0,SMA,5,2,3.53904867028,0.00570869229053,0.888940110511,6.14262405503e-09,0.360160270926,4.28741467695,0.797212935008,-0.420185612005,14.1184879075,-0.0208454983802,0.0525436031668,-4.64086074416,-0.153944880667,0.945551803543,326.490070613,0.0435170818795,0.0647735774818,0.261073157391,0.75,0.99,0.0104141980027,0.031759439694
