,ftype,K,d,c1,c2,c3,c4,c5,e11,e12,e21,e22,e31,e32,e41,e42,e51,e52,a1,lb1,ub1,lb2,ub2,rms_err,max_err
0,SMA,5,2,0.0465160076197,0.0370392709306,46.537970398,0.350340439394,0.143125784413,0.0107216632102,53.6769508583,-0.399387646005,0.270452438669,5.24456416604,1.93176815774,-0.186103631424,0.278864012774,0.403082021171,10.3178024496,0.398949316749,0.0647735774818,0.261073157391,0.75,0.99,0.00811072577256,0.0201786856705
