,ftype,K,d,c1,c2,c3,c4,c5,e11,e12,e21,e22,e31,e32,e41,e42,e51,e52,a1,lb1,ub1,lb2,ub2,rms_err,max_err
0,SMA,5,2,0.488113560533,0.191350206042,1.56716141538e-06,1.88299539588,5.6927048581e-07,2.25204769149,9.04035300834,2.76484906097,1.18358786169,-3.29234914322,28.3061503937,2.79295999558,50.6513953834,-3.80086252694,3.39438731957,3.14913549255,0.0647735774818,0.261073157391,0.75,0.99,0.0270222529543,0.070363492926
