,ftype,K,d,c1,c2,c3,c4,c5,e11,e12,e21,e22,e31,e32,e41,e42,e51,e52,a1,lb1,ub1,lb2,ub2,rms_err,max_err
0,SMA,5,2,3.46812357237e-07,0.545108418801,0.00127124564666,0.00383518115998,0.983136659443,-3.03079665149,-1.47177105665,3.93695282092,1.42457567124,0.447031327573,-4.64731221807,0.2087858138,32.4372410045,-0.00326927590781,0.02007912627,0.0129368682454,0.0647735774818,0.261073157391,0.75,0.99,0.00646133288835,0.0142507432269
