,ftype,K,d,c1,c2,c3,c4,c5,e11,e12,e21,e22,e31,e32,e41,e42,e51,e52,a1,lb1,ub1,lb2,ub2,rms_err,max_err
0,SMA,5,2,0.0501334642441,8.77470322919e-07,0.207918672303,47.1885467142,0.00754114888221,-0.707026884394,39.1164045214,-3.60590199082,-2.43275197411,-0.29937218909,1.65088261766,4.98527325599,2.28991686836,0.308203581669,-6.70592561392,0.621324023264,0.0647735774818,0.261073157391,0.75,0.99,0.0144957529853,0.0609432982855
