,ftype,K,d,c1,c2,c3,c4,c5,e11,e12,e21,e22,e31,e32,e41,e42,e51,e52,a1,lb1,ub1,lb2,ub2,rms_err,max_err
0,SMA,5,2,0.575512585193,0.000335770036973,1.85539081188e-12,0.00638936835008,0.992786114644,5.00498179928,0.624941755863,-0.228739891654,38.2344859262,-6.45322211404,-1.41066873568,1.41414799913,12.1224881118,-0.00186531067734,0.00341039141851,0.00453131926816,0.0647735774818,0.261073157391,0.75,0.99,0.00686046322197,0.0164731170159
