,ftype,K,d,c1,c2,c3,c4,c5,e11,e12,e21,e22,e31,e32,e41,e42,e51,e52,a1,lb1,ub1,lb2,ub2,rms_err,max_err
0,MA,5,2,2.74866536295,2.88446783361,0.00916112762054,0.0147951429967,0.130874045894,1.48055405192,1.39292521149,5.35046719247,1.27507584981,1.6258792703,-1.06307812374,6.58415420847,-1.00582627907,3.96419446822,-0.0225964251124,1,0.0647735774818,0.261073157391,0.75,0.99,0.0297263209253,0.100685798335
