,ftype,K,d,c1,c2,c3,c4,c5,e11,e12,e21,e22,e31,e32,e41,e42,e51,e52,a1,lb1,ub1,lb2,ub2,rms_err,max_err
0,SMA,5,2,0.0248957515456,8.02457152638,0.00205005111314,0.00557177613298,8.93540765574,-0.79137618664,1.96128016254,3.77328559009,29.422713946,-1.66943814175,16.6554920495,-1.10450619294,63.4617666378,4.27665938996,2.39229102284,1.4468743299,0.0647735774818,0.261073157391,0.75,0.99,0.0115546658798,0.035477924967
