,ftype,K,d,c1,c2,c3,c4,c5,e11,e12,e21,e22,e31,e32,e41,e42,e51,e52,a1,lb1,ub1,lb2,ub2,rms_err,max_err
0,SMA,5,2,0.729769034396,0.00169355257504,0.125800565701,0.07772867319,473.650122621,1.85733169155,56.2427348994,-1.65584240497,48.0488295389,0.104137789992,7.85330291964,-0.647896037942,0.529658355065,6.84775555397,4.74916531489,1.18827974587,0.0647735774818,0.261073157391,0.75,0.99,0.00801354079058,0.0213222903183
