,ftype,K,d,c1,c2,c3,c4,c5,e11,e12,e21,e22,e31,e32,e41,e42,e51,e52,a1,lb1,ub1,lb2,ub2,rms_err,max_err
0,SMA,5,2,0.103673161129,0.223921591171,101.572498478,0.000915427811695,0.377297594727,-0.952631640896,-0.212571144533,1.65231675151,-0.31644548007,2.84488913396,5.61486606024,23.8597510139,-1.67816793936,36.182062461,1.09493847416,0.468165766931,0.0647735774818,0.261073157391,0.75,0.99,0.0109035578052,0.0303981562933
