,ftype,K,d,c1,c2,c3,c4,e11,e12,e21,e22,e31,e32,e41,e42,a1,lb1,ub1,lb2,ub2,rms_err,max_err
0,SMA,4,2,4.09756980555e-29,1.90996686214e+16,8.66400923089e+19,3.03714328574e-25,33.0390561303,-9.96813720505,93.3928152246,31.0050756488,21.011143378,37.550592864,131.314142055,-8.98460505219,18.6279379771,0.0647735774818,0.195665576827,0.75,0.99,0.0478102917193,0.146374176001
