,ftype,K,d,c1,c2,c3,c4,c5,e11,e12,e21,e22,e31,e32,e41,e42,e51,e52,a1,lb1,ub1,lb2,ub2,rms_err,max_err
0,SMA,5,2,13.8576689407,0.056745754291,0.259806202765,5.18943667522e-06,0.619895087146,5.164316399,1.6983555965,0.870717285031,29.0540431725,0.0423821605508,0.708537320387,-2.67040128961,48.0912049757,-0.0608437087432,-0.117645629395,0.0855050070877,0.0647735774818,0.261073157391,0.75,0.99,0.00707849317666,0.0163821533651
