,ftype,K,d,c1,c2,c3,c4,e11,e12,e21,e22,e31,e32,e41,e42,a1,lb1,ub1,lb2,ub2,rms_err,max_err
0,SMA,4,2,0.5542523297,0.0173314176558,4.7812794018,0.355019336571,-0.030014617499,-0.215421982029,0.338230110062,36.9464420093,4.44885877699,4.9285419044,-0.018502340489,0.529090469125,0.0446129288835,0.0647735774818,0.261073157391,0.75,0.99,0.0109332136526,0.0327049756982
