,ftype,K,d,c1,c2,c3,c4,c5,e11,e12,e21,e22,e31,e32,e41,e42,e51,e52,a1,lb1,ub1,lb2,ub2,rms_err,max_err
0,SMA,5,2,0.973658098832,3.22934900347e-05,1.0276505345,0.00575983597244,1.00968643751e-08,-0.00637924125952,0.0210724528868,0.168432055792,-11.5992334361,4.13439189657,1.21564585254,0.249929619238,32.8874805387,-4.12876087407,-1.94052606109,0.0187737823313,0.0647735774818,0.261073157391,0.75,0.99,0.00659297936096,0.015702585121
