,ftype,K,d,c1,c2,c3,c4,c5,e11,e12,e21,e22,e31,e32,e41,e42,e51,e52,a1,lb1,ub1,lb2,ub2,rms_err,max_err
0,SMA,5,2,0.0617726368551,47.7190253037,1.85130668129e-05,0.0286353698061,0.844221017287,0.2708953043,2.96920185119,6.36226468809,2.05254935216,-2.22527574792,41.5004692478,0.754032122009,38.6365582632,-0.03903537031,-0.00299839030263,0.0713487770925,0.0647735774818,0.261073157391,0.75,0.99,0.00718535592901,0.0185157023963
