,ftype,K,d,c1,c2,c3,c4,c5,e11,e12,e21,e22,e31,e32,e41,e42,e51,e52,a1,lb1,ub1,lb2,ub2,rms_err,max_err
0,MA,5,2,0.826215087568,0.0383467657707,0.85864113022,0.0217318535216,0.197944041153,0.536150597776,6.27854723524,-0.816105467754,3.50030132606,0.76268741923,1.78509621989,-0.977495457426,1.2200901976,-0.0502961156,1.70262796399,1,0.0647735774818,0.261073157391,0.75,0.99,0.0226114143706,0.0537879493732
