,ftype,K,d,c1,c2,c3,c4,c5,e11,e12,e21,e22,e31,e32,e41,e42,e51,e52,a1,lb1,ub1,lb2,ub2,rms_err,max_err
0,SMA,5,2,2.09953452093e-06,1.41326575462,0.687203614894,31.1507063239,0.00255305081206,-3.82171880523,3.06414441158,1.43147075942,2.44398828154,-0.564391146759,489.553945896,3.65545179378,27.2166701325,-1.30936411256,16.8711225206,2.51442659151,0.0647735774818,0.261073157391,0.75,0.99,0.00909960815103,0.022499551892
