,ftype,K,d,c1,c2,c3,c4,c5,e11,e12,e21,e22,e31,e32,e41,e42,e51,e52,a1,lb1,ub1,lb2,ub2,rms_err,max_err
0,SMA,5,2,28.434868024,7.52077494683e-09,140.178546494,5.34306205941e-06,1.40218506281,9.07546905709,4.32863300872,9.15911232995,-4.83480863024,47.2520126318,4.93199525213,46.7583996412,-2.86356295908,-1.05796953694,4.40378123217,5.59022264891,0.0647735774818,0.261073157391,0.75,0.99,0.0125064576126,0.0360792563356
