,ftype,K,d,c1,c2,c3,c4,c5,e11,e12,e21,e22,e31,e32,e41,e42,e51,e52,a1,lb1,ub1,lb2,ub2,rms_err,max_err
0,MA,5,2,2.2736415998,7.63613379684,0.0761471875177,6.50485654505,0.0510459857604,1.88144267519,1.12871477972,0.992006707921,1.67832641762,5.68429398196,-0.410193644574,3.79412821726,1.48230997574,1.70638939092,-0.461975618713,1,0.0647735774818,0.226015552419,0.75,0.99,0.0491650598621,0.128676625627
