,ftype,K,d,c1,c2,c3,c4,c5,e11,e12,e21,e22,e31,e32,e41,e42,e51,e52,a1,lb1,ub1,lb2,ub2,rms_err,max_err
0,MA,5,2,6.05288110653,0.000449108255945,0.114267478213,0.0934038743438,7.08413538628,1.42285136726,3.86099258838,-2.25002224521,1.83546953803,-0.164199679752,1.64192881898,-0.359966947675,6.1183790383,1.6191896787,1.00362394359,1,0.0647735774818,0.231513137534,0.75,0.99,0.0448634201184,0.129701173921
