,ftype,K,d,c1,c2,c3,c4,c5,e11,e12,e21,e22,e31,e32,e41,e42,e51,e52,a1,lb1,ub1,lb2,ub2,rms_err,max_err
0,SMA,5,2,1.15129638241e-06,1.03144734397e-05,0.578834254826,0.323397028845,0.610007383058,-3.55204366719,22.9057656479,-2.92014146166,2.83413102033,2.91032708944,2.36335876454,1.78157119589,10.9088017707,1.98236961809,48.9957387541,2.94926710469,0.0647735774818,0.261073157391,0.75,0.99,0.0258017859987,0.0557393282828
