,ftype,K,d,c1,c2,c3,c4,c5,e11,e12,e21,e22,e31,e32,e41,e42,e51,e52,a1,lb1,ub1,lb2,ub2,rms_err,max_err
0,SMA,5,2,0.00422554708273,2.71957745229e-07,0.306144948183,42.4441754961,0.0603834277334,0.72916261807,-10.3099889909,-3.89367265841,-3.57988718566,-0.225653519158,1.11534066202,4.8708737919,2.2839319475,-0.59545755586,37.8841727354,0.464832293748,0.0647735774818,0.261073157391,0.75,0.99,0.0151044655821,0.0668107099122
