,ftype,K,d,c1,c2,c3,c4,c5,e11,e12,e21,e22,e31,e32,e41,e42,e51,e52,a1,lb1,ub1,lb2,ub2,rms_err,max_err
0,SMA,5,2,1.05620528331e-10,3.59476267266,0.00375229035092,0.02011961675,0.93169409745,-5.95856600418,-0.43501656978,4.51430945138,1.16841558033,-0.103798706826,58.119909559,0.627520680103,12.7641278666,-0.017753240876,0.0325879458598,0.0445479452315,0.0647735774818,0.261073157391,0.75,0.99,0.00679120584935,0.0170726821394
