,ftype,K,d,c1,c2,c3,c4,c5,e11,e12,e21,e22,e31,e32,e41,e42,e51,e52,a1,lb1,ub1,lb2,ub2,rms_err,max_err
0,MA,5,2,0.000445955979137,0.106203176655,0.0719442691223,6.82722272811,8.26486526546,-2.1837439414,1.63768935807,-0.14047061985,1.69575524567,-0.404526576646,5.62483169879,1.52802093553,3.9220431372,1.74089378136,0.995823224681,1,0.0647735774818,0.22064851472,0.75,0.99,0.0477565781568,0.122969876405
