,ftype,K,d,c1,c2,c3,c4,e11,e12,e21,e22,e31,e32,e41,e42,a1,lb1,ub1,lb2,ub2,rms_err,max_err
0,SMA,4,2,44008786330.5,5.98294739974e-11,5502497212.61,1.31762461631e-21,21.2580252849,15.0580703553,-8.3910794783,1852.74372225,18.3263371481,70.449688383,-9.71821201081,28.1199943515,14.9274078114,0.0647735774818,0.261073157391,0.75,0.99,0.0472988666337,0.117083379444
