,ftype,K,d,c1,c2,c3,c4,c5,e11,e12,e21,e22,e31,e32,e41,e42,e51,e52,a1,lb1,ub1,lb2,ub2,rms_err,max_err
0,MA,5,2,2.84042276083,3.15553040953,0.185802646816,0.122010646632,0.00557513613166,1.03492896838,1.20297773727,0.97601953415,4.22552930816,-0.161326648995,1.61001315129,-0.437431291183,5.49635368856,-1.48312923863,1.66902984036,1,0.0647735774818,0.261073157391,0.75,0.99,0.0160275699066,0.0496985047896
