,ftype,K,d,c1,c2,c3,c4,c5,e11,e12,e21,e22,e31,e32,e41,e42,e51,e52,a1,lb1,ub1,lb2,ub2,rms_err,max_err
0,SMA,5,2,4778122141.96,5.44722302431e-21,5.08176963257e-19,1050192598.81,3285078634.0,17.8792628437,223.432251245,-8.9684858726,29.570609562,-9.14137132945,107.427751644,20.3369076592,17.2857908368,19.24633124,45.838690071,17.9104360639,0.0647735774818,0.261073157391,0.75,0.99,0.0221485711183,0.0563788855912
