,ftype,K,d,c1,c2,c3,c4,c5,e11,e12,e21,e22,e31,e32,e41,e42,e51,e52,a1,lb1,ub1,lb2,ub2,rms_err,max_err
0,SMA,5,2,1.2146364093e-06,0.0201326932021,7.542366605,0.0156157444168,0.938399597143,-2.81313480155,40.9800910195,0.346776798018,3.50784216959,5.48217535714,1.65778972992,0.800426431853,35.9462536218,-0.015541610466,0.0065558779856,0.0307378033247,0.0647735774818,0.261073157391,0.75,0.99,0.00704689076474,0.0169590781238
