,ftype,K,d,c1,c2,c3,c4,c5,e11,e12,e21,e22,e31,e32,e41,e42,e51,e52,a1,lb1,ub1,lb2,ub2,rms_err,max_err
0,SMA,5,2,2.09953649479e-06,1.41326537024,31.1507132429,0.00255304927541,0.65426116142,-3.82171868632,3.06414147367,1.43146994248,2.443986746,3.65545216686,27.2166516776,-1.30936477408,16.8711168262,-0.564387273206,484.665159503,2.51442517238,0.0647735774818,0.261073157391,0.75,0.99,0.00909960815118,0.0224995548662
