,ftype,K,d,c1,c2,c3,c4,c5,e11,e12,e21,e22,e31,e32,e41,e42,e51,e52,a1,lb1,ub1,lb2,ub2,rms_err,max_err
0,SMA,5,2,0.432751731319,0.416752927226,0.00227196381613,0.0697652445096,10.4125371182,-0.0745489604492,0.457803969876,0.00214346411294,-0.28452106647,-0.867726701501,20.4604316858,1.17656625632,44.5815136421,4.80889438088,1.79456166553,0.0649727326687,0.0647735774818,0.261073157391,0.75,0.99,0.0117073523049,0.039746692504
