,ftype,K,d,c1,c2,c3,c4,c5,e11,e12,e21,e22,e31,e32,e41,e42,e51,e52,a1,lb1,ub1,lb2,ub2,rms_err,max_err
0,MA,5,2,0.21659222263,0.875722930043,0.376127014452,1.06710058246,0.0211978481924,0.0172881159355,1.62784730072,0.780787003304,1.76783624464,0.174936184215,4.88016692479,0.704351700456,6.40254842363,-1.00279175703,1.58171884676,1,0.0647735774818,0.261073157391,0.75,0.99,0.0269372808271,0.0911217885263
