,ftype,K,d,c1,c2,c3,c4,c5,e11,e12,e21,e22,e31,e32,e41,e42,e51,e52,a1,lb1,ub1,lb2,ub2,rms_err,max_err
0,SMA,5,2,0.452214007776,0.414160367292,0.0611522669991,9.27983508414,0.00201523849915,-0.250556163373,0.00178598868066,0.445967564057,-0.0698962800119,44.4585283694,1.16510608687,1.77902432914,4.80961124081,20.3723896243,-0.865551143531,0.0571368621612,0.0647735774818,0.261073157391,0.75,0.99,0.0117066289628,0.0397797746904
