,ftype,K,d,c1,c2,c3,c4,c5,e11,e12,e21,e22,e31,e32,e41,e42,e51,e52,a1,lb1,ub1,lb2,ub2,rms_err,max_err
0,SMA,5,2,0.27231851412,3.04699742799e-05,0.00315272408757,0.705697804455,1.04383406009,0.0121879037039,-0.25601926369,-1.56075605215,14.4012935729,0.107041963143,36.6956369825,-0.0115408309755,0.121102284089,4.52032879948,0.901644765866,0.00872014206053,0.0647735774818,0.261073157391,0.75,0.99,0.0117492627578,0.0397840337249
