,ftype,K,d,c1,c2,c3,c4,c5,e11,e12,e21,e22,e31,e32,e41,e42,e51,e52,a1,lb1,ub1,lb2,ub2,rms_err,max_err
0,SMA,5,2,0.0342054417345,0.745824520542,3.98438694888e-06,3.67907871085,0.167430485181,0.308153604295,30.4521986846,-0.0499302851144,0.281126615322,-2.93545507855,-1.57099333903,3.89241779384,3.15231847839,0.257645911355,-1.00911755925,0.0979172812521,0.0647735774818,0.261073157391,0.75,0.99,0.00655945834974,0.0153591631153
