,ftype,K,d,c1,c2,c3,c4,c5,e11,e12,e21,e22,e31,e32,e41,e42,e51,e52,a1,lb1,ub1,lb2,ub2,rms_err,max_err
0,SMA,5,2,0.865442501552,5.66504175124,0.0522526350361,0.0579789473876,8.74611411342e-06,0.120541487945,-0.0262474411322,3.71730276315,7.10121141444,-0.547185746269,2.0123255128,0.266420068039,34.9860686588,-2.96132708296,-1.93974328415,0.211749130819,0.0647735774818,0.261073157391,0.75,0.99,0.00720608834684,0.0183958496061
