,ftype,K,d,c1,c2,c3,c4,c5,e11,e12,e21,e22,e31,e32,e41,e42,e51,e52,a1,lb1,ub1,lb2,ub2,rms_err,max_err
0,SMA,5,2,3.68400229337e+12,3.04379857212e-26,1.05781732288e-23,2.58683684838e+19,8.08684692145e+12,21.1966658217,27.0253202133,36.5172719324,-10.9581196475,129.974055341,-11.0749263324,1765.53340219,23.374865469,54.1542239835,25.4110495709,22.1153755887,0.0647735774818,0.261073157391,0.75,0.99,0.0272337551855,0.0673787638655
