,ftype,K,d,c1,c2,c3,c4,c5,e11,e12,e21,e22,e31,e32,e41,e42,e51,e52,a1,lb1,ub1,lb2,ub2,rms_err,max_err
0,MA,5,2,3.33589397134,3.3145795718,0.0119545530083,0.0162043617571,0.00604160224062,1.34646635549,5.11892136373,1.48391086805,1.39540016813,-0.927203489549,1.69974836967,-0.950605840214,7.10113448237,-1.18044917071,1.70706143129,1,0.0647735774818,0.261073157391,0.75,0.99,0.0416727665256,0.122073494844
