,ftype,K,d,c1,c2,c3,c4,c5,e11,e12,e21,e22,e31,e32,e41,e42,e51,e52,a1,lb1,ub1,lb2,ub2,rms_err,max_err
0,SMA,5,2,240.911856658,0.0502402489227,6.65001268604e-06,0.161847401703,0.437862344893,6.23139701647,4.02386480519,-0.189520914325,9.69535116457,-3.4160766497,32.5115541054,-0.456063507601,0.6088130207,1.06347348328,45.6104992565,0.760410718776,0.0647735774818,0.261073157391,0.75,0.99,0.0101099695684,0.0254657547111
