,ftype,K,d,c1,c2,c3,c4,c5,e11,e12,e21,e22,e31,e32,e41,e42,e51,e52,a1,lb1,ub1,lb2,ub2,rms_err,max_err
0,SMA,5,2,0.77059060961,119.507010861,0.0833318660739,0.0320944525684,2.3614825007e-05,0.0202149620388,-0.0632289536746,2.68084389596,6.72536072217,3.93616159611,0.362013864985,37.737429689,0.514676311389,45.076952831,-2.33301891962,0.116494766745,0.0647735774818,0.261073157391,0.75,0.99,0.00739389119325,0.0197656261385
