,ftype,K,d,c1,c2,c3,c4,c5,e11,e12,e21,e22,e31,e32,e41,e42,e51,e52,a1,lb1,ub1,lb2,ub2,rms_err,max_err
0,SMA,5,2,48.0469369163,0.29998485148,0.277758183384,0.027997160614,0.324510863372,6.09534233127,1.88008115708,0.123792097366,-0.381566752515,-0.200616736907,-0.0430685631123,0.258298054697,39.6359099864,0.0816772507939,0.905327548495,0.111710805691,0.0647735774818,0.261073157391,0.75,0.99,0.00698129553975,0.0168927984869
