,ftype,K,d,c1,c2,c3,c4,c5,e11,e12,e21,e22,e31,e32,e41,e42,e51,e52,a1,lb1,ub1,lb2,ub2,rms_err,max_err
0,SMA,5,2,1.98294195639e-83,385037.023,7.79957688001e-68,2.35090947735e-13,19607.4056977,56.7201499637,-49.5552265822,248.981168564,35.2308176955,180.980110455,-38.6177810276,73.6693189596,19.4679695425,68.1718055674,41.2327747454,40.7571965115,0.0647735774818,0.261073157391,0.75,0.99,0.0239420436537,0.0535706219999
