,ftype,K,d,c1,c2,c3,c4,c5,e11,e12,e21,e22,e31,e32,e41,e42,e51,e52,a1,lb1,ub1,lb2,ub2,rms_err,max_err
0,MA,5,2,1.41661422382,2.45487674667,0.00800980160075,2.2076031482,0.0148643097494,1.10340337076,1.54518707696,1.19104925214,5.51921538858,-1.1497431495,1.55812571261,1.2822320969,1.54216849552,-1.02509015259,6.01452661162,1,0.0647735774818,0.261073157391,0.75,0.99,0.020425165635,0.0758977685701
