,ftype,K,d,c1,c2,c3,c4,c5,e11,e12,e21,e22,e31,e32,e41,e42,e51,e52,a1,lb1,ub1,lb2,ub2,rms_err,max_err
0,SMA,5,2,0.175167798751,465.74534098,0.224695756099,0.000850212361636,0.228666765216,0.251730736004,6.38433255934,6.83669572741,3.93392783769,1.05160721875,54.2529394055,-1.7560182422,49.6172445204,-0.370494571875,0.250972354902,0.684764473186,0.0647735774818,0.261073157391,0.75,0.99,0.00775815790326,0.0204794784859
