,ftype,K,d,c1,c2,c3,c4,c5,e11,e12,e21,e22,e31,e32,e41,e42,e51,e52,a1,lb1,ub1,lb2,ub2,rms_err,max_err
0,SMA,5,2,0.422641156809,812.041765945,0.0135098199972,0.820664038712,0.000101297432825,0.420325472854,-0.226349353925,2.14137788384,7.67324423678,42.6840609035,-0.616667611639,13.142567563,1.67390079457,-9.89445478174,-0.715981909026,0.413596207479,0.0647735774818,0.261073157391,0.75,0.99,0.00906711449844,0.0237057309821
