,ftype,K,d,c1,c2,c3,c4,c5,e11,e12,e21,e22,e31,e32,e41,e42,e51,e52,a1,lb1,ub1,lb2,ub2,rms_err,max_err
0,SMA,5,2,0.000212749856403,0.0721377554392,1.22852586664e-07,6.32975441086,57.3405012792,-1.90618145651,40.5838985941,3.06049990502,-6.02384519427,-4.38610607157,6.87598803311,2.90920701588,5.85409670103,4.13734191602,40.0709782071,4.17486251234,0.0647735774818,0.261073157391,0.75,0.99,0.0112740637854,0.0321143980116
