,ftype,K,d,c1,c2,c3,c4,c5,e11,e12,e21,e22,e31,e32,e41,e42,e51,e52,a1,lb1,ub1,lb2,ub2,rms_err,max_err
0,MA,5,2,1.21467831651,0.392914257309,1.12386286873,0.0244872208973,0.0112197290882,0.788469959844,6.26285711702,0.346418165091,1.81370937154,0.938383007745,1.70368836519,-0.93390800217,4.05878144362,-1.17016468645,1.36698355054,1,0.0647735774818,0.261073157391,0.75,0.99,0.0241252410398,0.0578328678213
