,ftype,K,d,c1,c2,c3,c4,c5,e11,e12,e21,e22,e31,e32,e41,e42,e51,e52,a1,lb1,ub1,lb2,ub2,rms_err,max_err
0,SMA,5,2,0.445386828479,0.075505445018,309.440454678,0.151225279318,1.03628996117e-05,49.8390506374,1.12689989017,9.95280668289,-0.0130650417602,4.21054329345,6.43846416131,0.596405271998,-0.47748145134,31.7489909564,-3.27922994504,0.800803209591,0.0647735774818,0.261073157391,0.75,0.99,0.00980795679734,0.0253519819271
