,ftype,K,d,c1,c2,c3,c4,e11,e12,e21,e22,e31,e32,e41,e42,a1,lb1,ub1,lb2,ub2,rms_err,max_err
0,SMA,4,2,8.45254370895e-33,1.49557083363e-36,2.53367958108e+19,1.37923079713e+23,-12.7505909329,169.390079171,-12.8475991242,41.1624348237,37.8686558392,116.822935512,45.1051827368,26.9707099975,22.7926886472,0.0647735774818,0.200424931444,0.75,0.99,0.0497725267511,0.156923944952
