,ftype,K,d,c1,c2,c3,c4,c5,e11,e12,e21,e22,e31,e32,e41,e42,e51,e52,a1,lb1,ub1,lb2,ub2,rms_err,max_err
0,SMA,5,2,0.558425453355,9.29392698622e-05,0.98409305641,2.48695787972e-08,0.00325711287016,4.02052766314,1.17900229227,0.347883517219,-9.02782973855,-0.00364979027833,0.014356857447,-3.72734911704,-1.9140213214,0.193062872501,32.8852712251,0.011648905995,0.0647735774818,0.261073157391,0.75,0.99,0.00652874622224,0.0150482493234
