,ftype,K,d,c1,c2,c3,c4,c5,e11,e12,e21,e22,e31,e32,e41,e42,e51,e52,a1,lb1,ub1,lb2,ub2,rms_err,max_err
0,SMA,5,2,0.127796516993,0.383763701026,0.0601622343491,206.947507628,1.41181969913e-05,0.238216922638,-0.449377070777,38.6943265864,0.882536386836,4.2333927719,-0.434300618448,3.82906217156,6.11574712427,32.1653252514,-3.1720347141,0.750137046466,0.0647735774818,0.261073157391,0.75,0.99,0.0103665820094,0.0272914772651
