,ftype,K,d,c1,c2,c3,c4,c5,e11,e12,e21,e22,e31,e32,e41,e42,e51,e52,a1,lb1,ub1,lb2,ub2,rms_err,max_err
0,SMA,5,2,0.720157620368,8.15407855034,0.0608776107436,6.82284577548e-05,0.185731477607,-0.0644573270936,-0.0460577229447,1.35575410142,4.94614653513,27.5784572646,1.08833068592,46.1092591017,-1.68959507405,0.726164085909,0.0673280494464,0.0668885805815,0.0647735774818,0.261073157391,0.75,0.99,0.00712744613835,0.0161305929183
