,ftype,K,d,c1,c2,c3,c4,e11,e12,e21,e22,e31,e32,e41,e42,a1,lb1,ub1,lb2,ub2,rms_err,max_err
0,SMA,4,2,0.0154074782576,905.856457447,0.96186876851,0.0358216352381,0.347218602661,-0.771527808206,5.09175753925,8.85973418581,0.0605416828469,0.0560978708723,22.8711618359,0.288331384647,0.0827374636963,0.0647735774818,0.261073157391,0.75,0.99,0.00784106118929,0.0216061357757
