,ftype,K,d,c1,c2,c3,c4,c5,e11,e12,e21,e22,e31,e32,e41,e42,e51,e52,a1,lb1,ub1,lb2,ub2,rms_err,max_err
0,SMA,5,2,0.799244211995,0.00507390423,0.975912782102,0.000716202129839,1.4877668488e-07,3.96689385486,1.18027124866,0.191821555808,33.299080615,-0.00517503418843,0.0259300824477,0.360744781347,-5.92376855607,-3.34880090732,-1.73313304913,0.0181911459251,0.0647735774818,0.261073157391,0.75,0.99,0.00647577323182,0.0140815751909
