,ftype,K,d,c1,c2,c3,c4,c5,e11,e12,e21,e22,e31,e32,e41,e42,e51,e52,a1,lb1,ub1,lb2,ub2,rms_err,max_err
0,SMA,5,2,0.228704097239,465.73394917,0.1751735485,0.224667413467,0.000850119870286,-0.370453236011,0.250940390505,6.83670335595,3.93381091712,0.251762672568,6.38420197594,1.05154818747,54.2530398956,-1.75602322939,49.6168745282,0.684687273261,0.0647735774818,0.261073157391,0.75,0.99,0.00775815794403,0.0204794647097
