,ftype,K,d,c1,c2,c3,c4,c5,e11,e12,e21,e22,e31,e32,e41,e42,e51,e52,a1,lb1,ub1,lb2,ub2,rms_err,max_err
0,SMA,5,2,29.4182181289,1.25298639968e-05,0.875097842856,0.0266588929572,0.0490586720656,6.13449059716,1.84315432332,-2.26906356816,41.059616052,-0.0311029177659,0.000143617067948,0.818259249405,40.6742739659,0.28784220756,2.97404966035,0.0576725904954,0.0647735774818,0.261073157391,0.75,0.99,0.00712925165948,0.0179660160546
