,ftype,K,d,c1,c2,c3,c4,c5,e11,e12,e21,e22,e31,e32,e41,e42,e51,e52,a1,lb1,ub1,lb2,ub2,rms_err,max_err
0,SMA,5,2,1114.37653006,8.88003548098e-11,1.65462324407e-08,538.27180122,139.265379837,6.76470408767,74.2633512229,-5.45338762813,12.9884420095,-4.26127756606,57.6823826993,6.79978203768,21.3140392724,6.82935786875,6.51030108609,7.93031905008,0.0647735774818,0.261073157391,0.75,0.99,0.0138817434559,0.0411355533751
