,ftype,K,d,c1,c2,c3,c4,c5,e11,e12,e21,e22,e31,e32,e41,e42,e51,e52,a1,lb1,ub1,lb2,ub2,rms_err,max_err
0,SMA,5,2,0.445387807137,0.0755047682028,0.151223316703,309.439953249,1.0363003545e-05,1.1268995301,49.8389235971,-0.013070266267,9.95278082867,-0.477484644562,0.59640826657,6.43846285666,4.21055281913,-3.27922798162,31.749047361,0.800808517497,0.0647735774818,0.261073157391,0.75,0.99,0.00980795679725,0.0253519835009
