,ftype,K,d,c1,c2,c3,c4,c5,e11,e12,e21,e22,e31,e32,e41,e42,e51,e52,a1,lb1,ub1,lb2,ub2,rms_err,max_err
0,SMA,5,2,0.981880175046,0.536553537797,0.00422846867118,0.00380355468128,6.82976200578e-07,-0.00325739928577,0.0225483569152,3.90851419048,2.07836011962,0.237878641342,30.7299015905,0.519817392578,-3.2078866702,-2.86814523073,-1.3340041341,0.0131580883083,0.0647735774818,0.261073157391,0.75,0.99,0.00649870724907,0.0148886571571
