,ftype,K,d,c1,c2,c3,c4,c5,e11,e12,e21,e22,e31,e32,e41,e42,e51,e52,a1,lb1,ub1,lb2,ub2,rms_err,max_err
0,SMA,5,2,0.138334466042,142.939314674,0.309946788667,7.60334133348e-05,0.0940354881409,-0.422646800561,2.39689940372,5.80684506079,3.52072408935,0.823796040399,37.7617401431,-2.55729669578,27.8276431817,-0.321181147899,-0.677849054563,0.62372040257,0.0647735774818,0.261073157391,0.75,0.99,0.0107108021878,0.0295906192994
