,ftype,K,d,c1,c2,c3,c4,c5,e11,e12,e21,e22,e31,e32,e41,e42,e51,e52,a1,lb1,ub1,lb2,ub2,rms_err,max_err
0,SMA,5,2,0.0112144718907,0.226811162164,66.2254017277,0.047543487768,0.0454739525607,-0.98762224012,1.86946429931,-0.142565480117,0.541405064651,5.33189364289,1.88847101402,-0.72956109118,139.52273427,-0.445087035961,14.2361050655,0.584974622675,0.0647735774818,0.261073157391,0.75,0.99,0.0120484546094,0.0428704623053
