,ftype,K,d,c1,c2,c3,c4,c5,e11,e12,e21,e22,e31,e32,e41,e42,e51,e52,a1,lb1,ub1,lb2,ub2,rms_err,max_err
0,MA,5,2,3.27716714659e-05,7.16328589439,0.10438921076,0.1304054355,8.94934006858,-3.16451878545,2.31677167184,1.57586328433,3.9601534039,-0.117619324475,1.69407937449,-0.142624909208,5.76790049021,1.80563501377,1.0095176716,1,0.0647735774818,0.215408924417,0.75,0.99,0.0489107529889,0.135376960967
