,ftype,K,d,c1,c2,c3,c4,c5,e11,e12,e21,e22,e31,e32,e41,e42,e51,e52,a1,lb1,ub1,lb2,ub2,rms_err,max_err
0,MA,5,2,0.0415956124659,1.00625430151,0.312054683985,0.014699826242,1.13461627611,-0.755944813822,6.87419809387,0.872417558163,1.72094068203,0.21212881684,1.82168736785,-1.09643876439,1.45570149275,0.744741117524,6.40289813089,1,0.0647735774818,0.261073157391,0.75,0.99,0.0251556808383,0.0571499254241
