,ftype,K,d,c1,c2,c3,c4,e11,e12,e21,e22,e31,e32,e41,e42,a1,lb1,ub1,lb2,ub2,rms_err,max_err
0,SMA,4,2,2097624.43301,5949.67482892,9.78292707071e-55,3.36115877964e-45,25.782532874,148.676621895,26.4684248026,41.5639717866,-31.6537133836,37.6375946185,-25.4139121112,134.801758159,25.3957424673,0.0647735774818,0.261073157391,0.75,0.99,0.0229928966198,0.0501199954011
