,ftype,K,d,c1,c2,c3,c4,c5,e11,e12,e21,e22,e31,e32,e41,e42,e51,e52,a1,lb1,ub1,lb2,ub2,rms_err,max_err
0,SMA,5,2,473.667274034,0.729681244753,0.0777419222226,0.125810712618,0.00169354894435,4.74905752881,6.84776785951,56.2430216842,1.85724411483,0.529615719222,-0.647852284373,7.85315523323,0.104170008861,48.0485292869,-1.65582927256,1.18819838549,0.0647735774818,0.261073157391,0.75,0.99,0.00801354079591,0.021322294599
