,ftype,K,d,c1,c2,c3,c4,c5,e11,e12,e21,e22,e31,e32,e41,e42,e51,e52,a1,lb1,ub1,lb2,ub2,rms_err,max_err
0,SMA,5,2,0.000612112064135,0.0646712853033,0.327559612466,0.51886765744,20.5975813769,-1.26584437094,17.9325272128,0.910713347494,33.6484499616,-0.0189397007376,-0.398526250807,-0.0544103483299,0.434989531423,5.37901834161,1.97999971868,0.0686311069864,0.0647735774818,0.261073157391,0.75,0.99,0.0110530755176,0.0331444995448
