,ftype,K,d,c1,c2,c3,c4,c5,e11,e12,e21,e22,e31,e32,e41,e42,e51,e52,a1,lb1,ub1,lb2,ub2,rms_err,max_err
0,MA,5,2,0.773493558294,0.0523012797846,0.0261069864103,0.899947327365,0.180217913349,0.460187785811,6.08817511911,-0.7283738603,3.38457281078,-0.941286796843,1.28933207656,0.750697528213,1.91099931841,-0.129557232586,1.71991546807,1,0.0647735774818,0.261073157391,0.75,0.99,0.0244028890622,0.0594646651219
