,ftype,K,d,c1,c2,c3,c4,c5,e11,e12,e21,e22,e31,e32,e41,e42,e51,e52,a1,lb1,ub1,lb2,ub2,rms_err,max_err
0,SMA,5,2,2.94972913664e-05,0.0659150379451,36.7589580832,0.857060099684,0.0109154546854,-3.05002760094,0.845931352702,-0.0544186152405,58.5663868956,4.0257057672,18.6910101193,0.671069729302,1.07835804294,-1.00159153096,9.0782468491,1.39944508475,0.0647735774818,0.261073157391,0.75,0.99,0.00801078689938,0.0195193677512
