,ftype,K,d,c1,c2,c3,c4,c5,e11,e12,e21,e22,e31,e32,e41,e42,e51,e52,a1,lb1,ub1,lb2,ub2,rms_err,max_err
0,MA,5,2,0.000249730770766,7.63505595675,0.0677070625856,0.0541341581242,10.1782666732,-2.30420723761,1.75797001855,1.6814235647,4.206281068,-0.210968861748,1.75413703901,-0.438798916388,6.78615285154,1.94810581528,1.11037568507,1,0.0647735774818,0.20530005224,0.75,0.99,0.0499589429483,0.159223673216
