,ftype,K,d,c1,c2,c3,c4,c5,e11,e12,e21,e22,e31,e32,e41,e42,e51,e52,a1,lb1,ub1,lb2,ub2,rms_err,max_err
0,SMA,5,2,0.135877431637,0.00444652385236,1.5054390173e-12,12.6573498497,0.882235214039,1.54664437251,12.3062933112,-0.307535892065,39.0457468954,-7.46013539159,-1.14914575033,5.30838313569,0.72756439943,-0.0327446592276,0.0556798847742,0.0769360962851,0.0647735774818,0.261073157391,0.75,0.99,0.00700581841928,0.0168569283865
