,ftype,K,d,c1,c2,c3,c4,c5,e11,e12,e21,e22,e31,e32,e41,e42,e51,e52,a1,lb1,ub1,lb2,ub2,rms_err,max_err
0,SMA,5,2,1.11742502177e-05,0.330041463914,0.604052749407,2.1250298606e-06,0.640339898337,-2.90161634431,2.80262181828,1.75409724145,11.5440701457,1.95476999644,51.7374645451,-3.34780648898,20.8447902616,2.89300288974,2.60669700334,2.94883260913,0.0647735774818,0.261073157391,0.75,0.99,0.0257911110213,0.0541746469725
