,ftype,K,d,c1,c2,c3,c4,e11,e12,e21,e22,e31,e32,e41,e42,a1,lb1,ub1,lb2,ub2,rms_err,max_err
0,SMA,4,2,6.31672634573e-20,30138171743.5,2.34769561807e-22,75560727015.6,-9.3658979117,105.833706396,19.5863637881,81.3295753787,-9.6609017165,28.4060417996,22.1640042038,18.9039509353,17.1660193916,0.0647735774818,0.261073157391,0.75,0.99,0.033835224374,0.0853155243579
