,ftype,K,d,c1,c2,c3,c4,e11,e12,e21,e22,e31,e32,e41,e42,a1,lb1,ub1,lb2,ub2,rms_err,max_err
0,SMA,4,2,1.29286816682e-29,5.59991084931e-33,3.47529318319e+17,8.02429925538e+20,-11.456533443,153.440880992,-11.5185378239,37.1173073497,34.215268337,105.758163998,40.7593267166,24.1576544823,20.5735977577,0.0647735774818,0.200424931444,0.75,0.99,0.0497976511319,0.156566832363
