,ftype,K,d,c1,c2,c3,c4,c5,e11,e12,e21,e22,e31,e32,e41,e42,e51,e52,a1,lb1,ub1,lb2,ub2,rms_err,max_err
0,SMA,5,2,0.854954553056,0.0302669469334,0.03288101629,5.1249645316e-06,4.49097440415,0.193870503733,-0.0280427942485,-3.03193752691,0.503759270541,31.1058156621,0.225274632564,-1.22105672204,-2.89373865843,2.3047690181,3.95248347861,0.111903525477,0.0647735774818,0.261073157391,0.75,0.99,0.00652279662271,0.0148088258825
