,ftype,K,d,c1,c2,c3,c4,c5,e11,e12,e21,e22,e31,e32,e41,e42,e51,e52,a1,lb1,ub1,lb2,ub2,rms_err,max_err
0,SMA,5,2,0.588232994133,9.44051030121e-07,4.35917820945e-08,3.58405591334,0.130913483075,2.71462597038,9.18933081556,-3.30329821395,29.9604665451,-4.49395679741,4.05866130244,3.43740215191,51.917484751,3.20110582885,0.692701969345,3.59758427632,0.0647735774818,0.261073157391,0.75,0.99,0.0277439700841,0.0746248405437
