,ftype,K,d,c1,c2,c3,c4,c5,e11,e12,e21,e22,e31,e32,e41,e42,e51,e52,a1,lb1,ub1,lb2,ub2,rms_err,max_err
0,SMA,5,2,6.51693826598e-06,0.0492401210846,29.8517340193,0.340778685501,0.529924490678,-2.64794353097,46.9070282568,0.810565608784,32.8022054937,5.74233092068,1.97475063334,0.032237736906,0.732607368236,-0.073569887285,-0.207023371319,0.0933618469072,0.0647735774818,0.261073157391,0.75,0.99,0.0071019953561,0.0174225942728
