,ftype,K,d,c1,c2,c3,c4,c5,e11,e12,e21,e22,e31,e32,e41,e42,e51,e52,a1,lb1,ub1,lb2,ub2,rms_err,max_err
0,SMA,5,2,0.336683688049,8.86685982607e-06,0.470074043579,7.99178550811e-07,0.66157005049,1.81793948561,10.1255527793,-2.97653741217,2.83534922247,2.81414854922,2.09468537949,-3.67560267862,24.4152037632,2.00730747366,48.1588779726,2.90967701251,0.0647735774818,0.261073157391,0.75,0.99,0.0258607965958,0.0580301428437
