,ftype,K,d,c1,c2,c3,c4,c5,e11,e12,e21,e22,e31,e32,e41,e42,e51,e52,a1,lb1,ub1,lb2,ub2,rms_err,max_err
0,SMA,5,2,0.00630188978092,3.597456129e-13,0.956897272082,0.0034126829066,1.97533926061,4.1293425412,-0.273251269608,0.574486779901,-7.62564982028,0.00547923133197,-0.00659439569861,42.2139729499,-0.21823248044,0.863082343169,4.60196279926,0.0147819272337,0.0647735774818,0.261073157391,0.75,0.99,0.0112224511912,0.0367574251295
