,ftype,K,d,c1,c2,c3,c4,c5,e11,e12,e21,e22,e31,e32,e41,e42,e51,e52,a1,lb1,ub1,lb2,ub2,rms_err,max_err
0,MA,5,2,0.0939746628516,0.000141421058297,0.0867959386208,9.68087396524,7.5053619566,-0.130948703807,1.70790129402,-2.5742132535,1.92859890726,-0.288996561671,6.44719768905,1.87022109663,1.03907076829,1.6236318492,4.0253051374,1,0.0647735774818,0.210293755105,0.75,0.99,0.0485177958262,0.146858154716
