,ftype,K,d,c1,c2,c3,c4,c5,e11,e12,e21,e22,e31,e32,e41,e42,e51,e52,a1,lb1,ub1,lb2,ub2,rms_err,max_err
0,SMA,5,2,0.0262081544581,0.0908987868838,2.3787013671e-05,16.1139484179,0.823517298224,-0.828535473179,4.18409259115,0.130797711136,41.912170518,-2.9726853319,-0.966197287924,3.78979976277,11.2143676123,0.319355654569,0.272586056153,0.653927456469,0.0647735774818,0.261073157391,0.75,0.99,0.00757947395054,0.0189660344163
