,ftype,K,d,c1,c2,c3,c4,e11,e12,e21,e22,e31,e32,e41,e42,a1,lb1,ub1,lb2,ub2,rms_err,max_err
0,MA,4,2,4.76538586858,4.6170864906,0.0649511757865,0.0894773926204,1.35852830512,1.08435773227,1.22645228586,3.95416510023,-0.471984914292,1.61488178722,-0.457595064193,5.74363807585,1,0.0647735774818,0.261073157391,0.75,0.99,0.0404220258484,0.101924109777
