,ftype,K,d,c1,c2,c3,c4,c5,e11,e12,e21,e22,e31,e32,e41,e42,e51,e52,a1,lb1,ub1,lb2,ub2,rms_err,max_err
0,SMA,5,2,0.143879681254,0.0679501886986,0.000136366977996,262.868920735,0.566454990023,0.398486705022,5.08377273954,0.592315940979,44.0731496221,-2.04303983617,46.325645271,6.81887571774,3.07614178084,-0.141532630874,0.0803817955508,0.262463665691,0.0647735774818,0.261073157391,0.75,0.99,0.00756454497277,0.0203599628403
