,ftype,K,d,c1,c2,c3,c4,e11,e12,e21,e22,e31,e32,e41,e42,a1,lb1,ub1,lb2,ub2,rms_err,max_err
0,MA,4,2,3.46904661418,3.47569680613,0.0115547633246,0.0164146663726,1.36636562321,5.14489741731,1.50840654833,1.39678026821,-0.941301797909,1.70059881125,-0.94567840406,7.10252650138,1,0.0647735774818,0.254873630576,0.75,0.99,0.0387653686685,0.107158504575
