,ftype,K,d,c1,c2,c3,c4,c5,e11,e12,e21,e22,e31,e32,e41,e42,e51,e52,a1,lb1,ub1,lb2,ub2,rms_err,max_err
0,SMA,5,2,0.320315204032,8.27355542458,0.026536088757,0.594081447823,0.00055897628939,0.00258462493897,-0.312822389082,5.06946061784,1.95707773355,0.770629894392,36.0686003885,-0.033839914365,0.253492930906,-1.11641368801,17.139632702,0.0361546018589,0.0647735774818,0.261073157391,0.75,0.99,0.0113337467331,0.0368903600468
