,ftype,K,d,c1,c2,c3,c4,c5,e11,e12,e21,e22,e31,e32,e41,e42,e51,e52,a1,lb1,ub1,lb2,ub2,rms_err,max_err
0,SMA,5,2,3.46777702415e-07,0.545053314666,0.983138357171,0.00383479677537,0.00127111742698,-3.03079631179,-1.47177256914,3.93695236857,1.42457297594,-0.00326894391991,0.0200770859241,0.208786029603,32.4372358986,0.447031550759,-4.64731499,0.0129355552035,0.0647735774818,0.261073157391,0.75,0.99,0.00646133271816,0.0142507438813
