,ftype,K,d,c1,c2,c3,c4,c5,e11,e12,e21,e22,e31,e32,e41,e42,e51,e52,a1,lb1,ub1,lb2,ub2,rms_err,max_err
0,SMA,5,2,0.0732172476673,0.941106657377,482.661894637,0.00277529407944,0.121337392512,-0.66628247048,0.603631270452,2.14545702924,42.9527759504,6.89403338332,4.71293822347,-1.46919756276,45.8372906145,0.139568047309,8.23714216475,1.20136815729,0.0647735774818,0.261073157391,0.75,0.99,0.00832392525655,0.0228412078771
