,ftype,K,d,c1,c2,c3,c4,c5,e11,e12,e21,e22,e31,e32,e41,e42,e51,e52,a1,lb1,ub1,lb2,ub2,rms_err,max_err
0,SMA,5,2,813.438570322,0.422504984717,0.821407481682,0.000102443837494,0.0135229637361,7.67473990181,2.14024352158,-0.226437759746,0.420601102382,1.67443799939,13.1374523933,-0.713949355149,-9.88028278093,-0.616409724085,42.6888132073,0.413744384508,0.0647735774818,0.261073157391,0.75,0.99,0.00906711433623,0.0237124398549
