,ftype,K,d,c1,c2,c3,c4,c5,e11,e12,e21,e22,e31,e32,e41,e42,e51,e52,a1,lb1,ub1,lb2,ub2,rms_err,max_err
0,SMA,5,2,0.00422708032298,0.306222113788,2.73614571704e-07,42.4921893273,0.0603827620477,-10.3089509123,0.729130666476,1.11522117795,-0.225585411399,-3.57739523086,-3.89183624076,2.28377550487,4.8718673147,37.8836358202,-0.595426602036,0.464760417067,0.0647735774818,0.261073157391,0.75,0.99,0.0151044654645,0.066812343688
