,ftype,K,d,c1,c2,c3,c4,c5,e11,e12,e21,e22,e31,e32,e41,e42,e51,e52,a1,lb1,ub1,lb2,ub2,rms_err,max_err
0,SMA,5,2,0.028088022788,0.000948209424452,0.85701896117,5.08857040245,2.16926135988e-07,33.3360564989,0.170542105248,-8.5491887358,0.328304737777,0.139501338832,-0.0351171507481,1.36084375503,4.03911536367,-1.80604529614,-3.74851590385,0.112104655346,0.0647735774818,0.261073157391,0.75,0.99,0.00653669784452,0.0152487347343
