,ftype,K,d,c1,c2,c3,c4,c5,e11,e12,e21,e22,e31,e32,e41,e42,e51,e52,a1,lb1,ub1,lb2,ub2,rms_err,max_err
0,SMA,5,2,0.551627665681,0.0195131489485,4.23379192433,1.23429554692e-09,0.354285843382,-0.205714459545,-0.0362093701922,38.2981737717,0.294981011295,1.22241094444,4.26299261661,-0.895144057374,-5.29120343248,0.587472523225,-0.00567836971719,0.0697873168628,0.0647735774818,0.261073157391,0.75,0.99,0.006697603515,0.0159903922679
