,ftype,K,d,c1,c2,c3,c4,e11,e12,e21,e22,e31,e32,e41,e42,a1,lb1,ub1,lb2,ub2,rms_err,max_err
0,SMA,4,2,4.52647145441,9.77171083456e-12,5.82421178992e-19,55.7180046105,8.47407151527,14.218225279,-8.29347513547,920.092305281,-10.8934382448,14.1856644733,8.42616334477,61.0209407939,8.84495117021,0.0647735774818,0.261073157391,0.75,0.99,0.0283176306762,0.062965362235
