,ftype,K,d,c1,c2,c3,c4,c5,e11,e12,e21,e22,e31,e32,e41,e42,e51,e52,a1,lb1,ub1,lb2,ub2,rms_err,max_err
0,SMA,5,2,1.01470329294e-07,7.61739723334,0.640216313275,0.204702375744,6.77946006179e-10,-3.7871850175,34.1589041702,4.37541889461,53.5133271432,3.44901496228,10.8770462113,4.0143470678,2.36508290045,-5.58339652031,5.29117680302,4.40020096618,0.0647735774818,0.261073157391,0.75,0.99,0.0283016497472,0.0759037370574
