,ftype,K,d,c1,c2,c3,c4,c5,e11,e12,e21,e22,e31,e32,e41,e42,e51,e52,a1,lb1,ub1,lb2,ub2,rms_err,max_err
0,SMA,5,2,5.6790225638e-07,0.178973814982,0.499211001986,1.59409877804e-06,1.87514045058,-3.80141828257,3.39038181216,2.77716998291,0.994867246035,2.26017871247,8.89314406759,-3.2861926457,28.1908593837,2.78891832161,50.4845369142,3.14905550831,0.0647735774818,0.261073157391,0.75,0.99,0.0270222503047,0.0703563567983
