,ftype,K,d,c1,c2,c3,c4,e11,e12,e21,e22,e31,e32,e41,e42,a1,lb1,ub1,lb2,ub2,rms_err,max_err
0,SMA,4,2,68171382167.1,27220899669.1,2.87654816627e-22,7.52311872327e-20,18.8223143895,22.0729741275,81.0654204293,19.5042169758,28.2866902998,-9.62209629667,105.470826581,-9.33052644349,17.0945068107,0.0647735774818,0.261073157391,0.75,0.99,0.0338352238838,0.0853252797445
