,ftype,K,d,c1,c2,c3,c4,c5,e11,e12,e21,e22,e31,e32,e41,e42,e51,e52,a1,lb1,ub1,lb2,ub2,rms_err,max_err
0,MA,5,2,0.123952987511,0.0976325320638,9.42607951569,7.32480934236,2.76551994925e-05,4.17881322242,-0.146928163249,1.54736628305,-0.129707499377,1.03016966458,1.82832525722,3.98995614243,1.58511995052,2.31676918898,-3.22654235775,1,0.0647735774818,0.210293755105,0.75,0.99,0.048182836533,0.141057055754
