,ftype,K,d,c1,c2,c3,c4,c5,e11,e12,e21,e22,e31,e32,e41,e42,e51,e52,a1,lb1,ub1,lb2,ub2,rms_err,max_err
0,SMA,5,2,0.35474323159,169.252827776,0.0736644884831,0.0739792360051,3.0477835454e-05,0.842585108252,39.7823958514,5.94321776609,4.01965891337,-0.545550267296,3.33896063613,-0.471104881301,-0.201778763219,-2.94830851863,33.4556121327,0.833916492408,0.0647735774818,0.261073157391,0.75,0.99,0.0105890411427,0.0292526858063
