,ftype,K,d,c1,c2,c3,c4,c5,e11,e12,e21,e22,e31,e32,e41,e42,e51,e52,a1,lb1,ub1,lb2,ub2,rms_err,max_err
0,SMA,5,2,26.2999645637,3.76907100891e-07,0.000659927280255,0.282379465259,2.23626863696,28.8965585053,3.47804440663,3.86840768761,-4.25069921709,17.9785176643,-1.64853909696,580.101703995,-1.18472548729,3.06505281757,1.93485822724,3.06013297566,0.0647735774818,0.261073157391,0.75,0.99,0.0100266042559,0.0248154667767
