,ftype,K,d,c1,c2,c3,c4,c5,e11,e12,e21,e22,e31,e32,e41,e42,e51,e52,a1,lb1,ub1,lb2,ub2,rms_err,max_err
0,SMA,5,2,42728.4498189,1.77459909809e-13,32333.3037902,1.51867744837e-11,7125.53029657,9.62451904635,97.062414476,-6.34242951902,17.9821071774,10.1513979815,28.9677574437,-5.77509289829,72.4779240151,10.3823222753,9.8569875452,10.910381661,0.0647735774818,0.261073157391,0.75,0.99,0.0156444641354,0.0459411052761
