,ftype,K,d,c1,c2,c3,c4,c5,e11,e12,e21,e22,e31,e32,e41,e42,e51,e52,a1,lb1,ub1,lb2,ub2,rms_err,max_err
0,SMA,5,2,0.631928052688,0.361576398899,1.19033823409e-05,4.24084347818e-06,0.573357970943,2.76108510724,2.75899614298,1.75155563876,11.667068829,-2.91383080111,2.77127276786,-3.12339978973,19.0478926156,1.86124025826,51.7956370276,2.8918928966,0.0647735774818,0.261073157391,0.75,0.99,0.0258685602115,0.0530769021509
