,ftype,K,d,c1,c2,c3,c4,c5,e11,e12,e21,e22,e31,e32,e41,e42,e51,e52,a1,lb1,ub1,lb2,ub2,rms_err,max_err
0,SMA,5,2,0.0351036450225,98.2786541352,0.0844882226302,2.10408109133e-05,0.763039571149,0.573560627942,37.6121670643,6.54869381426,2.3990000121,0.324019470715,3.73757391794,-2.36776406774,42.6467549943,-0.0650175170548,0.0155611313763,0.121219553841,0.0647735774818,0.261073157391,0.75,0.99,0.00726038138211,0.0189473397235
