,ftype,K,d,c1,c2,c3,c4,c5,e11,e12,e21,e22,e31,e32,e41,e42,e51,e52,a1,lb1,ub1,lb2,ub2,rms_err,max_err
0,SMA,5,2,0.408592627919,0.267300210861,302.041991288,0.00440814592704,0.403037160252,-0.0838774614239,-0.247623447357,1.67842667082,11.5663241336,7.69029061569,1.83956401384,-0.58923486879,41.5197236838,-0.021502009417,0.542750956481,0.106100483575,0.0647735774818,0.261073157391,0.75,0.99,0.00867025692874,0.0229295531988
