,ftype,K,d,c1,c2,c3,c4,e11,e12,e21,e22,e31,e32,e41,e42,a1,lb1,ub1,lb2,ub2,rms_err,max_err
0,SMA,4,2,1.11412607577e+24,8.9522799421e+20,3.85705085529e-41,3.93343693712e-44,32.7940190723,49.7800208786,136.414996712,42.7097536573,204.133465497,-17.7860197144,48.4971388178,-16.4446529269,26.4536782418,0.0647735774818,0.210293755105,0.75,0.99,0.0489678002936,0.135410257961
