,ftype,K,d,c1,c2,c3,c4,c5,e11,e12,e21,e22,e31,e32,e41,e42,e51,e52,a1,lb1,ub1,lb2,ub2,rms_err,max_err
0,SMA,5,2,0.844349944779,0.0286100797841,1.84942292006e-05,0.0617252714047,47.6788300211,-0.00299654272673,-0.0389999977072,38.6364960236,0.754013353319,41.5002740877,-2.22531632258,2.9691025422,0.270920977307,2.05246229678,6.36226910711,0.0712839169373,0.0647735774818,0.261073157391,0.75,0.99,0.00718535463157,0.0185156913157
