,ftype,K,d,c1,c2,c3,c4,c5,e11,e12,e21,e22,e31,e32,e41,e42,e51,e52,a1,lb1,ub1,lb2,ub2,rms_err,max_err
0,SMA,5,2,0.090898762841,2.37870615727e-05,16.1139742778,0.823517244454,0.0262081440533,0.130797371394,41.9121723621,-2.97268489834,-0.966195775654,3.78980044246,11.2143763607,0.319355943289,0.27258654907,-0.828535578883,4.18409475121,0.653928077506,0.0647735774818,0.261073157391,0.75,0.99,0.00757947395053,0.0189660305664
