,ftype,K,d,c1,c2,c3,c4,e11,e12,e21,e22,e31,e32,e41,e42,a1,lb1,ub1,lb2,ub2,rms_err,max_err
0,MA,4,2,11.0165089562,0.0443917114319,0.0675994159416,8.14811323658,1.93001723275,1.06412125859,-0.432982971227,1.74261617251,-0.384975014571,6.11373277066,1.6618527763,4.10416220984,1,0.0647735774818,0.200424931444,0.75,0.99,0.048876201014,0.157061246654
