,ftype,K,d,c1,c2,c3,c4,c5,e11,e12,e21,e22,e31,e32,e41,e42,e51,e52,a1,lb1,ub1,lb2,ub2,rms_err,max_err
0,MA,5,2,0.0247542981079,6.7150228863,0.0315603723635,4.97915815267,0.00103808354716,7.62656034658,-0.752908411712,1.52334020103,1.78212996449,1.79977796983,-0.49849295747,11.2090454202,1.48972765364,1.88236660393,-1.78063368188,1,0.0647735774818,0.215408924417,0.75,0.99,0.0455154854601,0.119888950609
