,ftype,K,d,c1,c2,c3,c4,c5,e11,e12,e21,e22,e31,e32,e41,e42,e51,e52,a1,lb1,ub1,lb2,ub2,rms_err,max_err
0,SMA,5,2,2.63023218186e-05,0.089663499735,0.0352090053256,0.750827484353,129.147712369,-2.32779577342,45.189985268,0.35314161413,3.91401889774,0.519101197118,37.6436912848,-0.0694508420216,0.0214711303426,6.72123174445,2.70248287574,0.12782313308,0.0647735774818,0.261073157391,0.75,0.99,0.0073939707045,0.0197630945815
