,ftype,K,d,c1,c2,c3,c4,c5,e11,e12,e21,e22,e31,e32,e41,e42,e51,e52,a1,lb1,ub1,lb2,ub2,rms_err,max_err
0,SMA,5,2,1.03511980992,0.00597731645681,1.26821396752,9.72489123987e-06,40.0337243515,1.05464462402,1.88806189147,-1.10357971789,14.7946373206,-0.211579730076,442.22674257,-3.39465065767,2.27860502653,3.91930045352,24.6818436604,2.05139272587,0.0647735774818,0.261073157391,0.75,0.99,0.00848573719743,0.0211161995745
