,ftype,K,d,c1,c2,c3,c4,e11,e12,e21,e22,e31,e32,e41,e42,a1,lb1,ub1,lb2,ub2,rms_err,max_err
0,SMA,4,2,6.09499737017e+11,2.05095349732e-24,3329.11892535,1.38698656616e+13,78.3691110053,21.9612360294,31.8588126285,-10.6004987128,5521.49455942,-8.92156631891,16.8031193985,25.6516165061,16.8966864714,0.0647735774818,0.248821319711,0.75,0.99,0.04893524717,0.136265627239
