,ftype,K,d,c1,c2,c3,c4,c5,e11,e12,e21,e22,e31,e32,e41,e42,e51,e52,a1,lb1,ub1,lb2,ub2,rms_err,max_err
0,SMA,5,2,0.914013431979,1.17896448549e-06,0.0540215383941,0.929693925663,0.0110637802651,3.75664415075,5.16378421602,-2.95879641015,-2.26622524274,-0.270190393807,0.854838793495,0.025609442045,-0.039292591125,0.339909021372,32.1893498561,0.0291620467717,0.0647735774818,0.261073157391,0.75,0.99,0.00690650941034,0.017240819746
