,ftype,K,d,c1,c2,c3,c4,c5,e11,e12,e21,e22,e31,e32,e41,e42,e51,e52,a1,lb1,ub1,lb2,ub2,rms_err,max_err
0,SMA,5,2,1.02765423441,0.973658004045,0.00575985652976,3.22936131336e-05,1.00969001541e-08,4.13439190208,1.21564596845,-0.00637926452607,0.0210725299094,0.249929602857,32.8874808909,0.168432047209,-11.5992327978,-4.12876090104,-1.94052599495,0.0187738507979,0.0647735774818,0.261073157391,0.75,0.99,0.00659297936542,0.0157025851484
