,ftype,K,d,c1,c2,c3,c4,c5,e11,e12,e21,e22,e31,e32,e41,e42,e51,e52,a1,lb1,ub1,lb2,ub2,rms_err,max_err
0,SMA,5,2,0.741404350652,4.07854587786e-06,0.0350568953935,0.169554132605,3.78004202702,-0.0510755829634,0.287924590029,-2.93643744061,-1.56671582484,0.307578869791,30.4644539303,0.259098686574,-1.01311550116,3.89337980776,3.16013649295,0.100649608168,0.0647735774818,0.261073157391,0.75,0.99,0.00656018900626,0.0153548365625
