,ftype,K,d,c1,c2,c3,c4,c5,e11,e12,e21,e22,e31,e32,e41,e42,e51,e52,a1,lb1,ub1,lb2,ub2,rms_err,max_err
0,SMA,5,2,0.0531894777493,0.0408383081598,1.2601307936e-08,0.102937691096,25.5929633203,-1.01657675347,-0.285564021595,49.9193714764,-0.77711912295,-0.701128067356,-5.13121158258,3.94190871061,-0.437715043359,1.93212142275,4.53455850652,0.747811324807,0.0647735774818,0.261073157391,0.75,0.99,0.0131494135846,0.0502518275749
