,ftype,K,d,c1,c2,c3,c4,c5,e11,e12,e21,e22,e31,e32,e41,e42,e51,e52,a1,lb1,ub1,lb2,ub2,rms_err,max_err
0,SMA,5,2,9.72487785351e-06,1.03511990156,1.26671266,40.033708847,0.00597731048722,-3.39465092845,2.27860707896,1.05464530754,1.8880634137,-0.211581786522,442.109406925,3.9192998498,24.6818615312,-1.1035798104,14.7946420563,2.05139409253,0.0647735774818,0.261073157391,0.75,0.99,0.00848573719742,0.0211161993224
