,ftype,K,d,c1,c2,c3,c4,c5,e11,e12,e21,e22,e31,e32,e41,e42,e51,e52,a1,lb1,ub1,lb2,ub2,rms_err,max_err
0,MA,5,2,2.07427458376,0.0502503538028,1.71500026919,1.76463855098,0.00814689293388,1.10175239468,5.5847909217,-0.972857538289,107.735785891,1.17392509038,1.41222534472,1.13456024972,2.01955291399,-1.19673463007,1.72284752488,1,0.0647735774818,0.261073157391,0.75,0.99,0.0202524959573,0.0509876546848
