,ftype,K,d,c1,c2,c3,c4,c5,e11,e12,e21,e22,e31,e32,e41,e42,e51,e52,a1,lb1,ub1,lb2,ub2,rms_err,max_err
0,SMA,5,2,0.0265330210379,0.319637901894,8.27265192925,0.594768340437,0.000558948125422,36.0685198278,0.77062619765,-0.313389964612,0.00262304865574,1.95707059342,5.06946218253,0.253139065706,-0.0338150097774,17.1393317009,-1.11639912852,0.0361503499868,0.0647735774818,0.261073157391,0.75,0.99,0.0113337449037,0.0368903624822
