,ftype,K,d,c1,c2,c3,c4,c5,e11,e12,e21,e22,e31,e32,e41,e42,e51,e52,a1,lb1,ub1,lb2,ub2,rms_err,max_err
0,SMA,5,2,0.825174415415,42.8817518834,0.0059448971738,0.161240265479,0.00487451803989,0.12974192064,-0.0314109866164,1.08585029133,5.89369484275,-0.521166609323,-0.710743628381,18.1102808574,1.42255394141,35.2773714926,-0.474399401795,0.135082937165,0.0647735774818,0.261073157391,0.75,0.99,0.0070322001465,0.0174665638608
