,ftype,K,d,c1,c2,c3,c4,c5,e11,e12,e21,e22,e31,e32,e41,e42,e51,e52,a1,lb1,ub1,lb2,ub2,rms_err,max_err
0,MA,5,2,0.0190006377159,4.19083919603,1.11192575408,4.33172860164,0.0149716706671,7.57570943328,-0.87193490662,4.88290189359,1.45614307374,4.06133438455,0.909048524629,1.31185582606,1.61159196295,1.7939394552,-0.815518007141,1,0.0647735774818,0.248821319711,0.75,0.99,0.0482664065594,0.145184082066
