,ftype,K,d,c1,c2,c3,c4,c5,e11,e12,e21,e22,e31,e32,e41,e42,e51,e52,a1,lb1,ub1,lb2,ub2,rms_err,max_err
0,SMA,5,2,3.66169472764e+12,8.03587980032e+12,3.07351000437e-26,6.47344110651e+22,1.06776418778e-23,27.0197560983,21.1919241167,25.405688001,54.1453894459,-10.9567545358,36.5098297605,23.369953941,2544.70186515,-11.0732239975,129.949763453,22.1108367164,0.0647735774818,0.261073157391,0.75,0.99,0.0272337552067,0.0673779955264
