,ftype,K,d,c1,c2,c3,c4,c5,e11,e12,e21,e22,e31,e32,e41,e42,e51,e52,a1,lb1,ub1,lb2,ub2,rms_err,max_err
0,SMA,5,2,234.159095029,0.0280772797476,0.000264597072211,0.0503191820882,0.328871329731,5.48583504517,6.2789645318,0.0756312340075,-0.818176369003,51.8498225298,-2.25511546913,4.18221974907,-0.529790515213,34.5787780479,0.896424413356,1.31490640693,0.0647735774818,0.261073157391,0.75,0.99,0.00943541042377,0.0245743286919
