,ftype,K,d,c1,c2,c3,c4,c5,e11,e12,e21,e22,e31,e32,e41,e42,e51,e52,a1,lb1,ub1,lb2,ub2,rms_err,max_err
0,SMA,5,2,0.35474215293,0.0739678755025,169.257848056,3.04828939825e-05,0.0736900533723,39.7818028409,0.842579557491,-0.202148876512,-0.471074159649,4.01955600796,5.943238889,33.4543466198,-2.94824205247,3.33822034171,-0.545508394299,0.833874185122,0.0647735774818,0.261073157391,0.75,0.99,0.0105890414736,0.0292527299632
