,ftype,K,d,c1,c2,c3,c4,c5,e11,e12,e21,e22,e31,e32,e41,e42,e51,e52,a1,lb1,ub1,lb2,ub2,rms_err,max_err
0,SMA,5,2,29.4147766059,0.875112225243,1.25281257355e-05,0.026655656837,0.0490533546615,6.13449095251,1.84314522273,-0.0310990683823,0.000143501593532,-2.26906896022,41.0595941256,0.818257111354,40.6742579556,0.287844810097,2.97403707902,0.0576654300006,0.0647735774818,0.261073157391,0.75,0.99,0.00712925146983,0.0179660150145
