,ftype,K,d,c1,c2,c3,c4,c5,e11,e12,e21,e22,e31,e32,e41,e42,e51,e52,a1,lb1,ub1,lb2,ub2,rms_err,max_err
0,SMA,5,2,1.17885603525e-06,0.9296987943,0.913925272798,0.0110627430632,0.0540182154384,-2.26622836292,-2.95879577265,-0.0392896054445,0.0256072473428,5.16377560862,3.75664232931,32.1893348137,0.339909044542,0.854826424672,-0.27018753923,0.0291592537108,0.0647735774818,0.261073157391,0.75,0.99,0.00690650916706,0.0172408165404
