,ftype,K,d,c1,c2,c3,c4,c5,e11,e12,e21,e22,e31,e32,e41,e42,e51,e52,a1,lb1,ub1,lb2,ub2,rms_err,max_err
0,SMA,5,2,0.36817607875,7.98013341394e-07,0.355474559385,6.03150664257e-06,0.823563903982,1.8727157215,9.49783522482,-3.66368085516,25.5414272102,2.69041455888,1.75861074711,-3.10879611141,2.86658367844,2.12877958813,48.3302391611,2.8820646856,0.0647735774818,0.261073157391,0.75,0.99,0.0260376879549,0.0611027736437
