,ftype,K,d,c1,c2,c3,c4,e11,e12,e21,e22,e31,e32,e41,e42,a1,lb1,ub1,lb2,ub2,rms_err,max_err
0,SMA,4,2,0.731758735981,0.285931241688,0.00116907847103,0.012629077184,-0.167244887019,0.0229502768782,0.789719155933,0.0897550400757,0.864235541728,-1.41848209638,34.9268429294,0.14770182939,0.0510835115016,0.0647735774818,0.261073157391,0.75,0.99,0.0112883932189,0.03616286615
