,ftype,K,d,c1,c2,c3,c4,c5,e11,e12,e21,e22,e31,e32,e41,e42,e51,e52,a1,lb1,ub1,lb2,ub2,rms_err,max_err
0,SMA,5,2,0.556646187069,0.245503768826,2.82352043256e-07,0.00285460346124,0.4381707286,-0.0300796904011,0.105406872997,3.80401161217,4.00740258648,-2.95800111461,-1.98940428186,0.348594222163,30.3522429282,0.0417874108131,-0.128877448388,0.00707800074937,0.0647735774818,0.261073157391,0.75,0.99,0.00669286156164,0.0160643243069
