,ftype,K,d,c1,c2,c3,c4,c5,e11,e12,e21,e22,e31,e32,e41,e42,e51,e52,a1,lb1,ub1,lb2,ub2,rms_err,max_err
0,SMA,5,2,387495.623735,1.806318233e-83,19665.4519052,7.22201924879e-68,2.31059838788e-13,35.2480033895,249.100913686,-49.5796196774,56.7481010381,41.2514841579,68.2055470046,-38.6372544103,181.06370531,19.4758208545,73.7055561387,40.7770174228,0.0647735774818,0.261073157391,0.75,0.99,0.0239420436672,0.0535713703606
