,ftype,K,d,c1,c2,c3,c4,c5,e11,e12,e21,e22,e31,e32,e41,e42,e51,e52,a1,lb1,ub1,lb2,ub2,rms_err,max_err
0,SMA,5,2,0.0111967312355,0.0475159888141,0.0454770262909,0.226869800362,66.2189778446,-0.987952912657,1.86983895887,-0.729485349686,139.45073302,-0.445043307886,14.2349979417,-0.142647864419,0.541470920088,5.33183641525,1.88791151819,0.584883650758,0.0647735774818,0.261073157391,0.75,0.99,0.0120484560576,0.0428707961278
