,ftype,K,d,c1,c2,c3,c4,c5,e11,e12,e21,e22,e31,e32,e41,e42,e51,e52,a1,lb1,ub1,lb2,ub2,rms_err,max_err
0,SMA,5,2,0.029805446133,235.64713551,0.326290391269,0.0501412071476,0.000252659760417,-0.81074439929,0.125091096576,6.28035191163,5.48337997531,0.89148825645,34.7862222802,-0.51616282386,4.30089152388,-2.27003930749,51.6836267441,1.30798758577,0.0647735774818,0.261073157391,0.75,0.99,0.0094346474542,0.0245759140489
