,ftype,K,d,c1,c2,c3,c4,c5,e11,e12,e21,e22,e31,e32,e41,e42,e51,e52,a1,lb1,ub1,lb2,ub2,rms_err,max_err
0,MA,5,2,0.201053287213,0.00378542096025,2.77806704491,2.41637580465,0.154550514654,-0.153862560646,1.57459436738,-1.66241239177,1.84160527102,0.905156115759,4.13651315425,0.942417115185,1.21635689553,-0.370197513669,5.69654713888,1,0.0647735774818,0.261073157391,0.75,0.99,0.0136483602162,0.0407313842783
