,ftype,K,d,c1,c2,c3,c4,c5,e11,e12,e21,e22,e31,e32,e41,e42,e51,e52,a1,lb1,ub1,lb2,ub2,rms_err,max_err
0,SMA,5,2,0.282136867608,0.283794760043,0.280832931446,15.5847488213,0.0263559761253,0.709207724541,0.0622015120528,0.214460521347,-0.112175560774,-0.429960914622,-0.0583573764286,3.14191273022,4.94535577695,33.7767424264,0.286561965749,0.112275977784,0.0647735774818,0.261073157391,0.75,0.99,0.00768659324599,0.019090850894
