,ftype,K,d,c1,c2,c3,c4,c5,e11,e12,e21,e22,e31,e32,e41,e42,e51,e52,a1,lb1,ub1,lb2,ub2,rms_err,max_err
0,SMA,5,2,0.00507377190019,0.000716183116259,0.975913414685,1.48772812832e-07,0.79922314342,33.2990785708,0.191821648674,-5.9237700349,0.360744881466,0.0259293919628,-0.00517489660666,-1.73313357162,-3.34880078599,1.18027032484,3.96689373292,0.0181906624921,0.0647735774818,0.261073157391,0.75,0.99,0.00647577320531,0.0140815757277
