,ftype,K,d,c1,c2,c3,c4,c5,e11,e12,e21,e22,e31,e32,e41,e42,e51,e52,a1,lb1,ub1,lb2,ub2,rms_err,max_err
0,SMA,5,2,0.0916929595288,0.0342162509419,25.7382458343,0.0289566713602,2.88465979397e-10,-0.51171573629,3.54593673769,-0.833348126188,51.5838694743,4.51887439858,2.35491390957,-0.276396197622,-1.79395606517,-6.41529283111,-0.122557224284,0.836700101864,0.0647735774818,0.261073157391,0.75,0.99,0.013164266841,0.0510298516375
