,ftype,K,d,c1,c2,c3,c4,c5,e11,e12,e21,e22,e31,e32,e41,e42,e51,e52,a1,lb1,ub1,lb2,ub2,rms_err,max_err
0,MA,5,2,0.000208141810772,0.0614187667281,11.1704256357,0.0788945093593,8.13265827791,1.69048669498,-2.38788719981,6.41931532626,-0.403268965079,1.08952123671,1.96480072535,1.74176729909,-0.174437265103,4.21691114813,1.68605619845,1,0.0647735774818,0.200424931444,0.75,0.99,0.0476094596913,0.162313794466
