,ftype,K,d,c1,c2,c3,c4,c5,e11,e12,e21,e22,e31,e32,e41,e42,e51,e52,a1,lb1,ub1,lb2,ub2,rms_err,max_err
0,SMA,5,2,0.143812188088,262.689714656,0.5667600553,0.0678870723308,0.000136179967788,0.398598094503,5.08343791352,6.81889822158,3.07574923791,-0.141398207649,0.0803022198577,0.592178742923,44.0733355909,-2.04318981663,46.3245758132,0.262213470492,0.0647735774818,0.261073157391,0.75,0.99,0.00756454545707,0.0203599016702
