,ftype,K,d,c1,c2,c3,c4,c5,e11,e12,e21,e22,e31,e32,e41,e42,e51,e52,a1,lb1,ub1,lb2,ub2,rms_err,max_err
0,MA,5,2,0.00329092417679,0.171542736681,3.54341038523,0.114728142528,3.32469259489,-1.65010188318,1.63693402862,-0.167934119485,1.62820726939,1.04493523966,4.21906644801,-0.438248740467,5.57921476264,1.12681355404,1.18662241846,1,0.0647735774818,0.261073157391,0.75,0.99,0.020049000096,0.0612668312647
