,ftype,K,d,c1,c2,c3,c4,c5,e11,e12,e21,e22,e31,e32,e41,e42,e51,e52,a1,lb1,ub1,lb2,ub2,rms_err,max_err
0,SMA,5,2,0.00341346210093,1.97579523538,0.00630332482382,0.956887305472,3.59830747097e-13,-0.218234609495,42.2139795555,4.60196281872,0.863091803168,-0.27325306406,4.12934416677,-0.00659595040055,0.00548049879197,-7.62564923916,0.574503887598,0.014785419126,0.0647735774818,0.261073157391,0.75,0.99,0.0112224522568,0.0367574440378
