,ftype,K,d,c1,c2,c3,c4,c5,e11,e12,e21,e22,e31,e32,e41,e42,e51,e52,a1,lb1,ub1,lb2,ub2,rms_err,max_err
0,SMA,5,2,8.74525641634e-06,0.0522521778491,0.865452853471,0.0579727516758,5.66427493475,-2.96132373946,-1.93977898818,-0.547170453567,2.0122311957,0.120529141847,-0.0262526690055,0.266419804926,34.9858999568,3.71728427227,7.10111262182,0.211722467526,0.0647735774818,0.261073157391,0.75,0.99,0.00720608840591,0.0183959115603
